[dotenv@17.2.2] injecting env (8) from .env -- tip: 🛠️  run anywhere with `dotenvx run -- yourcommand`
[dotenv@17.2.2] injecting env (0) from .env -- tip: ⚙️  suppress all logs with { quiet: true }
Archived: 01.json -> 2025-10-18-23/
Archived: 02.json -> 2025-10-18-23/
Archived: 00.json -> 2025-10-18-23/
Archived: 04.json -> 2025-10-18-23/
Archived: 05.json -> 2025-10-18-23/
Archived: 07.json -> 2025-10-18-23/
Archived: 03.json -> 2025-10-18-23/
Archived: 08.json -> 2025-10-18-23/
Archived: 10.json -> 2025-10-18-23/
Archived: 06.json -> 2025-10-18-23/
Archived: 09.json -> 2025-10-18-23/
Archived: 11.json -> 2025-10-18-23/
Archived: 12.json -> 2025-10-18-23/
Archived: 15.json -> 2025-10-18-23/
Archived: 14.json -> 2025-10-18-23/
Archived: 13.json -> 2025-10-18-23/
Archived: 16.json -> 2025-10-18-23/
Archived: 17.json -> 2025-10-18-23/
Archived: 19.json -> 2025-10-18-23/
Archived: 18.json -> 2025-10-18-23/
Archived: 20.json -> 2025-10-18-23/
Archived: 21.json -> 2025-10-18-23/
Archived: 23.json -> 2025-10-18-23/
Archived: 22.json -> 2025-10-18-23/
Successfully archived 24 files to 2025-10-18-23
[00:02:01.806] INFO (449921): 🚀 Starting hourly data collection workflow...

[00:02:01.808] INFO (449921): ============================================================
[00:02:01.810] INFO (449921): 
📥 Downloading JSON files from Windborne...

[00:02:02.000] INFO (449921): ✓ 00.json
[00:02:02.024] INFO (449921): ✓ 01.json
[00:02:02.042] INFO (449921): ✓ 02.json
[00:02:02.059] INFO (449921): ✓ 03.json
[00:02:02.075] INFO (449921): ✓ 04.json
[00:02:02.089] INFO (449921): ✓ 05.json
[00:02:02.102] INFO (449921): ✓ 06.json
[00:02:02.115] INFO (449921): ✓ 07.json
[00:02:02.128] INFO (449921): ✓ 08.json
[00:02:02.139] INFO (449921): ✓ 09.json
[00:02:02.157] INFO (449921): ✓ 10.json
[00:02:02.171] INFO (449921): ✓ 11.json
[00:02:02.183] INFO (449921): ✓ 12.json
[00:02:02.201] INFO (449921): ✓ 13.json
[00:02:02.214] INFO (449921): ✓ 14.json
[00:02:02.225] INFO (449921): ✓ 15.json
[00:02:02.237] INFO (449921): ✓ 16.json
[00:02:02.249] INFO (449921): ✓ 17.json
[00:02:02.261] INFO (449921): ✓ 18.json
[00:02:02.272] INFO (449921): ✓ 19.json
[00:02:02.286] INFO (449921): ✓ 20.json
[00:02:02.297] INFO (449921): ✓ 21.json
[00:02:02.309] INFO (449921): ✓ 22.json

🎈 Starting balloon data processing...

============================================================

📂 Step 1: Reading data files...
   ✓ 00.json: 1000 balloons
   ✓ 23.json: 1000 balloons

📍 Step 2: Extracting unique coordinates...
[00:02:02.321] INFO (449921): ✓ 23.json
[00:02:02.321] INFO (449921): 
============================================================
[00:02:02.321] INFO (449921): 
✅ All files downloaded successfully!

[00:02:02.321] INFO (449921): ============================================================
[00:02:02.321] INFO (449921): 
🎈 Processing balloon trajectory data...

   ✓ Found 2000 unique coordinates

🌍 Step 3: Geocoding coordinates...

📍 Starting batch geocoding of 2000 coordinates...
[CACHE MISS] -52.37, 42.12 - calling API...
[SAVED] -52.37, 42.12 → ocean: Indian Ocean
[CACHE MISS] -47.4, 164.87 - calling API...
[SAVED] -47.4, 164.87 → ocean: Tasman Sea
[CACHE MISS] 57.2, -14.42 - calling API...
[SAVED] 57.2, -14.42 → ocean: North Atlantic Ocean
[CACHE MISS] -29.34, 24.14 - calling API...
[SAVED] -29.34, 24.14 → country: South Africa
[CACHE MISS] 2.11, -59.98 - calling API...
[SAVED] 2.11, -59.98 → country: Brasil
[CACHE MISS] -53.93, -105.87 - calling API...
[SAVED] -53.93, -105.87 → ocean: South Pacific Ocean
[CACHE MISS] 51.79, -21.11 - calling API...
[SAVED] 51.79, -21.11 → ocean: North Atlantic Ocean
[CACHE MISS] -55.19, -151.15 - calling API...
[SAVED] -55.19, -151.15 → unknown: unknown
[CACHE MISS] 11.72, 42.3 - calling API...
[SAVED] 11.72, 42.3 → country: Djibouti جيبوتي
[CACHE MISS] 33.36, 126.75 - calling API...
[SAVED] 33.36, 126.75 → country: 대한민국
[CACHE MISS] 37.63, -93.22 - calling API...
[SAVED] 37.63, -93.22 → country: United States
[CACHE MISS] 51.48, 137.99 - calling API...
[SAVED] 51.48, 137.99 → country: Россия
[CACHE MISS] -62.69, -160.33 - calling API...
[SAVED] -62.69, -160.33 → ocean: South Pacific Ocean
[CACHE MISS] 3.56, 121.65 - calling API...
[SAVED] 3.56, 121.65 → ocean: Celebes Sea
[CACHE MISS] -0.12, 41.77 - calling API...
[SAVED] -0.12, 41.77 → country: Soomaaliya الصومال
[CACHE MISS] 37.24, -73.08 - calling API...
[SAVED] 37.24, -73.08 → ocean: North Atlantic Ocean
[CACHE MISS] 72.21, 137.71 - calling API...
[SAVED] 72.21, 137.71 → ocean: Laptev Sea
[CACHE MISS] -44.52, -4.27 - calling API...
[SAVED] -44.52, -4.27 → ocean: South Atlantic Ocean
[CACHE MISS] 11.04, 103.29 - calling API...
[SAVED] 11.04, 103.29 → country: ព្រះរាជាណាចក្រ​កម្ពុជា
[CACHE MISS] -10.11, -159.46 - calling API...
[SAVED] -10.11, -159.46 → ocean: South Pacific Ocean
[CACHE MISS] -75.62, -0.18 - calling API...
[SAVED] -75.62, -0.18 → unknown: unknown
[CACHE MISS] 13.22, -130.87 - calling API...
[SAVED] 13.22, -130.87 → ocean: North Pacific Ocean
[CACHE MISS] -38.6, -33.47 - calling API...
[SAVED] -38.6, -33.47 → ocean: South Atlantic Ocean
[CACHE MISS] -73.83, -59.4 - calling API...
[SAVED] -73.83, -59.4 → ocean: South Atlantic Ocean
[CACHE MISS] 29.23, -112.87 - calling API...
[SAVED] 29.23, -112.87 → country: México
[CACHE MISS] -77.49, -28.74 - calling API...
[SAVED] -77.49, -28.74 → unknown: unknown
[CACHE MISS] 61.79, -148 - calling API...
[SAVED] 61.79, -148 → country: United States
[CACHE MISS] 82.77, -106.04 - calling API...
[SAVED] 82.77, -106.04 → unknown: unknown
[CACHE MISS] 14.24, 139.13 - calling API...
[SAVED] 14.24, 139.13 → unknown: unknown
[CACHE MISS] 57.48, -65.88 - calling API...
[SAVED] 57.48, -65.88 → country: Canada
[CACHE MISS] 48.17, 178.45 - calling API...
[SAVED] 48.17, 178.45 → unknown: unknown
[CACHE MISS] -26.42, 148.12 - calling API...
[SAVED] -26.42, 148.12 → country: Australia
[CACHE MISS] 34.54, -129.32 - calling API...
[SAVED] 34.54, -129.32 → ocean: North Pacific Ocean
[CACHE MISS] 3.67, -93.54 - calling API...
[SAVED] 3.67, -93.54 → ocean: North Pacific Ocean
[CACHE MISS] 9.84, 27.89 - calling API...
[SAVED] 9.84, 27.89 → country: South Sudan جنوب السودان
[CACHE MISS] 39.76, 125.79 - calling API...
[SAVED] 39.76, 125.79 → country: 조선민주주의인민공화국
[CACHE MISS] 14.17, -8.02 - calling API...
[SAVED] 14.17, -8.02 → country: Mali
[CACHE MISS] -21.09, -147.54 - calling API...
[SAVED] -21.09, -147.54 → unknown: unknown
[CACHE MISS] 69.14, 82.03 - calling API...
[SAVED] 69.14, 82.03 → country: Россия
[CACHE MISS] -33.75, -53.82 - calling API...
[SAVED] -33.75, -53.82 → country: Uruguay
[CACHE MISS] 15.57, 115.43 - calling API...
[SAVED] 15.57, 115.43 → unknown: unknown
[CACHE MISS] -74.64, -37.96 - calling API...
[SAVED] -74.64, -37.96 → unknown: unknown
[CACHE MISS] -82.66, -111.47 - calling API...
[SAVED] -82.66, -111.47 → unknown: unknown
[CACHE MISS] 81.86, 84.8 - calling API...
[SAVED] 81.86, 84.8 → unknown: unknown
[CACHE MISS] 14.54, 3.75 - calling API...
[SAVED] 14.54, 3.75 → country: Niger
[CACHE MISS] -75.36, 64.13 - calling API...
[SAVED] -75.36, 64.13 → unknown: unknown
[CACHE MISS] 31.92, -78.37 - calling API...
[SAVED] 31.92, -78.37 → unknown: unknown
[CACHE MISS] 77.37, -42.36 - calling API...
[SAVED] 77.37, -42.36 → country: Kalaallit Nunaat
[CACHE MISS] 1.7, 170.73 - calling API...
[SAVED] 1.7, 170.73 → unknown: unknown
[CACHE MISS] 20.18, -71.52 - calling API...
[SAVED] 20.18, -71.52 → country: República Dominicana
[CACHE MISS] -10.94, 79.6 - calling API...
[SAVED] -10.94, 79.6 → unknown: unknown
[CACHE MISS] -5.81, -6.88 - calling API...
[SAVED] -5.81, -6.88 → unknown: unknown
[CACHE MISS] 17.41, -5.18 - calling API...
[SAVED] 17.41, -5.18 → country: Mali
[CACHE MISS] -62.31, -73.75 - calling API...
[SAVED] -62.31, -73.75 → unknown: unknown
[CACHE MISS] -44.12, -163.7 - calling API...
[SAVED] -44.12, -163.7 → unknown: unknown
[CACHE MISS] -13.62, -173.55 - calling API...
[SAVED] -13.62, -173.55 → unknown: unknown
[CACHE MISS] 54.06, 135.81 - calling API...
[SAVED] 54.06, 135.81 → country: Россия
[CACHE MISS] 20.41, 99.72 - calling API...
[SAVED] 20.41, 99.72 → country: မြန်မာ
[CACHE MISS] -55.82, 122.8 - calling API...
[SAVED] -55.82, 122.8 → unknown: unknown
[CACHE MISS] 52.07, 104.9 - calling API...
[SAVED] 52.07, 104.9 → country: Россия
[CACHE MISS] 77.27, -106.51 - calling API...
[SAVED] 77.27, -106.51 → country: Canada
[CACHE MISS] 21.38, -92.34 - calling API...
[SAVED] 21.38, -92.34 → unknown: unknown
[CACHE MISS] -74.6, 73.68 - calling API...
[SAVED] -74.6, 73.68 → unknown: unknown
[CACHE MISS] 57.59, 135.67 - calling API...
[SAVED] 57.59, 135.67 → country: Россия
[CACHE MISS] 13.4, 160.4 - calling API...
[SAVED] 13.4, 160.4 → unknown: unknown
[CACHE MISS] 0.88, -1.92 - calling API...
[SAVED] 0.88, -1.92 → unknown: unknown
[CACHE MISS] -32.08, 94.7 - calling API...
[SAVED] -32.08, 94.7 → unknown: unknown
[CACHE MISS] 64.47, 118.02 - calling API...
[SAVED] 64.47, 118.02 → country: Россия
[CACHE MISS] -17.19, 123.66 - calling API...
[SAVED] -17.19, 123.66 → country: Australia
[CACHE MISS] -21.3, 163.18 - calling API...
[SAVED] -21.3, 163.18 → ocean: Coral Sea
[CACHE MISS] -35.28, -99.55 - calling API...
[SAVED] -35.28, -99.55 → ocean: South Pacific Ocean
[CACHE MISS] 3.52, 130.82 - calling API...
[SAVED] 3.52, 130.82 → ocean: North Pacific Ocean
[CACHE MISS] 20.06, -32.13 - calling API...
[SAVED] 20.06, -32.13 → ocean: Canarias Sea
[CACHE MISS] 25.92, 110.55 - calling API...
[SAVED] 25.92, 110.55 → country: 中国
[CACHE MISS] -28.49, 119.71 - calling API...
[SAVED] -28.49, 119.71 → country: Australia
[CACHE MISS] -1.92, 160.17 - calling API...
[SAVED] -1.92, 160.17 → ocean: South Pacific Ocean
[CACHE MISS] -42.12, -131.39 - calling API...
[SAVED] -42.12, -131.39 → ocean: South Pacific Ocean
[CACHE MISS] 35.14, -82.56 - calling API...
[SAVED] 35.14, -82.56 → country: United States
[CACHE MISS] -7.82, 23.56 - calling API...
[SAVED] -7.82, 23.56 → country: République démocratique du Congo
[CACHE MISS] 28.26, 156.69 - calling API...
[SAVED] 28.26, 156.69 → ocean: North Pacific Ocean
[CACHE MISS] -9.07, 12.08 - calling API...
[SAVED] -9.07, 12.08 → ocean: South Atlantic Ocean
[CACHE MISS] -71.23, -22.84 - calling API...
[SAVED] -71.23, -22.84 → ocean: South Atlantic Ocean
[CACHE MISS] -38.81, 118.75 - calling API...
[SAVED] -38.81, 118.75 → ocean: Indian Ocean
[CACHE MISS] -54.98, 30.47 - calling API...
[SAVED] -54.98, 30.47 → ocean: Indian Ocean
[CACHE MISS] 53.28, 15.29 - calling API...
[SAVED] 53.28, 15.29 → country: Polska
[CACHE MISS] -35.87, -110.04 - calling API...
[SAVED] -35.87, -110.04 → ocean: South Pacific Ocean
[CACHE MISS] -4.14, -110.21 - calling API...
[SAVED] -4.14, -110.21 → ocean: South Pacific Ocean
[CACHE MISS] -55.61, -11.26 - calling API...
[SAVED] -55.61, -11.26 → ocean: South Atlantic Ocean
[CACHE MISS] -60.32, 27.93 - calling API...
[SAVED] -60.32, 27.93 → ocean: Indian Ocean
[CACHE MISS] -58.18, -112.97 - calling API...
[SAVED] -58.18, -112.97 → ocean: South Pacific Ocean
[CACHE MISS] -26.03, -59.85 - calling API...
[SAVED] -26.03, -59.85 → country: Argentina
[CACHE MISS] -52.99, 11.12 - calling API...
[SAVED] -52.99, 11.12 → ocean: South Atlantic Ocean
[CACHE MISS] 24.87, -25.04 - calling API...
[SAVED] 24.87, -25.04 → ocean: Canarias Sea
[CACHE MISS] 29.91, 160.3 - calling API...
[SAVED] 29.91, 160.3 → ocean: North Pacific Ocean
[CACHE MISS] -27.32, 19.06 - calling API...
[SAVED] -27.32, 19.06 → country: Namibia
[CACHE MISS] 63.86, -17.15 - calling API...
[SAVED] 63.86, -17.15 → country: Ísland
[CACHE MISS] 61.56, 148.16 - calling API...
[SAVED] 61.56, 148.16 → country: Россия
[CACHE MISS] -10.15, -157.13 - calling API...
[SAVED] -10.15, -157.13 → unknown: unknown
[CACHE MISS] -36.18, -115.88 - calling API...
[SAVED] -36.18, -115.88 → unknown: unknown
[CACHE MISS] -78.33, 67.01 - calling API...
[SAVED] -78.33, 67.01 → unknown: unknown
[CACHE MISS] -18.79, -126.89 - calling API...
[SAVED] -18.79, -126.89 → unknown: unknown
[CACHE MISS] -2.26, -54.47 - calling API...
[SAVED] -2.26, -54.47 → country: Brasil
[CACHE MISS] 44.22, -21.1 - calling API...
[SAVED] 44.22, -21.1 → unknown: unknown
[CACHE MISS] -39.78, -22.39 - calling API...
[SAVED] -39.78, -22.39 → unknown: unknown
[CACHE MISS] -0.36, -65.33 - calling API...
[SAVED] -0.36, -65.33 → country: Brasil
[CACHE MISS] -2.4, -57.12 - calling API...
[SAVED] -2.4, -57.12 → country: Brasil
[CACHE MISS] -74.59, -43.54 - calling API...
[SAVED] -74.59, -43.54 → unknown: unknown
[CACHE MISS] 28.01, 116.51 - calling API...
[SAVED] 28.01, 116.51 → country: 中国
[CACHE MISS] -42.08, -87.42 - calling API...
[SAVED] -42.08, -87.42 → unknown: unknown
[CACHE MISS] -51.32, 158.68 - calling API...
[SAVED] -51.32, 158.68 → unknown: unknown
[CACHE MISS] -26.14, -143 - calling API...
[SAVED] -26.14, -143 → unknown: unknown
[CACHE MISS] 30.02, 79.56 - calling API...
[SAVED] 30.02, 79.56 → country: India
[CACHE MISS] 86.25, -61.94 - calling API...
[SAVED] 86.25, -61.94 → unknown: unknown
[CACHE MISS] 35.54, 176.44 - calling API...
[SAVED] 35.54, 176.44 → unknown: unknown
[CACHE MISS] -53.85, 54.81 - calling API...
[SAVED] -53.85, 54.81 → unknown: unknown
[CACHE MISS] -71.27, -117.25 - calling API...
[SAVED] -71.27, -117.25 → unknown: unknown
[CACHE MISS] -18.55, -9.59 - calling API...
[SAVED] -18.55, -9.59 → unknown: unknown
[CACHE MISS] -68.08, -176.82 - calling API...
[SAVED] -68.08, -176.82 → unknown: unknown
[CACHE MISS] -15.74, -62.83 - calling API...
[SAVED] -15.74, -62.83 → country: Bolivia
[CACHE MISS] 6.44, -126.25 - calling API...
[SAVED] 6.44, -126.25 → unknown: unknown
[CACHE MISS] 13.11, 79.05 - calling API...
[SAVED] 13.11, 79.05 → country: India
[CACHE MISS] 57.38, 105.67 - calling API...
[SAVED] 57.38, 105.67 → country: Россия
[CACHE MISS] -0.18, 134.36 - calling API...
[SAVED] -0.18, 134.36 → country: Indonesia
[CACHE MISS] -43.78, 14.15 - calling API...
[SAVED] -43.78, 14.15 → unknown: unknown
[CACHE MISS] 50.68, -40.83 - calling API...
[SAVED] 50.68, -40.83 → unknown: unknown
[CACHE MISS] -53.76, 94.57 - calling API...
[SAVED] -53.76, 94.57 → unknown: unknown
[CACHE MISS] 74.89, 36.75 - calling API...
[SAVED] 74.89, 36.75 → unknown: unknown
[CACHE MISS] 49.56, 152.21 - calling API...
[SAVED] 49.56, 152.21 → unknown: unknown
[CACHE MISS] 45.47, -111.88 - calling API...
[SAVED] 45.47, -111.88 → country: United States
[CACHE MISS] -6.92, -101.9 - calling API...
[SAVED] -6.92, -101.9 → unknown: unknown
[CACHE MISS] 23.97, 6.01 - calling API...
[SAVED] 23.97, 6.01 → country: Algérie ⵍⵣⵣⴰⵢⴻⵔ الجزائر
[CACHE MISS] -14.43, 27.88 - calling API...
[SAVED] -14.43, 27.88 → country: Zambia
[CACHE MISS] 61.64, 151.38 - calling API...
[SAVED] 61.64, 151.38 → country: Россия
[CACHE MISS] -58.89, -90.35 - calling API...
[SAVED] -58.89, -90.35 → unknown: unknown
[CACHE MISS] -35.93, 72.14 - calling API...
[SAVED] -35.93, 72.14 → unknown: unknown
[CACHE MISS] -78.25, -170.34 - calling API...
[SAVED] -78.25, -170.34 → unknown: unknown
[CACHE MISS] 38.14, -133.64 - calling API...
[SAVED] 38.14, -133.64 → unknown: unknown
[CACHE MISS] 34.3, 70.01 - calling API...
[SAVED] 34.3, 70.01 → country: افغانستان
[CACHE MISS] -67.72, 166.15 - calling API...
[SAVED] -67.72, 166.15 → unknown: unknown
[CACHE MISS] -13.97, 19.58 - calling API...
[SAVED] -13.97, 19.58 → country: Angola
[CACHE MISS] -46.77, -133.65 - calling API...
[SAVED] -46.77, -133.65 → unknown: unknown
[CACHE MISS] -46.23, -109.2 - calling API...
[SAVED] -46.23, -109.2 → unknown: unknown
[CACHE MISS] -11.86, -165.24 - calling API...
[SAVED] -11.86, -165.24 → unknown: unknown
[CACHE MISS] 70.42, -143.3 - calling API...
[SAVED] 70.42, -143.3 → unknown: unknown
[CACHE MISS] 32.38, -30.02 - calling API...
[SAVED] 32.38, -30.02 → unknown: unknown
[CACHE MISS] -45.56, -57.26 - calling API...
[SAVED] -45.56, -57.26 → unknown: unknown
[CACHE MISS] -32.23, -91.59 - calling API...
[SAVED] -32.23, -91.59 → unknown: unknown
[CACHE MISS] -71.2, 129.78 - calling API...
[SAVED] -71.2, 129.78 → unknown: unknown
[CACHE MISS] 6.75, 167.92 - calling API...
[SAVED] 6.75, 167.92 → unknown: unknown
[CACHE MISS] -69.35, 112.55 - calling API...
[SAVED] -69.35, 112.55 → unknown: unknown
[CACHE MISS] -56.82, 114.92 - calling API...
[SAVED] -56.82, 114.92 → unknown: unknown
[CACHE MISS] -18.76, -141.02 - calling API...
[SAVED] -18.76, -141.02 → unknown: unknown
[CACHE MISS] -20.21, 157.86 - calling API...
[SAVED] -20.21, 157.86 → unknown: unknown
[CACHE MISS] 2.12, -100.4 - calling API...
[SAVED] 2.12, -100.4 → unknown: unknown
[CACHE MISS] 10.15, -8.21 - calling API...
[SAVED] 10.15, -8.21 → country: Guinée
[CACHE MISS] 1.77, 129.9 - calling API...
[SAVED] 1.77, 129.9 → unknown: unknown
[CACHE MISS] -76.18, -91.13 - calling API...
[SAVED] -76.18, -91.13 → unknown: unknown
[CACHE MISS] 46.31, -111.06 - calling API...
[SAVED] 46.31, -111.06 → country: United States
[CACHE MISS] 69.96, 41.73 - calling API...
[SAVED] 69.96, 41.73 → unknown: unknown
[CACHE MISS] 62.38, -145.52 - calling API...
[SAVED] 62.38, -145.52 → country: United States
[CACHE MISS] 14.83, -140.66 - calling API...
[SAVED] 14.83, -140.66 → unknown: unknown
[CACHE MISS] -40.35, 100.79 - calling API...
[SAVED] -40.35, 100.79 → unknown: unknown
[CACHE MISS] -29.53, 147.45 - calling API...
[SAVED] -29.53, 147.45 → country: Australia
[CACHE MISS] -52.79, 72.89 - calling API...
[SAVED] -52.79, 72.89 → unknown: unknown
[CACHE MISS] -26.07, 59.06 - calling API...
[SAVED] -26.07, 59.06 → unknown: unknown
[CACHE MISS] 66.3, -66.67 - calling API...
[SAVED] 66.3, -66.67 → country: Canada
[CACHE MISS] -6.53, 118.63 - calling API...
[SAVED] -6.53, 118.63 → country: Indonesia
[CACHE MISS] 6.86, -30.78 - calling API...
[SAVED] 6.86, -30.78 → unknown: unknown
[CACHE MISS] -80.78, 21.3 - calling API...
[SAVED] -80.78, 21.3 → unknown: unknown
[CACHE MISS] -43.31, 90.48 - calling API...
[SAVED] -43.31, 90.48 → unknown: unknown
[CACHE MISS] -0.28, 35.14 - calling API...
[SAVED] -0.28, 35.14 → country: Kenya
[CACHE MISS] 57.78, -160.6 - calling API...
[SAVED] 57.78, -160.6 → unknown: unknown
[CACHE MISS] 44.08, -164.53 - calling API...
[SAVED] 44.08, -164.53 → unknown: unknown
[CACHE MISS] 45.42, 158.95 - calling API...
[SAVED] 45.42, 158.95 → unknown: unknown
[CACHE MISS] -67.37, 103.46 - calling API...
[SAVED] -67.37, 103.46 → unknown: unknown
[CACHE MISS] -8.66, 117.41 - calling API...
[SAVED] -8.66, 117.41 → country: Indonesia
[CACHE MISS] -41.83, 150.51 - calling API...
[SAVED] -41.83, 150.51 → unknown: unknown
[CACHE MISS] -29.69, 97.38 - calling API...
[SAVED] -29.69, 97.38 → unknown: unknown
[CACHE MISS] -22.83, -58.1 - calling API...
[SAVED] -22.83, -58.1 → country: Paraguay / Paraguái
[CACHE MISS] -39.35, 127.1 - calling API...
[SAVED] -39.35, 127.1 → unknown: unknown
[CACHE MISS] -16.71, -92.03 - calling API...
[SAVED] -16.71, -92.03 → unknown: unknown
[CACHE MISS] 13.45, 66.99 - calling API...
[SAVED] 13.45, 66.99 → unknown: unknown
[CACHE MISS] 44.52, -11.05 - calling API...
[SAVED] 44.52, -11.05 → unknown: unknown
[CACHE MISS] 32.08, -28.6 - calling API...
[SAVED] 32.08, -28.6 → unknown: unknown
[CACHE MISS] 39.37, -133.01 - calling API...
[SAVED] 39.37, -133.01 → unknown: unknown
[CACHE MISS] -12.72, 14.86 - calling API...
[SAVED] -12.72, 14.86 → country: Angola
[CACHE MISS] 17.94, -31.33 - calling API...
[SAVED] 17.94, -31.33 → unknown: unknown
[CACHE MISS] -49.32, 164.67 - calling API...
[SAVED] -49.32, 164.67 → unknown: unknown
[CACHE MISS] -37.22, 127.57 - calling API...
[SAVED] -37.22, 127.57 → unknown: unknown
[CACHE MISS] -41.27, -22.96 - calling API...
[SAVED] -41.27, -22.96 → unknown: unknown
[CACHE MISS] -22.08, -95.92 - calling API...
[SAVED] -22.08, -95.92 → unknown: unknown
[CACHE MISS] 39.45, -27.33 - calling API...
[SAVED] 39.45, -27.33 → unknown: unknown
[CACHE MISS] 61.53, -36.21 - calling API...
[SAVED] 61.53, -36.21 → unknown: unknown
[CACHE MISS] 19.36, 114.37 - calling API...
[SAVED] 19.36, 114.37 → unknown: unknown
[CACHE MISS] -40.69, 126.5 - calling API...
[SAVED] -40.69, 126.5 → unknown: unknown
[CACHE MISS] -69.51, 23.09 - calling API...
[SAVED] -69.51, 23.09 → unknown: unknown
[CACHE MISS] -50.97, 27.11 - calling API...
[SAVED] -50.97, 27.11 → unknown: unknown
[CACHE MISS] -56.46, 55.3 - calling API...
[SAVED] -56.46, 55.3 → unknown: unknown
[CACHE MISS] -3.39, -80.79 - calling API...
[SAVED] -3.39, -80.79 → country: Ecuador
[CACHE MISS] -75.35, -51.06 - calling API...
[SAVED] -75.35, -51.06 → unknown: unknown
[CACHE MISS] 7.6, 125.82 - calling API...
[SAVED] 7.6, 125.82 → country: Philippines
[CACHE MISS] -77.53, -77.84 - calling API...
[SAVED] -77.53, -77.84 → unknown: unknown
[CACHE MISS] -13.19, 29.28 - calling API...
[SAVED] -13.19, 29.28 → country: République démocratique du Congo
[CACHE MISS] 52.8, -133.6 - calling API...
[SAVED] 52.8, -133.6 → unknown: unknown
[CACHE MISS] 28.62, 131.26 - calling API...
[SAVED] 28.62, 131.26 → unknown: unknown
[CACHE MISS] -75.36, -80.07 - calling API...
[SAVED] -75.36, -80.07 → unknown: unknown
[CACHE MISS] 7.46, -55.57 - calling API...
[SAVED] 7.46, -55.57 → unknown: unknown
[CACHE MISS] -46.55, 143.58 - calling API...
[SAVED] -46.55, 143.58 → unknown: unknown
[CACHE MISS] 45.78, 17.66 - calling API...
[SAVED] 45.78, 17.66 → country: Hrvatska
[CACHE MISS] 73.16, -56.43 - calling API...
[SAVED] 73.16, -56.43 → country: Kalaallit Nunaat
[CACHE MISS] 35.4, -70.24 - calling API...
[SAVED] 35.4, -70.24 → unknown: unknown
[CACHE MISS] 51.21, -168.51 - calling API...
[SAVED] 51.21, -168.51 → unknown: unknown
[CACHE MISS] -51.05, 0.96 - calling API...
[SAVED] -51.05, 0.96 → unknown: unknown
[CACHE MISS] 76.77, -11.45 - calling API...
[SAVED] 76.77, -11.45 → unknown: unknown
[CACHE MISS] 7.17, -66.02 - calling API...
[SAVED] 7.17, -66.02 → country: Venezuela
[CACHE MISS] 55.4, -69.36 - calling API...
[SAVED] 55.4, -69.36 → country: Canada
[CACHE MISS] -64.94, 44.57 - calling API...
[SAVED] -64.94, 44.57 → unknown: unknown
[CACHE MISS] -43.99, -124.5 - calling API...
[SAVED] -43.99, -124.5 → unknown: unknown
[CACHE MISS] -16.28, -136.24 - calling API...
[SAVED] -16.28, -136.24 → unknown: unknown
[CACHE MISS] 10.42, 42.97 - calling API...
[SAVED] 10.42, 42.97 → country: Soomaaliya الصومال
[CACHE MISS] 37.32, -20.84 - calling API...
[SAVED] 37.32, -20.84 → unknown: unknown
[CACHE MISS] -1.45, 91.76 - calling API...
[SAVED] -1.45, 91.76 → unknown: unknown
[CACHE MISS] 51.32, 12.63 - calling API...
[SAVED] 51.32, 12.63 → country: Deutschland
[CACHE MISS] 33.66, 162.18 - calling API...
[SAVED] 33.66, 162.18 → unknown: unknown
[CACHE MISS] -6.48, -32.45 - calling API...
[SAVED] -6.48, -32.45 → unknown: unknown
[CACHE MISS] 61.32, 178.48 - calling API...
[SAVED] 61.32, 178.48 → unknown: unknown
[CACHE MISS] -36.72, 101 - calling API...
[SAVED] -36.72, 101 → unknown: unknown
[CACHE MISS] 44.38, -30.43 - calling API...
[SAVED] 44.38, -30.43 → unknown: unknown
[CACHE MISS] 61.09, 165.73 - calling API...
[SAVED] 61.09, 165.73 → country: Россия
[CACHE MISS] -33.98, -108.21 - calling API...
[SAVED] -33.98, -108.21 → unknown: unknown
[CACHE MISS] -32.58, -150.23 - calling API...
[SAVED] -32.58, -150.23 → unknown: unknown
[CACHE MISS] 20.15, -151.8 - calling API...
[SAVED] 20.15, -151.8 → unknown: unknown
[CACHE MISS] 19.99, -61.41 - calling API...
[SAVED] 19.99, -61.41 → unknown: unknown
[CACHE MISS] -74.16, 68.03 - calling API...
[SAVED] -74.16, 68.03 → unknown: unknown
[CACHE MISS] 63.86, 175.29 - calling API...
[SAVED] 63.86, 175.29 → country: Россия
[CACHE MISS] -27.17, -135.9 - calling API...
[SAVED] -27.17, -135.9 → unknown: unknown
[CACHE MISS] 19.45, -100.44 - calling API...
[SAVED] 19.45, -100.44 → country: México
[CACHE MISS] 51.63, 116.34 - calling API...
[SAVED] 51.63, 116.34 → country: Россия
[CACHE MISS] 19.45, -147.76 - calling API...
[SAVED] 19.45, -147.76 → unknown: unknown
[CACHE MISS] 22.42, -25.36 - calling API...
[SAVED] 22.42, -25.36 → unknown: unknown
[CACHE MISS] -59.33, 109.76 - calling API...
[SAVED] -59.33, 109.76 → unknown: unknown
[CACHE MISS] 36.81, -96.99 - calling API...
[SAVED] 36.81, -96.99 → country: United States
[CACHE MISS] 4.48, 153.36 - calling API...
[SAVED] 4.48, 153.36 → unknown: unknown
[CACHE MISS] 6.67, 146.06 - calling API...
[SAVED] 6.67, 146.06 → unknown: unknown
[CACHE MISS] 25.05, -161.71 - calling API...
[SAVED] 25.05, -161.71 → unknown: unknown
[CACHE HIT] 4.42, 60.94 → ocean: Indian Ocean
[CACHE MISS] 24.84, -168.2 - calling API...
[SAVED] 24.84, -168.2 → unknown: unknown
[CACHE MISS] 40.88, -179.7 - calling API...
[SAVED] 40.88, -179.7 → unknown: unknown
[CACHE MISS] -45.87, 129.6 - calling API...
[SAVED] -45.87, 129.6 → unknown: unknown
[CACHE MISS] -62.92, -91.86 - calling API...
[SAVED] -62.92, -91.86 → unknown: unknown
[CACHE MISS] 3.06, -58.68 - calling API...
[SAVED] 3.06, -58.68 → country: Guyana
[CACHE MISS] 36.87, -71.32 - calling API...
[SAVED] 36.87, -71.32 → unknown: unknown
[CACHE MISS] -5.07, 172.61 - calling API...
[SAVED] -5.07, 172.61 → unknown: unknown
[CACHE MISS] -27.66, -61.15 - calling API...
[SAVED] -27.66, -61.15 → country: Argentina
[CACHE MISS] -40.54, 168.77 - calling API...
[SAVED] -40.54, 168.77 → unknown: unknown
[CACHE MISS] -18.76, -74.61 - calling API...
[SAVED] -18.76, -74.61 → country: Perú
[CACHE MISS] 27.86, -93.41 - calling API...
[SAVED] 27.86, -93.41 → unknown: unknown
[CACHE MISS] 12.76, 133.65 - calling API...
[SAVED] 12.76, 133.65 → unknown: unknown
[CACHE MISS] 41.11, -82.31 - calling API...
[SAVED] 41.11, -82.31 → country: United States
[CACHE MISS] 35.41, 3.48 - calling API...
[SAVED] 35.41, 3.48 → country: Algérie ⵍⵣⵣⴰⵢⴻⵔ الجزائر
[CACHE MISS] 59.66, 111.09 - calling API...
[SAVED] 59.66, 111.09 → country: Россия
[CACHE MISS] -45.86, -100.02 - calling API...
[SAVED] -45.86, -100.02 → ocean: South Pacific Ocean
[CACHE MISS] -52.78, -55.09 - calling API...
[SAVED] -52.78, -55.09 → ocean: South Atlantic Ocean
[CACHE MISS] -27.77, -148.75 - calling API...
[SAVED] -27.77, -148.75 → ocean: South Pacific Ocean
[CACHE MISS] -7.76, -22.46 - calling API...
[SAVED] -7.76, -22.46 → ocean: South Atlantic Ocean
[CACHE MISS] -20.55, -129.61 - calling API...
[SAVED] -20.55, -129.61 → ocean: South Pacific Ocean
[CACHE MISS] 39.37, -96.36 - calling API...
[SAVED] 39.37, -96.36 → country: United States
[CACHE MISS] -54.53, -18.81 - calling API...
[SAVED] -54.53, -18.81 → ocean: South Atlantic Ocean
[CACHE MISS] 0.76, 101.45 - calling API...
[SAVED] 0.76, 101.45 → country: Indonesia
[CACHE MISS] 59.96, 92.19 - calling API...
[SAVED] 59.96, 92.19 → country: Россия
[CACHE MISS] -54.75, -172.36 - calling API...
[SAVED] -54.75, -172.36 → ocean: South Pacific Ocean
[CACHE MISS] -29.62, 161.79 - calling API...
[SAVED] -29.62, 161.79 → ocean: Coral Sea
[CACHE MISS] -28.88, -6.66 - calling API...
[SAVED] -28.88, -6.66 → ocean: South Atlantic Ocean
[CACHE MISS] -32.34, -115.18 - calling API...
[SAVED] -32.34, -115.18 → ocean: South Pacific Ocean
[CACHE MISS] -27.47, 110.08 - calling API...
[SAVED] -27.47, 110.08 → ocean: Indian Ocean
[CACHE MISS] -7.2, 140.26 - calling API...
[SAVED] -7.2, 140.26 → country: Indonesia
[CACHE MISS] 55.89, 26.91 - calling API...
[SAVED] 55.89, 26.91 → country: Latvija
[CACHE MISS] 62.88, -74.18 - calling API...
[SAVED] 62.88, -74.18 → country: Canada
[CACHE MISS] 10.8, -131.28 - calling API...
[SAVED] 10.8, -131.28 → unknown: unknown
[CACHE MISS] -52.9, 106.5 - calling API...
[SAVED] -52.9, 106.5 → unknown: unknown
[CACHE MISS] 82.6, 22.59 - calling API...
[SAVED] 82.6, 22.59 → unknown: unknown
[CACHE MISS] 21, 74.23 - calling API...
[SAVED] 21, 74.23 → country: India
[CACHE MISS] 45.25, 88.04 - calling API...
[SAVED] 45.25, 88.04 → country: 中国
[CACHE MISS] -18.47, 29.81 - calling API...
[SAVED] -18.47, 29.81 → country: Zimbabwe
[CACHE MISS] -30.4, -119.81 - calling API...
[SAVED] -30.4, -119.81 → unknown: unknown
[CACHE MISS] 11.83, 34.22 - calling API...
[SAVED] 11.83, 34.22 → country: السودان
[CACHE MISS] 70.39, 122.94 - calling API...
[SAVED] 70.39, 122.94 → country: Россия
[CACHE MISS] 16.85, 32.97 - calling API...
[SAVED] 16.85, 32.97 → country: السودان
[CACHE MISS] 0.27, 119.19 - calling API...
[SAVED] 0.27, 119.19 → country: Indonesia
[CACHE MISS] -9.26, -158.88 - calling API...
[SAVED] -9.26, -158.88 → ocean: South Pacific Ocean
[CACHE MISS] -44.47, -67.29 - calling API...
[SAVED] -44.47, -67.29 → country: Argentina
[CACHE MISS] -41.21, -46.97 - calling API...
[SAVED] -41.21, -46.97 → ocean: South Atlantic Ocean
[CACHE MISS] 45.99, -160.9 - calling API...
[SAVED] 45.99, -160.9 → ocean: North Pacific Ocean
[CACHE MISS] -87.42, 129.61 - calling API...
[SAVED] -87.42, 129.61 → unknown: unknown
[CACHE MISS] 43.56, -56.02 - calling API...
[SAVED] 43.56, -56.02 → ocean: North Atlantic Ocean
[CACHE MISS] 2.97, -50.88 - calling API...
[SAVED] 2.97, -50.88 → country: Brasil
[CACHE MISS] 16.02, -10.06 - calling API...
[SAVED] 16.02, -10.06 → country: Mauritanie موريتانيا
[CACHE MISS] -18.97, -165.27 - calling API...
[SAVED] -18.97, -165.27 → ocean: South Pacific Ocean
[CACHE MISS] 21.35, -164.88 - calling API...
[SAVED] 21.35, -164.88 → ocean: North Pacific Ocean
[CACHE MISS] 31.57, -30.35 - calling API...
[SAVED] 31.57, -30.35 → ocean: North Atlantic Ocean
[CACHE MISS] 64.68, -2.5 - calling API...
[SAVED] 64.68, -2.5 → ocean: Norwegian Sea
[CACHE MISS] 54.35, 101.77 - calling API...
[SAVED] 54.35, 101.77 → country: Россия
[CACHE MISS] -57.82, -84.85 - calling API...
[SAVED] -57.82, -84.85 → ocean: South Pacific Ocean
[CACHE MISS] 0.74, 76.71 - calling API...
[SAVED] 0.74, 76.71 → ocean: Indian Ocean
[CACHE MISS] 49.86, -24.84 - calling API...
[SAVED] 49.86, -24.84 → ocean: North Atlantic Ocean
[CACHE MISS] 17.87, 112.24 - calling API...
[SAVED] 17.87, 112.24 → ocean: South China Sea
[CACHE MISS] 40.32, 56.95 - calling API...
[SAVED] 40.32, 56.95 → country: Türkmenistan
[CACHE MISS] -15.47, 66.09 - calling API...
[SAVED] -15.47, 66.09 → ocean: Indian Ocean
[CACHE MISS] 5.77, -163.02 - calling API...
[SAVED] 5.77, -163.02 → ocean: North Pacific Ocean
[CACHE MISS] -12.77, -20.45 - calling API...
[SAVED] -12.77, -20.45 → ocean: South Atlantic Ocean
[CACHE MISS] -76.11, 161.71 - calling API...
[SAVED] -76.11, 161.71 → unknown: unknown
[CACHE MISS] 35.07, 8.52 - calling API...
[SAVED] 35.07, 8.52 → country: تونس
[CACHE MISS] 64.13, 32.47 - calling API...
[SAVED] 64.13, 32.47 → country: Россия
[CACHE MISS] -50.17, 82.81 - calling API...
[SAVED] -50.17, 82.81 → ocean: Indian Ocean
[CACHE MISS] 10.32, -0.37 - calling API...
[SAVED] 10.32, -0.37 → country: Ghana
[CACHE MISS] 15.93, -3.14 - calling API...
[SAVED] 15.93, -3.14 → country: Mali
[CACHE MISS] -58.74, -68.46 - calling API...
[SAVED] -58.74, -68.46 → ocean: South Pacific Ocean
[CACHE MISS] -23.43, -140.94 - calling API...
[SAVED] -23.43, -140.94 → ocean: South Pacific Ocean
[CACHE MISS] 81.51, -80.04 - calling API...
[SAVED] 81.51, -80.04 → country: Canada
[CACHE MISS] 72.8, 127.52 - calling API...
[SAVED] 72.8, 127.52 → country: Россия
[CACHE MISS] 51.51, -23.71 - calling API...
[SAVED] 51.51, -23.71 → ocean: North Atlantic Ocean
[CACHE MISS] 28.31, 55.69 - calling API...
[SAVED] 28.31, 55.69 → country: ایران
[CACHE MISS] 9.07, 70.47 - calling API...
[SAVED] 9.07, 70.47 → ocean: Arabian Sea
[CACHE MISS] -67.01, 22.75 - calling API...
[SAVED] -67.01, 22.75 → ocean: Indian Ocean
[CACHE MISS] -33.13, -78.92 - calling API...
[SAVED] -33.13, -78.92 → ocean: South Pacific Ocean
[CACHE MISS] -58.78, -29.81 - calling API...
[SAVED] -58.78, -29.81 → ocean: South Atlantic Ocean
[CACHE MISS] 3.04, 179.61 - calling API...
[SAVED] 3.04, 179.61 → ocean: North Pacific Ocean
[CACHE MISS] 62.12, 106.08 - calling API...
[SAVED] 62.12, 106.08 → country: Россия
[CACHE MISS] -5.72, 44.81 - calling API...
[SAVED] -5.72, 44.81 → ocean: Indian Ocean
[CACHE MISS] 24.02, 151.15 - calling API...
[SAVED] 24.02, 151.15 → ocean: North Pacific Ocean
[CACHE MISS] 23.59, 121.48 - calling API...
[SAVED] 23.59, 121.48 → country: 臺灣
[CACHE MISS] -60.04, 70.53 - calling API...
[SAVED] -60.04, 70.53 → ocean: Indian Ocean
[CACHE MISS] -77.91, -139.56 - calling API...
[SAVED] -77.91, -139.56 → unknown: unknown
[CACHE MISS] 59.92, -126.83 - calling API...
[SAVED] 59.92, -126.83 → country: Canada
[CACHE MISS] 6.54, -109.46 - calling API...
[SAVED] 6.54, -109.46 → ocean: North Pacific Ocean
[CACHE MISS] -18.98, -30.73 - calling API...
[SAVED] -18.98, -30.73 → ocean: South Atlantic Ocean
[CACHE MISS] -21.19, -9.83 - calling API...
[SAVED] -21.19, -9.83 → ocean: South Atlantic Ocean
[CACHE MISS] 39.87, -85.48 - calling API...
[SAVED] 39.87, -85.48 → country: United States
[CACHE MISS] -1.88, -117.64 - calling API...
[SAVED] -1.88, -117.64 → ocean: South Pacific Ocean
[CACHE MISS] 24.38, -25.42 - calling API...
[SAVED] 24.38, -25.42 → ocean: Canarias Sea
[CACHE MISS] 2.9, 13.34 - calling API...
[SAVED] 2.9, 13.34 → country: Cameroun
[CACHE MISS] -50.36, -71 - calling API...
[SAVED] -50.36, -71 → country: Argentina
[CACHE MISS] -69.46, -24.1 - calling API...
[SAVED] -69.46, -24.1 → ocean: South Atlantic Ocean
[CACHE MISS] -59.08, 36.93 - calling API...
[SAVED] -59.08, 36.93 → ocean: Indian Ocean
[CACHE MISS] 28.12, -137.41 - calling API...
[SAVED] 28.12, -137.41 → ocean: North Pacific Ocean
[CACHE MISS] -37.02, -148.58 - calling API...
[SAVED] -37.02, -148.58 → ocean: South Pacific Ocean
[CACHE MISS] -48.76, 160.75 - calling API...
[SAVED] -48.76, 160.75 → ocean: Tasman Sea
[CACHE MISS] -27.26, 49.66 - calling API...
[SAVED] -27.26, 49.66 → ocean: Indian Ocean
[CACHE MISS] -54.9, 45.07 - calling API...
[SAVED] -54.9, 45.07 → ocean: Indian Ocean
[CACHE MISS] -74.1, -156.79 - calling API...
[SAVED] -74.1, -156.79 → ocean: South Pacific Ocean
[CACHE MISS] 77.15, -124.77 - calling API...
[SAVED] 77.15, -124.77 → ocean: Arctic Ocean
[CACHE MISS] -41.49, 24.72 - calling API...
[SAVED] -41.49, 24.72 → ocean: Indian Ocean
[CACHE MISS] -35.66, -26.93 - calling API...
[SAVED] -35.66, -26.93 → ocean: South Atlantic Ocean
[CACHE MISS] -11.63, -151.49 - calling API...
[SAVED] -11.63, -151.49 → ocean: South Pacific Ocean
[CACHE MISS] -80.95, -11.72 - calling API...
[SAVED] -80.95, -11.72 → unknown: unknown
[CACHE MISS] -15.79, -7.42 - calling API...
[SAVED] -15.79, -7.42 → ocean: South Atlantic Ocean
[CACHE MISS] 18.19, 176.32 - calling API...
[SAVED] 18.19, 176.32 → ocean: North Pacific Ocean
[CACHE MISS] -57.74, 177.2 - calling API...
[SAVED] -57.74, 177.2 → ocean: South Pacific Ocean
[CACHE MISS] 24.86, 37.21 - calling API...
[SAVED] 24.86, 37.21 → country: السعودية
[CACHE MISS] 44.81, 115.73 - calling API...
[SAVED] 44.81, 115.73 → country: 中国
[CACHE MISS] -25.07, 169.93 - calling API...
[SAVED] -25.07, 169.93 → ocean: South Pacific Ocean
[CACHE MISS] -33.11, -1.2 - calling API...
[SAVED] -33.11, -1.2 → ocean: South Atlantic Ocean
[CACHE MISS] -5.97, 25.62 - calling API...
[SAVED] -5.97, 25.62 → country: République démocratique du Congo
[CACHE MISS] -71.86, 19.7 - calling API...
[SAVED] -71.86, 19.7 → unknown: unknown
[CACHE MISS] -86.5, -165.15 - calling API...
[SAVED] -86.5, -165.15 → unknown: unknown
[CACHE MISS] 54.62, 1.31 - calling API...
[SAVED] 54.62, 1.31 → ocean: North Sea
[CACHE MISS] -6.96, 149.63 - calling API...
[SAVED] -6.96, 149.63 → ocean: Solomon Sea
[CACHE MISS] -57.74, -16.15 - calling API...
[SAVED] -57.74, -16.15 → ocean: South Atlantic Ocean
[CACHE MISS] -23.22, 61.2 - calling API...
[SAVED] -23.22, 61.2 → ocean: Indian Ocean
[CACHE MISS] -1.22, 57.38 - calling API...
[SAVED] -1.22, 57.38 → ocean: Indian Ocean
[CACHE MISS] -36.76, 39.04 - calling API...
[SAVED] -36.76, 39.04 → ocean: Indian Ocean
[CACHE MISS] -46.88, -82.11 - calling API...
[SAVED] -46.88, -82.11 → ocean: South Pacific Ocean
[CACHE MISS] -2.11, -175.99 - calling API...
[SAVED] -2.11, -175.99 → ocean: South Pacific Ocean
[CACHE MISS] 9.02, -142 - calling API...
[SAVED] 9.02, -142 → ocean: North Pacific Ocean
[CACHE MISS] 44.7, 95.37 - calling API...
[SAVED] 44.7, 95.37 → country: Монгол улс ᠮᠤᠩᠭᠤᠯ ᠤᠯᠤᠰ
[CACHE MISS] 44.05, -100.38 - calling API...
[SAVED] 44.05, -100.38 → country: United States
[CACHE MISS] -37.7, 104.21 - calling API...
[SAVED] -37.7, 104.21 → ocean: Indian Ocean
[CACHE MISS] 78.24, 29.48 - calling API...
[SAVED] 78.24, 29.48 → ocean: Barentsz Sea
[CACHE MISS] 6.7, -168.74 - calling API...
[SAVED] 6.7, -168.74 → ocean: North Pacific Ocean
[CACHE MISS] 61.88, 40.43 - calling API...
[SAVED] 61.88, 40.43 → country: Россия
[CACHE MISS] 48.03, 34.27 - calling API...
[SAVED] 48.03, 34.27 → country: Україна
[CACHE MISS] -28.66, 147.32 - calling API...
[SAVED] -28.66, 147.32 → country: Australia
[CACHE MISS] 49.41, -31.42 - calling API...
[SAVED] 49.41, -31.42 → unknown: unknown
[CACHE MISS] -61.42, -172.01 - calling API...
[SAVED] -61.42, -172.01 → unknown: unknown
[CACHE MISS] 80.29, -38.93 - calling API...
[SAVED] 80.29, -38.93 → country: Kalaallit Nunaat
[CACHE MISS] 47.38, -176.55 - calling API...
[SAVED] 47.38, -176.55 → unknown: unknown
[CACHE MISS] 38, -139.47 - calling API...
[SAVED] 38, -139.47 → unknown: unknown
[CACHE MISS] -34.3, -46.88 - calling API...
[SAVED] -34.3, -46.88 → unknown: unknown
[CACHE MISS] 69.95, 156.42 - calling API...
[SAVED] 69.95, 156.42 → country: Россия
[CACHE MISS] -29.56, 97.11 - calling API...
[SAVED] -29.56, 97.11 → unknown: unknown
[CACHE MISS] 17.68, -34.47 - calling API...
[SAVED] 17.68, -34.47 → unknown: unknown
[CACHE MISS] 3.12, -156.3 - calling API...
[SAVED] 3.12, -156.3 → unknown: unknown
[CACHE MISS] -3.15, 17.58 - calling API...
[SAVED] -3.15, 17.58 → country: République démocratique du Congo
[CACHE MISS] 79.28, -92.26 - calling API...
[SAVED] 79.28, -92.26 → country: Canada
[CACHE MISS] 32.66, -124.94 - calling API...
[SAVED] 32.66, -124.94 → unknown: unknown
[CACHE MISS] 41.14, 99 - calling API...
[SAVED] 41.14, 99 → country: 中国
[CACHE MISS] -24.82, 34.37 - calling API...
[SAVED] -24.82, 34.37 → country: Moçambique
[CACHE MISS] 8.54, -60.52 - calling API...
[SAVED] 8.54, -60.52 → country: Venezuela
[CACHE MISS] 4.74, -15.96 - calling API...
[SAVED] 4.74, -15.96 → unknown: unknown
[CACHE MISS] -29.18, -137.42 - calling API...
[SAVED] -29.18, -137.42 → unknown: unknown
[CACHE MISS] -15.6, -45.1 - calling API...
[SAVED] -15.6, -45.1 → country: Brasil
[CACHE MISS] -46.16, 52.56 - calling API...
[SAVED] -46.16, 52.56 → unknown: unknown
[CACHE MISS] 10.47, -73.03 - calling API...
[SAVED] 10.47, -73.03 → country: Colombia
[CACHE MISS] 53.03, -110.29 - calling API...
[SAVED] 53.03, -110.29 → country: Canada
[CACHE MISS] -2.72, 62.71 - calling API...
[SAVED] -2.72, 62.71 → unknown: unknown
[CACHE MISS] 30.65, -120.37 - calling API...
[SAVED] 30.65, -120.37 → unknown: unknown
[CACHE MISS] 5.71, -137.46 - calling API...
[SAVED] 5.71, -137.46 → unknown: unknown
[CACHE MISS] -4.11, -133.03 - calling API...
[SAVED] -4.11, -133.03 → unknown: unknown
[CACHE MISS] -48.24, -77.53 - calling API...
[SAVED] -48.24, -77.53 → unknown: unknown
[CACHE MISS] 39.82, 63.6 - calling API...
[SAVED] 39.82, 63.6 → country: Oʻzbekiston
[CACHE MISS] -20.13, -80.46 - calling API...
[SAVED] -20.13, -80.46 → unknown: unknown
[CACHE MISS] -27.53, 32.08 - calling API...
[SAVED] -27.53, 32.08 → country: South Africa
[CACHE MISS] 51, 143.86 - calling API...
[SAVED] 51, 143.86 → unknown: unknown
[CACHE MISS] -27.88, 25.41 - calling API...
[SAVED] -27.88, 25.41 → country: South Africa
[CACHE MISS] -7.29, -144.97 - calling API...
[SAVED] -7.29, -144.97 → unknown: unknown
[CACHE MISS] 22.19, -106.31 - calling API...
[SAVED] 22.19, -106.31 → unknown: unknown
[CACHE MISS] -7.67, 57.42 - calling API...
[SAVED] -7.67, 57.42 → unknown: unknown
[CACHE MISS] -36.56, -101.16 - calling API...
[SAVED] -36.56, -101.16 → unknown: unknown
[CACHE MISS] -21.49, -28.35 - calling API...
[SAVED] -21.49, -28.35 → unknown: unknown
[CACHE MISS] 19.98, 80.97 - calling API...
[SAVED] 19.98, 80.97 → country: India
[CACHE MISS] 46.75, -139.96 - calling API...
[SAVED] 46.75, -139.96 → unknown: unknown
[CACHE MISS] -0.01, -67.81 - calling API...
[SAVED] -0.01, -67.81 → country: Brasil
[CACHE MISS] -76.63, -79.8 - calling API...
[SAVED] -76.63, -79.8 → unknown: unknown
[CACHE MISS] 10.05, 72.37 - calling API...
[SAVED] 10.05, 72.37 → country: India
[CACHE MISS] -17.23, 101.39 - calling API...
[SAVED] -17.23, 101.39 → unknown: unknown
[CACHE MISS] -10.5, 55.52 - calling API...
[SAVED] -10.5, 55.52 → unknown: unknown
[CACHE MISS] -75.04, -123.7 - calling API...
[SAVED] -75.04, -123.7 → unknown: unknown
[CACHE MISS] -20.26, -35.58 - calling API...
[SAVED] -20.26, -35.58 → unknown: unknown
[CACHE MISS] 36.93, -57.13 - calling API...
[SAVED] 36.93, -57.13 → unknown: unknown
[CACHE MISS] 54.88, -98.83 - calling API...
[SAVED] 54.88, -98.83 → country: Canada
[CACHE MISS] 41.3, 99.8 - calling API...
[SAVED] 41.3, 99.8 → country: 中国
[CACHE MISS] 45.13, -132.23 - calling API...
[SAVED] 45.13, -132.23 → unknown: unknown
[CACHE MISS] -16.03, -81.32 - calling API...
[SAVED] -16.03, -81.32 → unknown: unknown
[CACHE MISS] 13.51, 102.44 - calling API...
[SAVED] 13.51, 102.44 → country: ព្រះរាជាណាចក្រ​កម្ពុជា
[CACHE MISS] 65.75, 147.91 - calling API...
[SAVED] 65.75, 147.91 → country: Россия
[CACHE MISS] -4.04, 4.91 - calling API...
[SAVED] -4.04, 4.91 → unknown: unknown
[CACHE MISS] -12.3, 126.86 - calling API...
[SAVED] -12.3, 126.86 → unknown: unknown
[CACHE MISS] -64.08, 90.55 - calling API...
[SAVED] -64.08, 90.55 → unknown: unknown
[CACHE MISS] 9.32, -115.86 - calling API...
[SAVED] 9.32, -115.86 → unknown: unknown
[CACHE MISS] 42.35, 44.81 - calling API...
[SAVED] 42.35, 44.81 → country: საქართველო
[CACHE MISS] -1.72, 72.77 - calling API...
[SAVED] -1.72, 72.77 → unknown: unknown
[CACHE MISS] -43.46, 147.86 - calling API...
[SAVED] -43.46, 147.86 → country: Australia
[CACHE MISS] -18.84, 14.44 - calling API...
[SAVED] -18.84, 14.44 → country: Namibia
[CACHE MISS] -18.63, -116.51 - calling API...
[SAVED] -18.63, -116.51 → unknown: unknown
[CACHE MISS] 34.24, -133.79 - calling API...
[SAVED] 34.24, -133.79 → unknown: unknown
[CACHE MISS] 45.34, -128.82 - calling API...
[SAVED] 45.34, -128.82 → unknown: unknown
[CACHE MISS] -56.34, -60.16 - calling API...
[SAVED] -56.34, -60.16 → unknown: unknown
[CACHE MISS] 7.04, 22.06 - calling API...
[SAVED] 7.04, 22.06 → country: Ködörösêse tî Bêafrîka / République centrafricaine
[CACHE MISS] 17.28, -101.32 - calling API...
[SAVED] 17.28, -101.32 → country: México
[CACHE MISS] -22.8, 110.69 - calling API...
[SAVED] -22.8, 110.69 → unknown: unknown
[CACHE MISS] 8.38, -93.27 - calling API...
[SAVED] 8.38, -93.27 → unknown: unknown
[CACHE MISS] 26.57, -4.7 - calling API...
[SAVED] 26.57, -4.7 → country: Algérie ⵍⵣⵣⴰⵢⴻⵔ الجزائر
[CACHE MISS] 6.92, -58.67 - calling API...
[SAVED] 6.92, -58.67 → country: Guyana
[CACHE MISS] 34.08, -104.95 - calling API...
[SAVED] 34.08, -104.95 → country: United States
[CACHE HIT] -28.27, -105.54 → ocean: South Pacific Ocean
[CACHE MISS] -32.9, 65.11 - calling API...
[SAVED] -32.9, 65.11 → ocean: Indian Ocean
[CACHE MISS] -48.14, 161.92 - calling API...
[SAVED] -48.14, 161.92 → ocean: Tasman Sea
[CACHE MISS] -3.44, 0.15 - calling API...
[SAVED] -3.44, 0.15 → ocean: South Atlantic Ocean
[CACHE MISS] -25.77, -133.68 - calling API...
[SAVED] -25.77, -133.68 → ocean: South Pacific Ocean
[CACHE MISS] 63.46, 169.7 - calling API...
[SAVED] 63.46, 169.7 → country: Россия
[CACHE MISS] -62.24, 89.61 - calling API...
[SAVED] -62.24, 89.61 → ocean: Indian Ocean
[CACHE MISS] 8.48, -144.97 - calling API...
[SAVED] 8.48, -144.97 → ocean: North Pacific Ocean
[CACHE MISS] -28.98, -73.59 - calling API...
[SAVED] -28.98, -73.59 → ocean: South Pacific Ocean
[CACHE MISS] 71.74, 130.17 - calling API...
[SAVED] 71.74, 130.17 → country: Россия
[CACHE MISS] 38.92, 90.15 - calling API...
[SAVED] 38.92, 90.15 → country: 中国
[CACHE MISS] 10.76, 39.51 - calling API...
[SAVED] 10.76, 39.51 → country: ኢትዮጵያ إثيوبيا
[CACHE MISS] 47.24, 138.71 - calling API...
[SAVED] 47.24, 138.71 → country: Россия
[CACHE MISS] 25.74, -179.37 - calling API...
[SAVED] 25.74, -179.37 → unknown: unknown
[CACHE MISS] -35.6, 16.75 - calling API...
[SAVED] -35.6, 16.75 → unknown: unknown
[CACHE MISS] 37.52, -25.56 - calling API...
[SAVED] 37.52, -25.56 → country: Portugal
[CACHE MISS] -57.95, 133.04 - calling API...
[SAVED] -57.95, 133.04 → unknown: unknown
[CACHE MISS] 79.38, 15.76 - calling API...
[SAVED] 79.38, 15.76 → country: Norge
[CACHE MISS] -34.13, 85.22 - calling API...
GeoNames API error for -34.13, 85.22: fetch failed
[SAVED] -34.13, 85.22 → unknown: unknown
[CACHE MISS] -28.02, -91.53 - calling API...
[SAVED] -28.02, -91.53 → unknown: unknown
[CACHE MISS] -73.36, 118.48 - calling API...
[SAVED] -73.36, 118.48 → unknown: unknown
[CACHE MISS] -12.24, 147.65 - calling API...
[SAVED] -12.24, 147.65 → unknown: unknown
[CACHE MISS] -16.46, -38.19 - calling API...
[SAVED] -16.46, -38.19 → unknown: unknown
[CACHE MISS] 33.1, -63.42 - calling API...
[SAVED] 33.1, -63.42 → unknown: unknown
[CACHE MISS] 24.57, -93.67 - calling API...
[SAVED] 24.57, -93.67 → unknown: unknown
[CACHE MISS] -5.87, 96.02 - calling API...
[SAVED] -5.87, 96.02 → unknown: unknown
[CACHE MISS] -44.76, 19.78 - calling API...
[SAVED] -44.76, 19.78 → unknown: unknown
[CACHE MISS] 69.05, 77.62 - calling API...
[SAVED] 69.05, 77.62 → country: Россия
[CACHE MISS] 49.27, 70.93 - calling API...
[SAVED] 49.27, 70.93 → country: Қазақстан
[CACHE MISS] -56.43, 74.95 - calling API...
[SAVED] -56.43, 74.95 → unknown: unknown
[CACHE MISS] 62.62, 40.92 - calling API...
[SAVED] 62.62, 40.92 → country: Россия
[CACHE MISS] -4.43, 132.67 - calling API...
[SAVED] -4.43, 132.67 → country: Indonesia
[CACHE MISS] -14.65, 25.19 - calling API...
[SAVED] -14.65, 25.19 → country: Zambia
[CACHE MISS] 30.15, 65.12 - calling API...
[SAVED] 30.15, 65.12 → country: افغانستان
[CACHE MISS] -83.85, -163.91 - calling API...
[SAVED] -83.85, -163.91 → unknown: unknown
[CACHE MISS] -21.35, -170.07 - calling API...
[SAVED] -21.35, -170.07 → unknown: unknown
[CACHE MISS] -20.31, -82.95 - calling API...
[SAVED] -20.31, -82.95 → unknown: unknown
[CACHE MISS] -13.94, 146.96 - calling API...
[SAVED] -13.94, 146.96 → unknown: unknown
[CACHE MISS] 31.96, -137.65 - calling API...
[SAVED] 31.96, -137.65 → unknown: unknown
[CACHE MISS] -24.53, -106.36 - calling API...
[SAVED] -24.53, -106.36 → unknown: unknown
[CACHE MISS] 14.27, -93.66 - calling API...
[SAVED] 14.27, -93.66 → unknown: unknown
[CACHE MISS] 60.74, 1.69 - calling API...
[SAVED] 60.74, 1.69 → unknown: unknown
[CACHE MISS] 20.91, -146.97 - calling API...
[SAVED] 20.91, -146.97 → unknown: unknown
[CACHE MISS] 83.67, 34.28 - calling API...
[SAVED] 83.67, 34.28 → unknown: unknown
[CACHE MISS] 50.77, -175.46 - calling API...
[SAVED] 50.77, -175.46 → unknown: unknown
[CACHE MISS] 64.87, -69.42 - calling API...
[SAVED] 64.87, -69.42 → country: Canada
[CACHE MISS] 86.73, -74.54 - calling API...
[SAVED] 86.73, -74.54 → unknown: unknown
[CACHE MISS] 7.6, -7.13 - calling API...
[SAVED] 7.6, -7.13 → country: Côte d’Ivoire
[CACHE MISS] 24.47, -96.87 - calling API...
[SAVED] 24.47, -96.87 → unknown: unknown
[CACHE MISS] 66.88, 170.84 - calling API...
[SAVED] 66.88, 170.84 → country: Россия
[CACHE MISS] -77.57, 61.11 - calling API...
[SAVED] -77.57, 61.11 → unknown: unknown
[CACHE MISS] 81.54, -127.88 - calling API...
[SAVED] 81.54, -127.88 → unknown: unknown
[CACHE MISS] -57.7, 29.73 - calling API...
[SAVED] -57.7, 29.73 → unknown: unknown
[CACHE MISS] 10.41, -9.23 - calling API...
[SAVED] 10.41, -9.23 → country: Guinée
[CACHE MISS] 71.79, -26.81 - calling API...
[SAVED] 71.79, -26.81 → country: Kalaallit Nunaat
[CACHE MISS] -38.53, -165.06 - calling API...
[SAVED] -38.53, -165.06 → unknown: unknown
[CACHE MISS] -5.21, 83.55 - calling API...
[SAVED] -5.21, 83.55 → unknown: unknown
[CACHE MISS] 36.77, 95.91 - calling API...
[SAVED] 36.77, 95.91 → country: 中国
[CACHE MISS] -12, 62.42 - calling API...
[SAVED] -12, 62.42 → unknown: unknown
[CACHE MISS] 48.12, 28.78 - calling API...
[SAVED] 48.12, 28.78 → country: Moldova
[CACHE MISS] -60.59, 4.8 - calling API...
[SAVED] -60.59, 4.8 → unknown: unknown
[CACHE MISS] -21.52, 93.59 - calling API...
[SAVED] -21.52, 93.59 → unknown: unknown
[CACHE MISS] 39.38, -168.87 - calling API...
[SAVED] 39.38, -168.87 → unknown: unknown
[CACHE MISS] -45.73, 80.32 - calling API...
[SAVED] -45.73, 80.32 → unknown: unknown
[CACHE MISS] -34.01, 167.96 - calling API...
[SAVED] -34.01, 167.96 → unknown: unknown
[CACHE MISS] -15.55, -7.79 - calling API...
[SAVED] -15.55, -7.79 → unknown: unknown
[CACHE MISS] -7.98, -99.81 - calling API...
[SAVED] -7.98, -99.81 → unknown: unknown
[CACHE MISS] -4.39, 20.89 - calling API...
[SAVED] -4.39, 20.89 → country: République démocratique du Congo
[CACHE MISS] 10.54, -28.73 - calling API...
[SAVED] 10.54, -28.73 → unknown: unknown
[CACHE MISS] 27.77, -123.08 - calling API...
[SAVED] 27.77, -123.08 → unknown: unknown
[CACHE MISS] -64.52, -96.3 - calling API...
[SAVED] -64.52, -96.3 → unknown: unknown
[CACHE MISS] 36.27, 12.77 - calling API...
[SAVED] 36.27, 12.77 → unknown: unknown
[CACHE MISS] 7.06, 145.82 - calling API...
[SAVED] 7.06, 145.82 → unknown: unknown
[CACHE MISS] 55.12, -91.51 - calling API...
[SAVED] 55.12, -91.51 → country: Canada
[CACHE MISS] 10.17, -74.03 - calling API...
[SAVED] 10.17, -74.03 → country: Colombia
[CACHE MISS] -11.5, -141.42 - calling API...
[SAVED] -11.5, -141.42 → unknown: unknown
[CACHE MISS] -67.59, 124.01 - calling API...
[SAVED] -67.59, 124.01 → unknown: unknown
[CACHE MISS] -21.24, 104.11 - calling API...
[SAVED] -21.24, 104.11 → unknown: unknown
[CACHE MISS] -33.93, -46.77 - calling API...
[SAVED] -33.93, -46.77 → unknown: unknown
[CACHE MISS] -42.18, -179.7 - calling API...
[SAVED] -42.18, -179.7 → unknown: unknown
[CACHE MISS] 0.21, -95.72 - calling API...
[SAVED] 0.21, -95.72 → unknown: unknown
[CACHE MISS] -34.32, 154.7 - calling API...
[SAVED] -34.32, 154.7 → unknown: unknown
[CACHE MISS] 77.77, 179.21 - calling API...
[SAVED] 77.77, 179.21 → unknown: unknown
[CACHE MISS] 51.64, 117.89 - calling API...
[SAVED] 51.64, 117.89 → country: Россия
[CACHE MISS] -59.39, 75.6 - calling API...
[SAVED] -59.39, 75.6 → unknown: unknown
[CACHE MISS] 73.22, -164.33 - calling API...
[SAVED] 73.22, -164.33 → unknown: unknown
[CACHE MISS] -18.47, -77.33 - calling API...
[SAVED] -18.47, -77.33 → unknown: unknown
[CACHE MISS] 13.35, -173.76 - calling API...
[SAVED] 13.35, -173.76 → unknown: unknown
[CACHE MISS] -8.34, -20.35 - calling API...
[SAVED] -8.34, -20.35 → unknown: unknown
[CACHE MISS] 32.81, 145.79 - calling API...
[SAVED] 32.81, 145.79 → unknown: unknown
[CACHE MISS] 44.35, 12.41 - calling API...
[SAVED] 44.35, 12.41 → country: Italia
[CACHE MISS] -8.5, -122.93 - calling API...
[SAVED] -8.5, -122.93 → unknown: unknown
[CACHE MISS] -39.92, 170.14 - calling API...
[SAVED] -39.92, 170.14 → unknown: unknown
[CACHE MISS] -64.92, -172.33 - calling API...
[SAVED] -64.92, -172.33 → unknown: unknown
[CACHE MISS] -49.67, -141.66 - calling API...
[SAVED] -49.67, -141.66 → unknown: unknown
[CACHE MISS] 22.15, -106.91 - calling API...
[SAVED] 22.15, -106.91 → unknown: unknown
[CACHE MISS] -53.64, 137.53 - calling API...
[SAVED] -53.64, 137.53 → unknown: unknown
[CACHE MISS] -12.09, -46.14 - calling API...
[SAVED] -12.09, -46.14 → country: Brasil
[CACHE MISS] 32.69, -46.98 - calling API...
[SAVED] 32.69, -46.98 → unknown: unknown
[CACHE MISS] -63.49, 76.69 - calling API...
[SAVED] -63.49, 76.69 → unknown: unknown
[CACHE MISS] -11.5, -129.19 - calling API...
[SAVED] -11.5, -129.19 → unknown: unknown
[CACHE MISS] -34.99, 5.29 - calling API...
[SAVED] -34.99, 5.29 → unknown: unknown
[CACHE MISS] 56.87, -59.8 - calling API...
[SAVED] 56.87, -59.8 → unknown: unknown
[CACHE MISS] -77.44, -14.24 - calling API...
[SAVED] -77.44, -14.24 → unknown: unknown
[CACHE MISS] 20.14, -53.07 - calling API...
[SAVED] 20.14, -53.07 → unknown: unknown
[CACHE MISS] 62.44, 148.77 - calling API...
[SAVED] 62.44, 148.77 → country: Россия
[CACHE MISS] 82.32, -80.12 - calling API...
[SAVED] 82.32, -80.12 → country: Canada
[CACHE MISS] -20.6, 6.8 - calling API...
[SAVED] -20.6, 6.8 → unknown: unknown
[CACHE MISS] -73.22, 31.02 - calling API...
[SAVED] -73.22, 31.02 → unknown: unknown
[CACHE MISS] 43.11, 139.31 - calling API...
[SAVED] 43.11, 139.31 → unknown: unknown
[CACHE MISS] 83.86, -57.87 - calling API...
[SAVED] 83.86, -57.87 → unknown: unknown
[CACHE MISS] 52.36, 47.03 - calling API...
[SAVED] 52.36, 47.03 → country: Россия
[CACHE MISS] -2.81, -170.29 - calling API...
[SAVED] -2.81, -170.29 → unknown: unknown
[CACHE MISS] -16.18, -68.11 - calling API...
[SAVED] -16.18, -68.11 → country: Bolivia
[CACHE MISS] 36.02, -0.99 - calling API...
[SAVED] 36.02, -0.99 → unknown: unknown
[CACHE MISS] 40.2, 83.98 - calling API...
[SAVED] 40.2, 83.98 → country: 中国
[CACHE MISS] 33.38, -62.87 - calling API...
[SAVED] 33.38, -62.87 → unknown: unknown
[CACHE MISS] -41.07, 108.9 - calling API...
[SAVED] -41.07, 108.9 → unknown: unknown
[CACHE MISS] 32.42, 44.16 - calling API...
[SAVED] 32.42, 44.16 → country: العراق
[CACHE MISS] 41.2, -162.17 - calling API...
[SAVED] 41.2, -162.17 → unknown: unknown
[CACHE MISS] 2.84, -71.3 - calling API...
[SAVED] 2.84, -71.3 → country: Colombia
[CACHE MISS] 17.24, -5.73 - calling API...
[SAVED] 17.24, -5.73 → country: Mauritanie موريتانيا
[CACHE MISS] -66.18, -163.98 - calling API...
[SAVED] -66.18, -163.98 → unknown: unknown
[CACHE MISS] -37.74, -160.91 - calling API...
[SAVED] -37.74, -160.91 → unknown: unknown
[CACHE MISS] -41.07, 83.94 - calling API...
[SAVED] -41.07, 83.94 → unknown: unknown
[CACHE MISS] -67.42, 75.07 - calling API...
[SAVED] -67.42, 75.07 → unknown: unknown
[CACHE MISS] -36.24, -64.12 - calling API...
[SAVED] -36.24, -64.12 → country: Argentina
[CACHE MISS] 59, -169.32 - calling API...
[SAVED] 59, -169.32 → unknown: unknown
[CACHE MISS] 3.48, 40.19 - calling API...
[SAVED] 3.48, 40.19 → country: Kenya
[CACHE MISS] -43.2, 67.35 - calling API...
[SAVED] -43.2, 67.35 → unknown: unknown
[CACHE MISS] -27.15, -170.49 - calling API...
[SAVED] -27.15, -170.49 → unknown: unknown
[CACHE MISS] 52.5, 150.32 - calling API...
[SAVED] 52.5, 150.32 → unknown: unknown
[CACHE MISS] 45.69, -22.89 - calling API...
[SAVED] 45.69, -22.89 → unknown: unknown
[CACHE MISS] 56.47, -158.49 - calling API...
[SAVED] 56.47, -158.49 → country: United States
[CACHE MISS] 0.89, 77.51 - calling API...
[SAVED] 0.89, 77.51 → unknown: unknown
[CACHE MISS] 8.31, -156.78 - calling API...
[SAVED] 8.31, -156.78 → unknown: unknown
[CACHE MISS] -17.7, -2.83 - calling API...
[SAVED] -17.7, -2.83 → unknown: unknown
[CACHE MISS] -19.7, -101.28 - calling API...
[SAVED] -19.7, -101.28 → unknown: unknown
[CACHE MISS] -56.82, 124.11 - calling API...
[SAVED] -56.82, 124.11 → unknown: unknown
[CACHE MISS] 14.98, -86.72 - calling API...
[SAVED] 14.98, -86.72 → country: Honduras
[CACHE MISS] -59.51, 44.42 - calling API...
[SAVED] -59.51, 44.42 → unknown: unknown
[CACHE MISS] 12.51, 22.92 - calling API...
[SAVED] 12.51, 22.92 → country: السودان
[CACHE MISS] -76.19, -21.24 - calling API...
[SAVED] -76.19, -21.24 → unknown: unknown
[CACHE MISS] -57.64, 66.26 - calling API...
[SAVED] -57.64, 66.26 → unknown: unknown
[CACHE MISS] -71.69, -78.17 - calling API...
[SAVED] -71.69, -78.17 → unknown: unknown
[CACHE MISS] 19.08, 167.17 - calling API...
[SAVED] 19.08, 167.17 → unknown: unknown
[CACHE MISS] -45.64, -96.4 - calling API...
[SAVED] -45.64, -96.4 → unknown: unknown
[CACHE MISS] 86.78, -177.44 - calling API...
[SAVED] 86.78, -177.44 → unknown: unknown
[CACHE MISS] -67.49, -162.02 - calling API...
[SAVED] -67.49, -162.02 → unknown: unknown
[CACHE MISS] -5.3, 162.53 - calling API...
[SAVED] -5.3, 162.53 → unknown: unknown
[CACHE MISS] 15.28, 104.61 - calling API...
[SAVED] 15.28, 104.61 → country: ประเทศไทย
[CACHE MISS] -51.62, -119.87 - calling API...
[SAVED] -51.62, -119.87 → unknown: unknown
[CACHE MISS] 16.41, -179.14 - calling API...
[SAVED] 16.41, -179.14 → unknown: unknown
[CACHE MISS] -37.51, 133.79 - calling API...
[SAVED] -37.51, 133.79 → unknown: unknown
[CACHE MISS] 36.8, -71.46 - calling API...
[SAVED] 36.8, -71.46 → unknown: unknown
[CACHE MISS] -0.53, -113.01 - calling API...
[SAVED] -0.53, -113.01 → unknown: unknown
[CACHE MISS] -16.19, 110.83 - calling API...
[SAVED] -16.19, 110.83 → unknown: unknown
[CACHE MISS] 24.03, -4.27 - calling API...
[SAVED] 24.03, -4.27 → country: Mali
[CACHE MISS] -83.77, 178.39 - calling API...
[SAVED] -83.77, 178.39 → unknown: unknown
[CACHE MISS] 86.84, -71.86 - calling API...
[SAVED] 86.84, -71.86 → unknown: unknown
[CACHE MISS] 46.02, 60.36 - calling API...
[SAVED] 46.02, 60.36 → country: Қазақстан
[CACHE MISS] 8.82, -98.53 - calling API...
[SAVED] 8.82, -98.53 → unknown: unknown
[CACHE MISS] -27.51, 113.27 - calling API...
[SAVED] -27.51, 113.27 → unknown: unknown
[CACHE MISS] 13.96, -144.91 - calling API...
[SAVED] 13.96, -144.91 → unknown: unknown
[CACHE MISS] 3.55, -145 - calling API...
[SAVED] 3.55, -145 → unknown: unknown
[CACHE MISS] -54.7, -58.81 - calling API...
[SAVED] -54.7, -58.81 → unknown: unknown
[CACHE MISS] -82.77, 66.57 - calling API...
[SAVED] -82.77, 66.57 → unknown: unknown
[CACHE MISS] 61.2, -89.28 - calling API...
[SAVED] 61.2, -89.28 → country: Canada
[CACHE MISS] 32.66, -146.65 - calling API...
[SAVED] 32.66, -146.65 → unknown: unknown
[CACHE MISS] 44.78, -156.24 - calling API...
[SAVED] 44.78, -156.24 → unknown: unknown
[CACHE MISS] -70.81, 78.4 - calling API...
[SAVED] -70.81, 78.4 → unknown: unknown
[CACHE MISS] -60.51, -121.3 - calling API...
[SAVED] -60.51, -121.3 → unknown: unknown
[CACHE MISS] 86.25, 144.82 - calling API...
[SAVED] 86.25, 144.82 → unknown: unknown
[CACHE MISS] 7.21, 13.02 - calling API...
[SAVED] 7.21, 13.02 → country: Cameroun
[CACHE MISS] 9.04, -54.37 - calling API...
[SAVED] 9.04, -54.37 → unknown: unknown
[CACHE MISS] 0.64, 83.59 - calling API...
[SAVED] 0.64, 83.59 → unknown: unknown
[CACHE MISS] -73.42, -157.79 - calling API...
[SAVED] -73.42, -157.79 → unknown: unknown
[CACHE MISS] -3.13, -34.54 - calling API...
[SAVED] -3.13, -34.54 → unknown: unknown
[CACHE MISS] -25.43, 131.21 - calling API...
[SAVED] -25.43, 131.21 → country: Australia
[CACHE MISS] -19.09, -35.66 - calling API...
[SAVED] -19.09, -35.66 → unknown: unknown
[CACHE MISS] 10.77, -161.93 - calling API...
GeoNames API error for 10.77, -161.93: fetch failed
[SAVED] 10.77, -161.93 → unknown: unknown
[CACHE MISS] -53.28, 38.38 - calling API...
[SAVED] -53.28, 38.38 → unknown: unknown
[CACHE MISS] -13.29, 142.99 - calling API...
[SAVED] -13.29, 142.99 → country: Australia
[CACHE MISS] 61.83, -110.5 - calling API...
[SAVED] 61.83, -110.5 → country: Canada
[CACHE MISS] -10.54, -112.91 - calling API...
[SAVED] -10.54, -112.91 → unknown: unknown
[CACHE MISS] 47.61, -149.65 - calling API...
[SAVED] 47.61, -149.65 → unknown: unknown
[CACHE MISS] -52.29, -154.7 - calling API...
[SAVED] -52.29, -154.7 → unknown: unknown
[CACHE MISS] 12.94, -127.21 - calling API...
[SAVED] 12.94, -127.21 → unknown: unknown
[CACHE MISS] 20.56, -124.06 - calling API...
[SAVED] 20.56, -124.06 → unknown: unknown
[CACHE MISS] 1.23, -112.85 - calling API...
[SAVED] 1.23, -112.85 → unknown: unknown
[CACHE MISS] 16.82, -157.54 - calling API...
[SAVED] 16.82, -157.54 → unknown: unknown
[CACHE MISS] 19.77, -148.99 - calling API...
[SAVED] 19.77, -148.99 → unknown: unknown
[CACHE MISS] -18.5, -109.57 - calling API...
[SAVED] -18.5, -109.57 → unknown: unknown
[CACHE MISS] 28.95, 143.05 - calling API...
[SAVED] 28.95, 143.05 → unknown: unknown
[CACHE MISS] -52.56, -134.68 - calling API...
[SAVED] -52.56, -134.68 → unknown: unknown
[CACHE MISS] 16.1, 96.6 - calling API...
[SAVED] 16.1, 96.6 → country: မြန်မာ
[CACHE MISS] -50.78, -37.45 - calling API...
[SAVED] -50.78, -37.45 → unknown: unknown
[CACHE MISS] -42.15, 72.5 - calling API...
[SAVED] -42.15, 72.5 → unknown: unknown
[CACHE MISS] 63.96, -19.46 - calling API...
[SAVED] 63.96, -19.46 → country: Ísland
[CACHE MISS] 71.71, -11.9 - calling API...
[SAVED] 71.71, -11.9 → unknown: unknown
[CACHE MISS] 14.33, -47.42 - calling API...
[SAVED] 14.33, -47.42 → unknown: unknown
[CACHE MISS] -26.47, 177.85 - calling API...
[SAVED] -26.47, 177.85 → unknown: unknown
[CACHE MISS] -79.49, -60.4 - calling API...
[SAVED] -79.49, -60.4 → unknown: unknown
[CACHE MISS] -12.56, -156.72 - calling API...
[SAVED] -12.56, -156.72 → unknown: unknown
[CACHE MISS] -49.84, 177.9 - calling API...
[SAVED] -49.84, 177.9 → unknown: unknown
[CACHE MISS] -25.85, 26.67 - calling API...
[SAVED] -25.85, 26.67 → country: South Africa
[CACHE MISS] 38.22, 148.46 - calling API...
[SAVED] 38.22, 148.46 → unknown: unknown
[CACHE MISS] 53.98, 15.7 - calling API...
[SAVED] 53.98, 15.7 → country: Polska
[CACHE MISS] 1.28, -89.08 - calling API...
[SAVED] 1.28, -89.08 → unknown: unknown
[CACHE MISS] -70.81, 89.03 - calling API...
[SAVED] -70.81, 89.03 → unknown: unknown
[CACHE MISS] -16.23, -131.48 - calling API...
[SAVED] -16.23, -131.48 → unknown: unknown
[CACHE MISS] 9.31, -50.22 - calling API...
[SAVED] 9.31, -50.22 → unknown: unknown
[CACHE MISS] -27, 106.72 - calling API...
[SAVED] -27, 106.72 → unknown: unknown
[CACHE MISS] 60.01, -2.05 - calling API...
[SAVED] 60.01, -2.05 → country: United Kingdom
[CACHE MISS] -1.52, 28.86 - calling API...
[SAVED] -1.52, 28.86 → country: République démocratique du Congo
[CACHE MISS] 12.58, -79.13 - calling API...
[SAVED] 12.58, -79.13 → unknown: unknown
[CACHE MISS] -10.44, 29 - calling API...
[SAVED] -10.44, 29 → country: Zambia
[CACHE MISS] 52.21, -71.5 - calling API...
[SAVED] 52.21, -71.5 → country: Canada
[CACHE MISS] -46, 79.44 - calling API...
[SAVED] -46, 79.44 → unknown: unknown
[CACHE MISS] 27.22, 173.64 - calling API...
[SAVED] 27.22, 173.64 → unknown: unknown
[CACHE MISS] -21.96, -142.07 - calling API...
[SAVED] -21.96, -142.07 → unknown: unknown
[CACHE MISS] -30.27, -32.2 - calling API...
[SAVED] -30.27, -32.2 → unknown: unknown
[CACHE MISS] 33.28, -46.55 - calling API...
[SAVED] 33.28, -46.55 → unknown: unknown
[CACHE MISS] 15.17, 171.59 - calling API...
[SAVED] 15.17, 171.59 → unknown: unknown
[CACHE MISS] 65.47, 0.33 - calling API...
[SAVED] 65.47, 0.33 → unknown: unknown
[CACHE MISS] -50.19, -149.63 - calling API...
[SAVED] -50.19, -149.63 → unknown: unknown
[CACHE MISS] -68.17, 65.87 - calling API...
[SAVED] -68.17, 65.87 → unknown: unknown
[CACHE MISS] 86.69, -133.43 - calling API...
[SAVED] 86.69, -133.43 → unknown: unknown
[CACHE MISS] -47.15, 143.4 - calling API...
[SAVED] -47.15, 143.4 → unknown: unknown
[CACHE MISS] -29.18, 114.52 - calling API...
[SAVED] -29.18, 114.52 → unknown: unknown
[CACHE MISS] -6.65, 76.78 - calling API...
[SAVED] -6.65, 76.78 → unknown: unknown
[CACHE MISS] 42.68, -176.82 - calling API...
[SAVED] 42.68, -176.82 → unknown: unknown
[CACHE MISS] 75.17, 63.79 - calling API...
[SAVED] 75.17, 63.79 → unknown: unknown
[CACHE MISS] 0.97, -179.37 - calling API...
[SAVED] 0.97, -179.37 → unknown: unknown
[CACHE MISS] -39.11, 147.27 - calling API...
[SAVED] -39.11, 147.27 → unknown: unknown
[CACHE MISS] -24.1, -75.97 - calling API...
[SAVED] -24.1, -75.97 → unknown: unknown
[CACHE MISS] 57.14, 27.72 - calling API...
[SAVED] 57.14, 27.72 → country: Latvija
[CACHE MISS] 16.78, 112.71 - calling API...
[SAVED] 16.78, 112.71 → country: 中国
[CACHE MISS] -25.96, -156.29 - calling API...
[SAVED] -25.96, -156.29 → unknown: unknown
[CACHE MISS] -69.99, 168.7 - calling API...
[SAVED] -69.99, 168.7 → unknown: unknown
[CACHE MISS] 63.49, 153.91 - calling API...
[SAVED] 63.49, 153.91 → country: Россия
[CACHE MISS] 29.07, -149.9 - calling API...
[SAVED] 29.07, -149.9 → unknown: unknown
[CACHE MISS] -40.47, 45.63 - calling API...
[SAVED] -40.47, 45.63 → unknown: unknown
[CACHE MISS] -29.22, 89.55 - calling API...
[SAVED] -29.22, 89.55 → unknown: unknown
[CACHE MISS] 35.12, 56.94 - calling API...
[SAVED] 35.12, 56.94 → country: ایران
[CACHE MISS] -38.06, -139.45 - calling API...
[SAVED] -38.06, -139.45 → unknown: unknown
[CACHE MISS] -69.57, 65.46 - calling API...
[SAVED] -69.57, 65.46 → unknown: unknown
[CACHE MISS] -40.77, 23.51 - calling API...
[SAVED] -40.77, 23.51 → unknown: unknown
[CACHE MISS] -41.81, -84.82 - calling API...
[SAVED] -41.81, -84.82 → unknown: unknown
[CACHE MISS] 32.5, -45.36 - calling API...
[SAVED] 32.5, -45.36 → unknown: unknown
[CACHE MISS] -25.37, -145.44 - calling API...
[SAVED] -25.37, -145.44 → unknown: unknown
[CACHE MISS] -30.56, -32.6 - calling API...
[SAVED] -30.56, -32.6 → unknown: unknown
[CACHE MISS] 75.59, 31.24 - calling API...
[SAVED] 75.59, 31.24 → unknown: unknown
[CACHE MISS] -0.45, -70.93 - calling API...
[SAVED] -0.45, -70.93 → country: Colombia
[CACHE MISS] -34.61, -63.65 - calling API...
[SAVED] -34.61, -63.65 → country: Argentina
[CACHE MISS] -48.85, -113.27 - calling API...
[SAVED] -48.85, -113.27 → unknown: unknown
[CACHE MISS] 41.03, 29.6 - calling API...
[SAVED] 41.03, 29.6 → country: Türkiye
[CACHE MISS] 44.63, 90.49 - calling API...
[SAVED] 44.63, 90.49 → country: 中国
[CACHE MISS] 19.65, 72.31 - calling API...
[SAVED] 19.65, 72.31 → unknown: unknown
[CACHE MISS] 11.65, -11.6 - calling API...
[SAVED] 11.65, -11.6 → country: Guinée
[CACHE MISS] -62.89, 148.75 - calling API...
[SAVED] -62.89, 148.75 → unknown: unknown
[CACHE MISS] 65.67, 103.88 - calling API...
[SAVED] 65.67, 103.88 → country: Россия
[CACHE MISS] -38.33, 147.57 - calling API...
[SAVED] -38.33, 147.57 → country: Australia
[CACHE MISS] -26.29, -115.31 - calling API...
[SAVED] -26.29, -115.31 → unknown: unknown
[CACHE MISS] -36.98, 94.18 - calling API...
[SAVED] -36.98, 94.18 → unknown: unknown
[CACHE MISS] -49.69, 171.23 - calling API...
[SAVED] -49.69, 171.23 → unknown: unknown
[CACHE MISS] -54.32, -0.78 - calling API...
[SAVED] -54.32, -0.78 → unknown: unknown
[CACHE MISS] 28.27, 128.29 - calling API...
[SAVED] 28.27, 128.29 → unknown: unknown
[CACHE MISS] 37.91, -107.7 - calling API...
[SAVED] 37.91, -107.7 → country: United States
[CACHE MISS] -80.04, -25.83 - calling API...
[SAVED] -80.04, -25.83 → unknown: unknown
[CACHE MISS] 85.47, -92.82 - calling API...
[SAVED] 85.47, -92.82 → unknown: unknown
[CACHE MISS] -2.63, 101.32 - calling API...
[SAVED] -2.63, 101.32 → country: Indonesia
[CACHE MISS] -11.58, 33.39 - calling API...
[SAVED] -11.58, 33.39 → country: Malawi
[CACHE MISS] 58.83, -66.9 - calling API...
[SAVED] 58.83, -66.9 → country: Canada
[CACHE MISS] 13.81, 23.99 - calling API...
[SAVED] 13.81, 23.99 → country: السودان
[CACHE MISS] -51.29, 33.05 - calling API...
[SAVED] -51.29, 33.05 → ocean: Indian Ocean
[CACHE MISS] 28.76, 117.01 - calling API...
[SAVED] 28.76, 117.01 → country: 中国
[CACHE MISS] -81.71, 156.49 - calling API...
[SAVED] -81.71, 156.49 → unknown: unknown
[CACHE MISS] 76.97, 41.56 - calling API...
[SAVED] 76.97, 41.56 → ocean: Barentsz Sea
[CACHE MISS] 81.71, -43.9 - calling API...
[SAVED] 81.71, -43.9 → country: Kalaallit Nunaat
[CACHE MISS] -13.91, 3.45 - calling API...
[SAVED] -13.91, 3.45 → ocean: South Atlantic Ocean
[CACHE MISS] -6.4, -146.21 - calling API...
[SAVED] -6.4, -146.21 → ocean: South Pacific Ocean
[CACHE MISS] -6.79, 100.04 - calling API...
[SAVED] -6.79, 100.04 → ocean: Indian Ocean
[CACHE MISS] 72.28, 178.25 - calling API...
[SAVED] 72.28, 178.25 → ocean: East Siberian Sea
[CACHE MISS] -14.69, -51.52 - calling API...
[SAVED] -14.69, -51.52 → country: Brasil
[CACHE MISS] -62.65, -12.23 - calling API...
[SAVED] -62.65, -12.23 → ocean: South Atlantic Ocean
[CACHE MISS] -1.93, 175.8 - calling API...
[SAVED] -1.93, 175.8 → country: Kiribati
[CACHE MISS] 25, 146.16 - calling API...
[SAVED] 25, 146.16 → ocean: North Pacific Ocean
[CACHE MISS] 47.65, 59.54 - calling API...
[SAVED] 47.65, 59.54 → country: Қазақстан
[CACHE MISS] -24.65, 147.73 - calling API...
[SAVED] -24.65, 147.73 → country: Australia
[CACHE MISS] -74.41, -103.02 - calling API...
[SAVED] -74.41, -103.02 → ocean: South Pacific Ocean
[CACHE MISS] -10.41, -151.33 - calling API...
[SAVED] -10.41, -151.33 → ocean: South Pacific Ocean
[CACHE MISS] -1.32, 102.95 - calling API...
[SAVED] -1.32, 102.95 → country: Indonesia
[CACHE MISS] 30.9, -118.82 - calling API...
[SAVED] 30.9, -118.82 → ocean: North Pacific Ocean
[CACHE MISS] -2.69, 10.15 - calling API...
[SAVED] -2.69, 10.15 → country: Gabon
[CACHE MISS] 32.04, 128.7 - calling API...
[SAVED] 32.04, 128.7 → ocean: East China Sea
[CACHE MISS] 24.92, 161.52 - calling API...
[SAVED] 24.92, 161.52 → ocean: North Pacific Ocean
[CACHE MISS] -11.7, 176.98 - calling API...
[SAVED] -11.7, 176.98 → ocean: South Pacific Ocean
[CACHE MISS] 16.44, 139.47 - calling API...
[SAVED] 16.44, 139.47 → ocean: Philippine Sea
[CACHE MISS] -18.7, -95.45 - calling API...
[SAVED] -18.7, -95.45 → ocean: South Pacific Ocean
[CACHE MISS] -42.52, -92.47 - calling API...
[SAVED] -42.52, -92.47 → ocean: South Pacific Ocean
[CACHE MISS] 1.4, -143.81 - calling API...
[SAVED] 1.4, -143.81 → ocean: North Pacific Ocean
[CACHE MISS] -51.54, 169.32 - calling API...
[SAVED] -51.54, 169.32 → ocean: South Pacific Ocean
[CACHE MISS] 17.55, 39.29 - calling API...
[SAVED] 17.55, 39.29 → ocean: Red Sea
[CACHE MISS] 48.13, 65.71 - calling API...
[SAVED] 48.13, 65.71 → country: Қазақстан
[CACHE MISS] -76.25, -153.6 - calling API...
[SAVED] -76.25, -153.6 → ocean: South Pacific Ocean
[CACHE MISS] 73.86, -93.6 - calling API...
[SAVED] 73.86, -93.6 → country: Canada
[CACHE MISS] 42.77, -150.77 - calling API...
[SAVED] 42.77, -150.77 → ocean: North Pacific Ocean
[CACHE MISS] 8.19, -70.88 - calling API...
[SAVED] 8.19, -70.88 → country: Venezuela
[CACHE MISS] 28.52, 133.51 - calling API...
[SAVED] 28.52, 133.51 → ocean: Philippine Sea
[CACHE MISS] 6.11, 29.66 - calling API...
[SAVED] 6.11, 29.66 → country: South Sudan جنوب السودان
[CACHE MISS] -10.74, -168.75 - calling API...
[SAVED] -10.74, -168.75 → ocean: South Pacific Ocean
[CACHE MISS] 28.46, -105.38 - calling API...
[SAVED] 28.46, -105.38 → country: México
[CACHE MISS] 23.01, -52.83 - calling API...
[SAVED] 23.01, -52.83 → ocean: North Atlantic Ocean
[CACHE MISS] 5.88, -134.9 - calling API...
[SAVED] 5.88, -134.9 → ocean: North Pacific Ocean
[CACHE MISS] -42.72, -68.45 - calling API...
[SAVED] -42.72, -68.45 → country: Argentina
[CACHE MISS] -17.13, -64.66 - calling API...
[SAVED] -17.13, -64.66 → country: Bolivia
[CACHE MISS] -6.89, -128.76 - calling API...
[SAVED] -6.89, -128.76 → ocean: South Pacific Ocean
[CACHE MISS] 24.33, -51.96 - calling API...
[SAVED] 24.33, -51.96 → ocean: North Atlantic Ocean
[CACHE MISS] -71.41, 29.87 - calling API...
[SAVED] -71.41, 29.87 → unknown: unknown
[CACHE MISS] 84.2, 9.71 - calling API...
[SAVED] 84.2, 9.71 → ocean: Arctic Ocean
[CACHE MISS] 8.12, -157.77 - calling API...
[SAVED] 8.12, -157.77 → ocean: North Pacific Ocean
[CACHE MISS] 54.01, -46.85 - calling API...
[SAVED] 54.01, -46.85 → ocean: North Atlantic Ocean
[CACHE MISS] 77.29, -133.2 - calling API...
[SAVED] 77.29, -133.2 → ocean: Arctic Ocean
[CACHE MISS] -1.77, -167.07 - calling API...
[SAVED] -1.77, -167.07 → ocean: South Pacific Ocean
[CACHE MISS] -38.47, 4.92 - calling API...
[SAVED] -38.47, 4.92 → ocean: South Atlantic Ocean
[CACHE MISS] 25.38, 19.11 - calling API...
[SAVED] 25.38, 19.11 → country: ليبيا
[CACHE MISS] 22.4, -26.53 - calling API...
[SAVED] 22.4, -26.53 → ocean: Canarias Sea
[CACHE MISS] 85.3, -119.62 - calling API...
[SAVED] 85.3, -119.62 → ocean: Arctic Ocean
[CACHE MISS] 79.69, -59.67 - calling API...
[SAVED] 79.69, -59.67 → country: Kalaallit Nunaat
[CACHE MISS] 17.41, -16.27 - calling API...
[SAVED] 17.41, -16.27 → country: Mauritanie موريتانيا
[CACHE MISS] -22.37, 29.45 - calling API...
[SAVED] -22.37, 29.45 → country: South Africa
[CACHE MISS] -42.55, 53.53 - calling API...
[SAVED] -42.55, 53.53 → unknown: unknown
[CACHE MISS] -63.1, 75.89 - calling API...
[SAVED] -63.1, 75.89 → unknown: unknown
[CACHE MISS] 46.73, 96.64 - calling API...
[SAVED] 46.73, 96.64 → country: Монгол улс ᠮᠤᠩᠭᠤᠯ ᠤᠯᠤᠰ
[CACHE MISS] 23.31, 171.04 - calling API...
[SAVED] 23.31, 171.04 → unknown: unknown
[CACHE HIT] -35.68, 28.98 → ocean: Indian Ocean
[CACHE MISS] -43.39, 19.53 - calling API...
[SAVED] -43.39, 19.53 → unknown: unknown
[CACHE MISS] 70.53, -7.02 - calling API...
[SAVED] 70.53, -7.02 → unknown: unknown
[CACHE MISS] -47.95, -79.7 - calling API...
[SAVED] -47.95, -79.7 → unknown: unknown
[CACHE MISS] 20.78, 127.42 - calling API...
[SAVED] 20.78, 127.42 → unknown: unknown
[CACHE MISS] -0.86, -49.26 - calling API...
[SAVED] -0.86, -49.26 → country: Brasil
[CACHE MISS] 55.28, -90.17 - calling API...
[SAVED] 55.28, -90.17 → country: Canada
[CACHE MISS] -69.45, -164.37 - calling API...
[SAVED] -69.45, -164.37 → unknown: unknown
[CACHE MISS] 20.65, 67.32 - calling API...
[SAVED] 20.65, 67.32 → unknown: unknown
[CACHE MISS] -65.41, 96.54 - calling API...
[SAVED] -65.41, 96.54 → unknown: unknown
[CACHE MISS] -19.28, -124.22 - calling API...
[SAVED] -19.28, -124.22 → unknown: unknown
[CACHE MISS] 64.97, -27.28 - calling API...
[SAVED] 64.97, -27.28 → unknown: unknown
[CACHE MISS] 5.86, -77.02 - calling API...
[SAVED] 5.86, -77.02 → country: Colombia
[CACHE HIT] 43.96, 19.61 → country: Србија
[CACHE MISS] -51.91, -114.8 - calling API...
[SAVED] -51.91, -114.8 → unknown: unknown
[CACHE MISS] 50.11, 85.93 - calling API...
[SAVED] 50.11, 85.93 → country: Россия
[CACHE MISS] -81.51, -177.18 - calling API...
[SAVED] -81.51, -177.18 → unknown: unknown
[CACHE MISS] 59.65, 106.44 - calling API...
[SAVED] 59.65, 106.44 → country: Россия
[CACHE MISS] 23.45, 0.07 - calling API...
[SAVED] 23.45, 0.07 → country: Algérie ⵍⵣⵣⴰⵢⴻⵔ الجزائر
[CACHE MISS] 63.26, 6.67 - calling API...
[SAVED] 63.26, 6.67 → unknown: unknown
[CACHE MISS] -30.59, 44.45 - calling API...
[SAVED] -30.59, 44.45 → unknown: unknown
[CACHE MISS] 73.07, -103.3 - calling API...
[SAVED] 73.07, -103.3 → country: Canada
[CACHE MISS] 17.61, 133.4 - calling API...
[SAVED] 17.61, 133.4 → unknown: unknown
[CACHE MISS] -77.63, 40.63 - calling API...
[SAVED] -77.63, 40.63 → unknown: unknown
[CACHE MISS] 54.09, 131.25 - calling API...
[SAVED] 54.09, 131.25 → country: Россия
[CACHE MISS] -1.87, -89.6 - calling API...
[SAVED] -1.87, -89.6 → unknown: unknown
[CACHE MISS] 41.5, 50.17 - calling API...
[SAVED] 41.5, 50.17 → unknown: unknown
[CACHE MISS] -47.59, -82.6 - calling API...
[SAVED] -47.59, -82.6 → unknown: unknown
[CACHE MISS] -2.72, -145.49 - calling API...
[SAVED] -2.72, -145.49 → unknown: unknown
[CACHE MISS] -0.6, 73.98 - calling API...
[SAVED] -0.6, 73.98 → unknown: unknown
[CACHE MISS] -54.89, 172.83 - calling API...
[SAVED] -54.89, 172.83 → unknown: unknown
[CACHE MISS] 6.25, 168.42 - calling API...
[SAVED] 6.25, 168.42 → unknown: unknown
[CACHE MISS] 54.58, -73.63 - calling API...
[SAVED] 54.58, -73.63 → country: Canada
[CACHE MISS] 61.5, -103.32 - calling API...
[SAVED] 61.5, -103.32 → country: Canada
[CACHE MISS] -52.16, 78.74 - calling API...
[SAVED] -52.16, 78.74 → unknown: unknown
[CACHE MISS] -17.1, -63.02 - calling API...
[SAVED] -17.1, -63.02 → country: Bolivia
[CACHE MISS] -13.32, 163.67 - calling API...
[SAVED] -13.32, 163.67 → unknown: unknown
[CACHE MISS] 55.61, -16.48 - calling API...
[SAVED] 55.61, -16.48 → unknown: unknown
[CACHE MISS] -60.69, -145.29 - calling API...
[SAVED] -60.69, -145.29 → unknown: unknown
[CACHE MISS] -44.31, 42.11 - calling API...
[SAVED] -44.31, 42.11 → unknown: unknown
[CACHE MISS] 37.91, 160.51 - calling API...
[SAVED] 37.91, 160.51 → unknown: unknown
[CACHE MISS] -43.88, 79.49 - calling API...
[SAVED] -43.88, 79.49 → unknown: unknown
[CACHE MISS] 15.85, 67.61 - calling API...
[SAVED] 15.85, 67.61 → unknown: unknown
[CACHE MISS] 75.2, -62.76 - calling API...
[SAVED] 75.2, -62.76 → unknown: unknown
[CACHE MISS] 27.6, 51.52 - calling API...
[SAVED] 27.6, 51.52 → country: ایران
[CACHE MISS] 11.73, 98.91 - calling API...
[SAVED] 11.73, 98.91 → country: မြန်မာ
[CACHE MISS] 36.38, 17.34 - calling API...
[SAVED] 36.38, 17.34 → unknown: unknown
[CACHE MISS] 11.57, 165.45 - calling API...
[SAVED] 11.57, 165.45 → country: Ṃajeḷ
[CACHE MISS] -21.07, -162.15 - calling API...
[SAVED] -21.07, -162.15 → unknown: unknown
[CACHE MISS] 28.62, 172.13 - calling API...
[SAVED] 28.62, 172.13 → unknown: unknown
[CACHE MISS] -37.25, 163.43 - calling API...
[SAVED] -37.25, 163.43 → unknown: unknown
[CACHE MISS] -55.62, -162.13 - calling API...
[SAVED] -55.62, -162.13 → unknown: unknown
[CACHE MISS] -14.23, 161.98 - calling API...
[SAVED] -14.23, 161.98 → unknown: unknown
[CACHE MISS] 53.22, -101.93 - calling API...
[SAVED] 53.22, -101.93 → country: Canada
[CACHE MISS] -12.9, 12.61 - calling API...
[SAVED] -12.9, 12.61 → unknown: unknown
[CACHE MISS] -33.18, 125.65 - calling API...
[SAVED] -33.18, 125.65 → unknown: unknown
[CACHE MISS] -17.67, -53.3 - calling API...
[SAVED] -17.67, -53.3 → country: Brasil
[CACHE MISS] -54.43, 135.08 - calling API...
[SAVED] -54.43, 135.08 → unknown: unknown
[CACHE MISS] 83.64, -107.55 - calling API...
[SAVED] 83.64, -107.55 → unknown: unknown
[CACHE MISS] -62.53, 19.51 - calling API...
[SAVED] -62.53, 19.51 → unknown: unknown
[CACHE MISS] 11.44, -132.02 - calling API...
[SAVED] 11.44, -132.02 → unknown: unknown
[CACHE MISS] 28.98, -47.25 - calling API...
[SAVED] 28.98, -47.25 → unknown: unknown
[CACHE MISS] -56.84, -28.67 - calling API...
[SAVED] -56.84, -28.67 → unknown: unknown
[CACHE MISS] 79.49, 147.74 - calling API...
[SAVED] 79.49, 147.74 → unknown: unknown
[CACHE MISS] -31.4, -159.25 - calling API...
[SAVED] -31.4, -159.25 → unknown: unknown
[CACHE MISS] -22.56, 143.51 - calling API...
[SAVED] -22.56, 143.51 → country: Australia
[CACHE MISS] 8.99, -93.34 - calling API...
[SAVED] 8.99, -93.34 → unknown: unknown
[CACHE MISS] 58.63, 49.85 - calling API...
[SAVED] 58.63, 49.85 → country: Россия
[CACHE MISS] -17.5, 8.71 - calling API...
[SAVED] -17.5, 8.71 → unknown: unknown
[CACHE MISS] 23.82, -28.38 - calling API...
[SAVED] 23.82, -28.38 → unknown: unknown
[CACHE MISS] 50.61, 52.12 - calling API...
[SAVED] 50.61, 52.12 → country: Қазақстан
[CACHE MISS] 65.19, 89.57 - calling API...
[SAVED] 65.19, 89.57 → country: Россия
[CACHE MISS] 31.98, 14.56 - calling API...
[SAVED] 31.98, 14.56 → country: ليبيا
[CACHE MISS] -33.42, 48.16 - calling API...
[SAVED] -33.42, 48.16 → unknown: unknown
[CACHE MISS] 29.62, 51.58 - calling API...
[SAVED] 29.62, 51.58 → country: ایران
[CACHE MISS] 61.92, -116.89 - calling API...
[SAVED] 61.92, -116.89 → country: Canada
[CACHE MISS] -31.09, -155.51 - calling API...
[SAVED] -31.09, -155.51 → unknown: unknown
[CACHE MISS] -10.92, 151.04 - calling API...
[SAVED] -10.92, 151.04 → country: Papua Niugini
[CACHE MISS] -45.66, 135.33 - calling API...
[SAVED] -45.66, 135.33 → unknown: unknown
[CACHE MISS] -55, -39.68 - calling API...
[SAVED] -55, -39.68 → unknown: unknown
[CACHE MISS] 12.5, -23.07 - calling API...
[SAVED] 12.5, -23.07 → unknown: unknown
[CACHE MISS] 41.54, -67.27 - calling API...
[SAVED] 41.54, -67.27 → unknown: unknown
[CACHE MISS] -51.06, -70.47 - calling API...
[SAVED] -51.06, -70.47 → country: Argentina
[CACHE MISS] -57.04, 74.34 - calling API...
[SAVED] -57.04, 74.34 → unknown: unknown
[CACHE MISS] 46.61, -81.45 - calling API...
[SAVED] 46.61, -81.45 → country: Canada
[CACHE MISS] 49.32, -20.45 - calling API...
[SAVED] 49.32, -20.45 → unknown: unknown
[CACHE MISS] -56.52, -177.54 - calling API...
[SAVED] -56.52, -177.54 → unknown: unknown
[CACHE MISS] -23.77, 85.89 - calling API...
[SAVED] -23.77, 85.89 → unknown: unknown
[CACHE MISS] -64.4, -58.23 - calling API...
[SAVED] -64.4, -58.23 → unknown: unknown
[CACHE MISS] -13.98, 21.13 - calling API...
[SAVED] -13.98, 21.13 → country: Angola
[CACHE MISS] 60.15, 102.19 - calling API...
[SAVED] 60.15, 102.19 → country: Россия
[CACHE MISS] 21.13, 31.37 - calling API...
[SAVED] 21.13, 31.37 → country: السودان
[CACHE MISS] 7.74, -136.2 - calling API...
[SAVED] 7.74, -136.2 → unknown: unknown
[CACHE MISS] 5.2, 31.08 - calling API...
[SAVED] 5.2, 31.08 → country: South Sudan جنوب السودان
[CACHE MISS] -66.64, -164.22 - calling API...
[SAVED] -66.64, -164.22 → unknown: unknown
[CACHE MISS] -21.03, 53.08 - calling API...
[SAVED] -21.03, 53.08 → unknown: unknown
[CACHE MISS] 24, 30.65 - calling API...
[SAVED] 24, 30.65 → country: مصر
[CACHE MISS] 21.73, -57.33 - calling API...
[SAVED] 21.73, -57.33 → unknown: unknown
[CACHE MISS] -32.72, 170.4 - calling API...
[SAVED] -32.72, 170.4 → unknown: unknown
[CACHE MISS] -47.62, -86.27 - calling API...
[SAVED] -47.62, -86.27 → unknown: unknown
[CACHE MISS] -6.04, -31.91 - calling API...
[SAVED] -6.04, -31.91 → unknown: unknown
[CACHE MISS] -49.98, 110.58 - calling API...
[SAVED] -49.98, 110.58 → unknown: unknown
[CACHE MISS] 58.69, -162.09 - calling API...
[SAVED] 58.69, -162.09 → country: United States
[CACHE MISS] -61.33, -165.68 - calling API...
[SAVED] -61.33, -165.68 → unknown: unknown
[CACHE MISS] -61.5, 117.09 - calling API...
[SAVED] -61.5, 117.09 → unknown: unknown
[CACHE MISS] -27.51, 156.94 - calling API...
[SAVED] -27.51, 156.94 → unknown: unknown
[CACHE MISS] 44.04, 49.56 - calling API...
[SAVED] 44.04, 49.56 → unknown: unknown
[CACHE MISS] 9.25, -128.55 - calling API...
[SAVED] 9.25, -128.55 → unknown: unknown
[CACHE MISS] -56.12, 55.05 - calling API...
[SAVED] -56.12, 55.05 → unknown: unknown
[CACHE MISS] -48.16, 58.88 - calling API...
[SAVED] -48.16, 58.88 → unknown: unknown
[CACHE MISS] -51.53, -109.34 - calling API...
[SAVED] -51.53, -109.34 → unknown: unknown
[CACHE MISS] 15.87, 0.12 - calling API...
[SAVED] 15.87, 0.12 → country: Mali
[CACHE MISS] -65.2, 174.73 - calling API...
[SAVED] -65.2, 174.73 → unknown: unknown
[CACHE MISS] 0.78, 91.1 - calling API...
[SAVED] 0.78, 91.1 → unknown: unknown
[CACHE MISS] -64.05, 165.01 - calling API...
[SAVED] -64.05, 165.01 → unknown: unknown
[CACHE MISS] -2.36, 149.85 - calling API...
[SAVED] -2.36, 149.85 → country: Papua Niugini
[CACHE MISS] -35.59, -10.38 - calling API...
[SAVED] -35.59, -10.38 → unknown: unknown
[CACHE MISS] -4.05, 78.6 - calling API...
[SAVED] -4.05, 78.6 → unknown: unknown
[CACHE MISS] 58.46, -25.12 - calling API...
[SAVED] 58.46, -25.12 → unknown: unknown
[CACHE MISS] 85.47, 103.97 - calling API...
[SAVED] 85.47, 103.97 → unknown: unknown
[CACHE MISS] -33.51, 49.42 - calling API...
[SAVED] -33.51, 49.42 → unknown: unknown
[CACHE MISS] 26.5, 133.69 - calling API...
[SAVED] 26.5, 133.69 → unknown: unknown
[CACHE MISS] 74.92, 48.95 - calling API...
[SAVED] 74.92, 48.95 → unknown: unknown
[CACHE MISS] 37.49, 53.73 - calling API...
[SAVED] 37.49, 53.73 → country: Türkmenistan
[CACHE MISS] 40.42, -139.91 - calling API...
[SAVED] 40.42, -139.91 → unknown: unknown
[CACHE MISS] -67.77, 128.12 - calling API...
[SAVED] -67.77, 128.12 → unknown: unknown
[CACHE MISS] -71.15, -160.92 - calling API...
[SAVED] -71.15, -160.92 → unknown: unknown
[CACHE MISS] 54.39, -101.97 - calling API...
[SAVED] 54.39, -101.97 → country: Canada
[CACHE MISS] 51.37, 26.36 - calling API...
[SAVED] 51.37, 26.36 → country: Україна
[CACHE MISS] -64.48, -2.47 - calling API...
[SAVED] -64.48, -2.47 → unknown: unknown
[CACHE MISS] 10.03, 137.45 - calling API...
[SAVED] 10.03, 137.45 → unknown: unknown
[CACHE MISS] -35.11, -155.07 - calling API...
[SAVED] -35.11, -155.07 → unknown: unknown
[CACHE MISS] 12.42, 12.83 - calling API...
[SAVED] 12.42, 12.83 → country: Nigeria
[CACHE MISS] -38.93, 113.89 - calling API...
[SAVED] -38.93, 113.89 → unknown: unknown
[CACHE MISS] 39.16, -144.67 - calling API...
[SAVED] 39.16, -144.67 → unknown: unknown
[CACHE MISS] -6.81, -12.72 - calling API...
[SAVED] -6.81, -12.72 → unknown: unknown
[CACHE MISS] 32.36, 55.92 - calling API...
[SAVED] 32.36, 55.92 → country: ایران
[CACHE MISS] 8.28, -123.01 - calling API...
[SAVED] 8.28, -123.01 → unknown: unknown
[CACHE MISS] -19.85, -16.37 - calling API...
[SAVED] -19.85, -16.37 → unknown: unknown
[CACHE MISS] 2.63, 130.84 - calling API...
[SAVED] 2.63, 130.84 → unknown: unknown
[CACHE MISS] 48.94, -108.35 - calling API...
[SAVED] 48.94, -108.35 → country: United States
[CACHE MISS] 26.07, -170.23 - calling API...
[SAVED] 26.07, -170.23 → unknown: unknown
[CACHE MISS] -80.2, 24.45 - calling API...
[SAVED] -80.2, 24.45 → unknown: unknown
[CACHE MISS] 52.77, 95.77 - calling API...
[SAVED] 52.77, 95.77 → country: Россия
[CACHE MISS] 17.81, -110.67 - calling API...
[SAVED] 17.81, -110.67 → unknown: unknown
[CACHE MISS] -68.09, -37.12 - calling API...
[SAVED] -68.09, -37.12 → unknown: unknown
[CACHE MISS] 8.17, -75.36 - calling API...
[SAVED] 8.17, -75.36 → country: Colombia
[CACHE MISS] 29.42, -140.19 - calling API...
[SAVED] 29.42, -140.19 → unknown: unknown
[CACHE MISS] -10.71, 57.45 - calling API...
[SAVED] -10.71, 57.45 → unknown: unknown
[CACHE MISS] -31.15, -26.55 - calling API...
[SAVED] -31.15, -26.55 → unknown: unknown
[CACHE MISS] 26.51, 124.33 - calling API...
[SAVED] 26.51, 124.33 → unknown: unknown
[CACHE MISS] -17.36, -95.08 - calling API...
[SAVED] -17.36, -95.08 → unknown: unknown
[CACHE MISS] -8.58, 12.03 - calling API...
[SAVED] -8.58, 12.03 → unknown: unknown
[CACHE MISS] 76.27, 30.25 - calling API...
[SAVED] 76.27, 30.25 → unknown: unknown
[CACHE MISS] 30.07, 18.94 - calling API...
[SAVED] 30.07, 18.94 → country: ليبيا
[CACHE MISS] -13.2, -159.07 - calling API...
[SAVED] -13.2, -159.07 → unknown: unknown
[CACHE MISS] -41.12, 130.32 - calling API...
[SAVED] -41.12, 130.32 → unknown: unknown
[CACHE MISS] -72.23, -122.02 - calling API...
[SAVED] -72.23, -122.02 → unknown: unknown
[CACHE MISS] -31.8, 141.49 - calling API...
[SAVED] -31.8, 141.49 → country: Australia
[CACHE MISS] -27.52, -43.83 - calling API...
[SAVED] -27.52, -43.83 → unknown: unknown
[CACHE MISS] -8.33, 18.82 - calling API...
[SAVED] -8.33, 18.82 → country: Angola
[CACHE MISS] 49.59, -114.11 - calling API...
[SAVED] 49.59, -114.11 → country: Canada
[CACHE MISS] 12.47, -151.33 - calling API...
[SAVED] 12.47, -151.33 → unknown: unknown
[CACHE MISS] -28.67, -123.76 - calling API...
[SAVED] -28.67, -123.76 → unknown: unknown
[CACHE MISS] 13.1, -102.26 - calling API...
[SAVED] 13.1, -102.26 → unknown: unknown
[CACHE MISS] -65.24, -121.5 - calling API...
[SAVED] -65.24, -121.5 → unknown: unknown
[CACHE MISS] 14.96, -105.21 - calling API...
[SAVED] 14.96, -105.21 → unknown: unknown
[CACHE MISS] 66.28, -162.25 - calling API...
[SAVED] 66.28, -162.25 → country: United States
[CACHE MISS] 5.07, 85.1 - calling API...
[SAVED] 5.07, 85.1 → unknown: unknown
[CACHE MISS] 50.02, 97.32 - calling API...
[SAVED] 50.02, 97.32 → country: Россия
[CACHE MISS] -10.04, -102.24 - calling API...
[SAVED] -10.04, -102.24 → unknown: unknown
[CACHE MISS] 30.02, 89.43 - calling API...
[SAVED] 30.02, 89.43 → country: 中国
[CACHE MISS] -3.03, -89.27 - calling API...
[SAVED] -3.03, -89.27 → unknown: unknown
[CACHE MISS] 10.42, 139.44 - calling API...
[SAVED] 10.42, 139.44 → unknown: unknown
[CACHE MISS] 40.67, 160.5 - calling API...
[SAVED] 40.67, 160.5 → unknown: unknown
[CACHE MISS] 36.49, 79.83 - calling API...
[SAVED] 36.49, 79.83 → country: 中国
[CACHE MISS] 7.17, 124.24 - calling API...
[SAVED] 7.17, 124.24 → country: Philippines
[CACHE MISS] 32.88, 122.22 - calling API...
[SAVED] 32.88, 122.22 → unknown: unknown
[CACHE MISS] -55.34, -9.48 - calling API...
[SAVED] -55.34, -9.48 → unknown: unknown
[CACHE MISS] 59.73, -7.12 - calling API...
[SAVED] 59.73, -7.12 → unknown: unknown
[CACHE MISS] -42.11, 58.09 - calling API...
[SAVED] -42.11, 58.09 → unknown: unknown
[CACHE MISS] 21.44, 174.73 - calling API...
[SAVED] 21.44, 174.73 → unknown: unknown
[CACHE MISS] 2.96, -83.39 - calling API...
[SAVED] 2.96, -83.39 → unknown: unknown
[CACHE MISS] -12.43, 137.88 - calling API...
[SAVED] -12.43, 137.88 → unknown: unknown
[CACHE MISS] -15.02, -151.45 - calling API...
[SAVED] -15.02, -151.45 → unknown: unknown
[CACHE MISS] -39.15, -158.71 - calling API...
[SAVED] -39.15, -158.71 → unknown: unknown
[CACHE MISS] 17.86, -153.76 - calling API...
[SAVED] 17.86, -153.76 → unknown: unknown
[CACHE HIT] -35.85, -44.38 → unknown: unknown
[CACHE MISS] 79.5, 81.15 - calling API...
[SAVED] 79.5, 81.15 → unknown: unknown
[CACHE MISS] 39.28, -160.9 - calling API...
[SAVED] 39.28, -160.9 → unknown: unknown
[CACHE MISS] -26.41, 152.64 - calling API...
[SAVED] -26.41, 152.64 → country: Australia
[CACHE MISS] -38.43, 84.95 - calling API...
[SAVED] -38.43, 84.95 → unknown: unknown
[CACHE MISS] 22.81, -102.52 - calling API...
[SAVED] 22.81, -102.52 → country: México
[CACHE MISS] 44.88, 8.57 - calling API...
[SAVED] 44.88, 8.57 → country: Italia
[CACHE MISS] -0.69, 31.58 - calling API...
[SAVED] -0.69, 31.58 → country: Uganda
[CACHE MISS] -43.67, 26.56 - calling API...
[SAVED] -43.67, 26.56 → ocean: Indian Ocean
[CACHE MISS] 25.96, -88.1 - calling API...
[SAVED] 25.96, -88.1 → ocean: Gulf of Mexico
[CACHE MISS] 48.23, 34.2 - calling API...
[SAVED] 48.23, 34.2 → country: Україна
[CACHE MISS] 11.69, -2.23 - calling API...
[SAVED] 11.69, -2.23 → country: Burkina Faso
[CACHE MISS] -71.49, -69.28 - calling API...
[SAVED] -71.49, -69.28 → unknown: unknown
[CACHE MISS] -28.95, -142.42 - calling API...
[SAVED] -28.95, -142.42 → ocean: South Pacific Ocean
[CACHE MISS] 26.34, -6.58 - calling API...
[SAVED] 26.34, -6.58 → country: Algérie ⵍⵣⵣⴰⵢⴻⵔ الجزائر
[CACHE MISS] -47.13, -144.01 - calling API...
[SAVED] -47.13, -144.01 → ocean: South Pacific Ocean
[CACHE MISS] -42.53, -7.51 - calling API...
[SAVED] -42.53, -7.51 → ocean: South Atlantic Ocean
[CACHE MISS] -76.25, -138.18 - calling API...
[SAVED] -76.25, -138.18 → unknown: unknown
[CACHE MISS] -2.87, 89.51 - calling API...
[SAVED] -2.87, 89.51 → ocean: Indian Ocean
[CACHE MISS] -42.46, 69.1 - calling API...
[SAVED] -42.46, 69.1 → ocean: Indian Ocean
[CACHE MISS] 15.54, -106.97 - calling API...
[SAVED] 15.54, -106.97 → ocean: North Pacific Ocean
[CACHE MISS] -57.69, 21.48 - calling API...
[SAVED] -57.69, 21.48 → ocean: Indian Ocean
[CACHE MISS] 39.45, -55.99 - calling API...
[SAVED] 39.45, -55.99 → ocean: North Atlantic Ocean
[CACHE MISS] -63.65, 64.69 - calling API...
[SAVED] -63.65, 64.69 → ocean: Indian Ocean
[CACHE MISS] -39.38, 165.58 - calling API...
[SAVED] -39.38, 165.58 → ocean: Tasman Sea
[CACHE MISS] 84.87, -95.97 - calling API...
[SAVED] 84.87, -95.97 → ocean: Arctic Ocean
[CACHE MISS] -32.62, -8.56 - calling API...
[SAVED] -32.62, -8.56 → ocean: South Atlantic Ocean
[CACHE MISS] 8.02, -50.05 - calling API...
[SAVED] 8.02, -50.05 → ocean: North Atlantic Ocean
[CACHE MISS] -42.39, 16.69 - calling API...
[SAVED] -42.39, 16.69 → ocean: South Atlantic Ocean
[CACHE MISS] 37.22, -37.07 - calling API...
[SAVED] 37.22, -37.07 → ocean: North Atlantic Ocean
[CACHE MISS] -56.47, -122.36 - calling API...
[SAVED] -56.47, -122.36 → ocean: South Pacific Ocean
[CACHE MISS] 64.38, 99.8 - calling API...
[SAVED] 64.38, 99.8 → country: Россия
[CACHE MISS] 54.42, -147.32 - calling API...
[SAVED] 54.42, -147.32 → ocean: North Pacific Ocean
[CACHE MISS] 28.28, -96.41 - calling API...
[SAVED] 28.28, -96.41 → country: United States
[CACHE MISS] 36.44, 175.1 - calling API...
[SAVED] 36.44, 175.1 → ocean: North Pacific Ocean
[CACHE MISS] -40.11, -149.06 - calling API...
[SAVED] -40.11, -149.06 → ocean: South Pacific Ocean
[CACHE MISS] -9.37, 91.8 - calling API...
[SAVED] -9.37, 91.8 → ocean: Indian Ocean
[CACHE MISS] -9.07, 52.25 - calling API...
[SAVED] -9.07, 52.25 → ocean: Indian Ocean
[CACHE MISS] 39.53, -97.13 - calling API...
[SAVED] 39.53, -97.13 → country: United States
[CACHE MISS] 83.83, -52.4 - calling API...
[SAVED] 83.83, -52.4 → ocean: Arctic Ocean
[CACHE MISS] -6.74, 19.19 - calling API...
[SAVED] -6.74, 19.19 → country: République démocratique du Congo
[CACHE MISS] -9.5, 109.63 - calling API...
[SAVED] -9.5, 109.63 → ocean: Indian Ocean
[CACHE MISS] -66.81, -160.23 - calling API...
[SAVED] -66.81, -160.23 → ocean: South Pacific Ocean
[CACHE MISS] -62.83, 8.79 - calling API...
[SAVED] -62.83, 8.79 → ocean: South Atlantic Ocean
[CACHE MISS] 12.77, -144 - calling API...
[SAVED] 12.77, -144 → ocean: North Pacific Ocean
[CACHE MISS] -36.12, -42.89 - calling API...
[SAVED] -36.12, -42.89 → ocean: South Atlantic Ocean
[CACHE MISS] -66.64, -88.91 - calling API...
[SAVED] -66.64, -88.91 → ocean: South Pacific Ocean
[CACHE MISS] 26.9, -107.07 - calling API...
[SAVED] 26.9, -107.07 → country: México
[CACHE MISS] -76.44, 93.03 - calling API...
[SAVED] -76.44, 93.03 → unknown: unknown
[CACHE MISS] 74.76, -143.17 - calling API...
[SAVED] 74.76, -143.17 → ocean: Arctic Ocean
[CACHE MISS] 78.45, 39.3 - calling API...
[SAVED] 78.45, 39.3 → ocean: Barentsz Sea
[CACHE MISS] 58.88, 131.04 - calling API...
[SAVED] 58.88, 131.04 → country: Россия
[CACHE MISS] 65.64, -43.52 - calling API...
[SAVED] 65.64, -43.52 → country: Kalaallit Nunaat
[CACHE MISS] 58.5, 134.68 - calling API...
[SAVED] 58.5, 134.68 → country: Россия
[CACHE MISS] -58, 32.07 - calling API...
[SAVED] -58, 32.07 → unknown: unknown
[CACHE MISS] 23.57, -138.86 - calling API...
[SAVED] 23.57, -138.86 → unknown: unknown
[CACHE MISS] 10.64, -77.95 - calling API...
[SAVED] 10.64, -77.95 → unknown: unknown
[CACHE MISS] 19.58, -61.7 - calling API...
[SAVED] 19.58, -61.7 → unknown: unknown
[CACHE MISS] 22.59, 122.95 - calling API...
[SAVED] 22.59, 122.95 → unknown: unknown
[CACHE MISS] 20.2, 10.13 - calling API...
[SAVED] 20.2, 10.13 → country: Niger
[CACHE MISS] -7.94, -100.33 - calling API...
[SAVED] -7.94, -100.33 → unknown: unknown
[CACHE MISS] 60.78, 124.68 - calling API...
[SAVED] 60.78, 124.68 → country: Россия
[CACHE MISS] -49.51, -80.38 - calling API...
[SAVED] -49.51, -80.38 → unknown: unknown
[CACHE MISS] -18.83, 8.73 - calling API...
[SAVED] -18.83, 8.73 → unknown: unknown
[CACHE MISS] -67.06, -97.27 - calling API...
[SAVED] -67.06, -97.27 → unknown: unknown
[CACHE MISS] -65.1, -125.28 - calling API...
[SAVED] -65.1, -125.28 → unknown: unknown
[CACHE MISS] 51.35, 119.94 - calling API...
[SAVED] 51.35, 119.94 → country: 中国
[CACHE MISS] 12.52, 51.16 - calling API...
[SAVED] 12.52, 51.16 → unknown: unknown
[CACHE MISS] -80.84, 67.55 - calling API...
[SAVED] -80.84, 67.55 → unknown: unknown
[CACHE MISS] 39.08, -61.11 - calling API...
[SAVED] 39.08, -61.11 → unknown: unknown
[CACHE MISS] 80.81, -16.35 - calling API...
[SAVED] 80.81, -16.35 → country: Kalaallit Nunaat
[CACHE MISS] -15.46, 178.34 - calling API...
[SAVED] -15.46, 178.34 → unknown: unknown
[CACHE MISS] 36.2, -53.17 - calling API...
[SAVED] 36.2, -53.17 → unknown: unknown
[CACHE MISS] 46.69, 102.96 - calling API...
[SAVED] 46.69, 102.96 → country: Монгол улс ᠮᠤᠩᠭᠤᠯ ᠤᠯᠤᠰ
[CACHE MISS] -7.61, 12.58 - calling API...
[SAVED] -7.61, 12.58 → unknown: unknown
[CACHE MISS] -14.21, 18.1 - calling API...
[SAVED] -14.21, 18.1 → country: Angola
[CACHE MISS] -31.13, -16.39 - calling API...
[SAVED] -31.13, -16.39 → unknown: unknown
[CACHE MISS] -41.19, 177.73 - calling API...
[SAVED] -41.19, 177.73 → unknown: unknown
[CACHE MISS] -14.37, -116.32 - calling API...
[SAVED] -14.37, -116.32 → unknown: unknown
[CACHE MISS] 66.79, 132.48 - calling API...
[SAVED] 66.79, 132.48 → country: Россия
[CACHE MISS] 32.18, 91.86 - calling API...
[SAVED] 32.18, 91.86 → country: 中国
[CACHE MISS] -21.47, -166.4 - calling API...
[SAVED] -21.47, -166.4 → unknown: unknown
[CACHE MISS] 60.41, 43.06 - calling API...
[SAVED] 60.41, 43.06 → country: Россия
[CACHE MISS] 77.19, -25.66 - calling API...
[SAVED] 77.19, -25.66 → country: Kalaallit Nunaat
[CACHE MISS] 25.61, -130.84 - calling API...
[SAVED] 25.61, -130.84 → unknown: unknown
[CACHE MISS] -88.12, -109.29 - calling API...
[SAVED] -88.12, -109.29 → unknown: unknown
[CACHE MISS] 48.94, -168.53 - calling API...
[SAVED] 48.94, -168.53 → unknown: unknown
[CACHE MISS] 27.15, 163.28 - calling API...
[SAVED] 27.15, 163.28 → unknown: unknown
[CACHE MISS] 7.76, 1.09 - calling API...
[SAVED] 7.76, 1.09 → country: Togo
[CACHE MISS] -15.96, 28.8 - calling API...
[SAVED] -15.96, 28.8 → country: Zambia
[CACHE MISS] 60.2, 42.71 - calling API...
[SAVED] 60.2, 42.71 → country: Россия
[CACHE MISS] -16.47, 68.37 - calling API...
[SAVED] -16.47, 68.37 → unknown: unknown
[CACHE MISS] -31.54, -171.71 - calling API...
[SAVED] -31.54, -171.71 → unknown: unknown
[CACHE MISS] -22.91, -95.47 - calling API...
[SAVED] -22.91, -95.47 → unknown: unknown
[CACHE MISS] 5.72, -134.32 - calling API...
[SAVED] 5.72, -134.32 → unknown: unknown
[CACHE MISS] -1.15, 16.75 - calling API...
[SAVED] -1.15, 16.75 → country: Congo
[CACHE MISS] 32.27, 101.74 - calling API...
[SAVED] 32.27, 101.74 → country: 中国
[CACHE MISS] -43.79, 98.93 - calling API...
[SAVED] -43.79, 98.93 → unknown: unknown
[CACHE MISS] 4.02, 129.91 - calling API...
[SAVED] 4.02, 129.91 → unknown: unknown
[CACHE MISS] -53.82, -128.42 - calling API...
[SAVED] -53.82, -128.42 → unknown: unknown
[CACHE MISS] 56.84, -59.98 - calling API...
[SAVED] 56.84, -59.98 → unknown: unknown
[CACHE MISS] 33.13, 75.47 - calling API...
[SAVED] 33.13, 75.47 → country: India
[CACHE MISS] 17.47, 153.51 - calling API...
[SAVED] 17.47, 153.51 → unknown: unknown
[CACHE MISS] 14.06, -37.72 - calling API...
[SAVED] 14.06, -37.72 → unknown: unknown
[CACHE MISS] -73.17, -54.5 - calling API...
[SAVED] -73.17, -54.5 → unknown: unknown
[CACHE MISS] -29.51, 117.15 - calling API...
[SAVED] -29.51, 117.15 → country: Australia
[CACHE MISS] -42.25, 25.07 - calling API...
[SAVED] -42.25, 25.07 → unknown: unknown
[CACHE MISS] 57.01, 73.95 - calling API...
[SAVED] 57.01, 73.95 → country: Россия
[CACHE MISS] -46.51, -99.81 - calling API...
[SAVED] -46.51, -99.81 → unknown: unknown
[CACHE MISS] -0.68, -105.03 - calling API...
[SAVED] -0.68, -105.03 → unknown: unknown
[CACHE MISS] -49.59, 53.68 - calling API...
[SAVED] -49.59, 53.68 → unknown: unknown
[CACHE MISS] -81.38, 168.05 - calling API...
[SAVED] -81.38, 168.05 → unknown: unknown
[CACHE MISS] -54.06, -135.8 - calling API...
[SAVED] -54.06, -135.8 → unknown: unknown
[CACHE MISS] -3.3, -95.02 - calling API...
[SAVED] -3.3, -95.02 → unknown: unknown
[CACHE MISS] -40.95, 5.33 - calling API...
[SAVED] -40.95, 5.33 → unknown: unknown
[CACHE MISS] 14.83, -11.23 - calling API...
[SAVED] 14.83, -11.23 → country: Mali
[CACHE MISS] 43.04, 168.75 - calling API...
[SAVED] 43.04, 168.75 → unknown: unknown
[CACHE MISS] -47.17, 32.79 - calling API...
[SAVED] -47.17, 32.79 → unknown: unknown
[CACHE MISS] 66.69, -46.61 - calling API...
[SAVED] 66.69, -46.61 → country: Kalaallit Nunaat
[CACHE MISS] 67.65, 103.16 - calling API...
[SAVED] 67.65, 103.16 → country: Россия
[CACHE MISS] -9.32, 162.08 - calling API...
[SAVED] -9.32, 162.08 → unknown: unknown
[CACHE MISS] -46.72, -104.01 - calling API...
[SAVED] -46.72, -104.01 → unknown: unknown
[CACHE MISS] -45, 58.6 - calling API...
[SAVED] -45, 58.6 → unknown: unknown
[CACHE MISS] 22.66, -145.15 - calling API...
[SAVED] 22.66, -145.15 → unknown: unknown
[CACHE MISS] 5.85, -69.35 - calling API...
[SAVED] 5.85, -69.35 → country: Colombia
[CACHE MISS] 23.49, -35.05 - calling API...
[SAVED] 23.49, -35.05 → unknown: unknown
[CACHE MISS] -21.1, -73.14 - calling API...
[SAVED] -21.1, -73.14 → unknown: unknown
[CACHE MISS] -18.08, -93.7 - calling API...
[SAVED] -18.08, -93.7 → unknown: unknown
[CACHE MISS] 22.81, -101.29 - calling API...
[SAVED] 22.81, -101.29 → country: México
[CACHE MISS] -74.97, -132.45 - calling API...
[SAVED] -74.97, -132.45 → unknown: unknown
[CACHE MISS] 14.45, 135.27 - calling API...
[SAVED] 14.45, 135.27 → unknown: unknown
[CACHE MISS] -51.58, -77.06 - calling API...
[SAVED] -51.58, -77.06 → unknown: unknown
[CACHE MISS] -57.05, 56.31 - calling API...
[SAVED] -57.05, 56.31 → unknown: unknown
[CACHE MISS] 21.6, -152.18 - calling API...
[SAVED] 21.6, -152.18 → unknown: unknown
[CACHE MISS] 43.69, 97.69 - calling API...
[SAVED] 43.69, 97.69 → country: Монгол улс ᠮᠤᠩᠭᠤᠯ ᠤᠯᠤᠰ
[CACHE MISS] 82.23, -140.73 - calling API...
[SAVED] 82.23, -140.73 → unknown: unknown
[CACHE MISS] 43.82, 174.24 - calling API...
[SAVED] 43.82, 174.24 → unknown: unknown
[CACHE MISS] -66.69, 67.87 - calling API...
[SAVED] -66.69, 67.87 → unknown: unknown
[CACHE MISS] -60.17, -86.34 - calling API...
[SAVED] -60.17, -86.34 → unknown: unknown
[CACHE MISS] -34.65, -65.94 - calling API...
[SAVED] -34.65, -65.94 → country: Argentina
[CACHE MISS] -80.24, 135.76 - calling API...
[SAVED] -80.24, 135.76 → unknown: unknown
[CACHE MISS] -27.4, -45.35 - calling API...
[SAVED] -27.4, -45.35 → unknown: unknown
[CACHE MISS] 36.72, -125.59 - calling API...
[SAVED] 36.72, -125.59 → unknown: unknown
[CACHE MISS] 30.54, 85.64 - calling API...
[SAVED] 30.54, 85.64 → country: 中国
[CACHE MISS] 60.76, 87.87 - calling API...
[SAVED] 60.76, 87.87 → country: Россия
[CACHE MISS] 19.25, 138.14 - calling API...
[SAVED] 19.25, 138.14 → unknown: unknown
[CACHE MISS] -42.1, -8.36 - calling API...
[SAVED] -42.1, -8.36 → unknown: unknown
[CACHE MISS] 50.41, -66.36 - calling API...
[SAVED] 50.41, -66.36 → country: Canada
[CACHE MISS] -2.76, -43.32 - calling API...
[SAVED] -2.76, -43.32 → country: Brasil
[CACHE MISS] 72.8, 123.34 - calling API...
[SAVED] 72.8, 123.34 → country: Россия
[CACHE MISS] 44.04, -115.77 - calling API...
[SAVED] 44.04, -115.77 → country: United States
[CACHE MISS] 47.52, -138.59 - calling API...
[SAVED] 47.52, -138.59 → unknown: unknown
[CACHE MISS] 2.3, -125.26 - calling API...
[SAVED] 2.3, -125.26 → unknown: unknown
[CACHE MISS] 27.89, -8.84 - calling API...
[SAVED] 27.89, -8.84 → country: Maroc ⵍⵎⵖⵔⵉⴱ المغرب
[CACHE MISS] 7.8, -16.97 - calling API...
[SAVED] 7.8, -16.97 → unknown: unknown
[CACHE MISS] 68.53, 133.92 - calling API...
[SAVED] 68.53, 133.92 → country: Россия
[CACHE MISS] -83.78, -113.35 - calling API...
[SAVED] -83.78, -113.35 → unknown: unknown
[CACHE MISS] -20.71, 79.11 - calling API...
[SAVED] -20.71, 79.11 → unknown: unknown
[CACHE MISS] -62.46, -89.82 - calling API...
[SAVED] -62.46, -89.82 → unknown: unknown
[CACHE MISS] 37.04, -148.76 - calling API...
[SAVED] 37.04, -148.76 → unknown: unknown
[CACHE MISS] 40.96, 94.59 - calling API...
[SAVED] 40.96, 94.59 → country: 中国
[CACHE MISS] -39.34, 143.25 - calling API...
[SAVED] -39.34, 143.25 → unknown: unknown
[CACHE MISS] -16.67, 19.51 - calling API...
[SAVED] -16.67, 19.51 → country: Angola
[CACHE MISS] -26.09, -79.47 - calling API...
[SAVED] -26.09, -79.47 → unknown: unknown
[CACHE MISS] -49.6, -129.78 - calling API...
[SAVED] -49.6, -129.78 → unknown: unknown
[CACHE MISS] -26.38, -159.65 - calling API...
[SAVED] -26.38, -159.65 → unknown: unknown
[CACHE MISS] 82.1, 158.62 - calling API...
[SAVED] 82.1, 158.62 → unknown: unknown
[CACHE MISS] 38.52, -169.75 - calling API...
[SAVED] 38.52, -169.75 → unknown: unknown
[CACHE MISS] -30.65, -41.76 - calling API...
[SAVED] -30.65, -41.76 → unknown: unknown
[CACHE MISS] -21.34, -78.17 - calling API...
[SAVED] -21.34, -78.17 → unknown: unknown
[CACHE MISS] -66.47, 150.36 - calling API...
[SAVED] -66.47, 150.36 → unknown: unknown
[CACHE MISS] 8.96, -170.42 - calling API...
[SAVED] 8.96, -170.42 → unknown: unknown
[CACHE MISS] -15.31, 115.25 - calling API...
[SAVED] -15.31, 115.25 → unknown: unknown
[CACHE MISS] -44.39, 123.26 - calling API...
[SAVED] -44.39, 123.26 → unknown: unknown
[CACHE MISS] -50.78, -110.55 - calling API...
[SAVED] -50.78, -110.55 → unknown: unknown
[CACHE MISS] -27.61, -151.16 - calling API...
[SAVED] -27.61, -151.16 → unknown: unknown
[CACHE MISS] -1.85, -81.18 - calling API...
[SAVED] -1.85, -81.18 → country: Ecuador
[CACHE MISS] 16.54, 3.89 - calling API...
[SAVED] 16.54, 3.89 → country: Mali
[CACHE MISS] 31.98, 145.99 - calling API...
[SAVED] 31.98, 145.99 → unknown: unknown
[CACHE MISS] -73.04, -20.47 - calling API...
[SAVED] -73.04, -20.47 → unknown: unknown
[CACHE MISS] 46.81, -81.55 - calling API...
[SAVED] 46.81, -81.55 → country: Canada
[CACHE MISS] 70.32, 7.09 - calling API...
[SAVED] 70.32, 7.09 → unknown: unknown
[CACHE MISS] 76.98, -7.36 - calling API...
[SAVED] 76.98, -7.36 → unknown: unknown
[CACHE MISS] 15.68, -110.79 - calling API...
[SAVED] 15.68, -110.79 → unknown: unknown
[CACHE MISS] -43.51, 88 - calling API...
[SAVED] -43.51, 88 → unknown: unknown
[CACHE MISS] 6.48, 76.79 - calling API...
[SAVED] 6.48, 76.79 → unknown: unknown
[CACHE MISS] -17.83, 99.26 - calling API...
[SAVED] -17.83, 99.26 → unknown: unknown
[CACHE MISS] -20.67, 57 - calling API...
[SAVED] -20.67, 57 → unknown: unknown
[CACHE MISS] 85.15, -78.92 - calling API...
[SAVED] 85.15, -78.92 → unknown: unknown
[CACHE MISS] -8.96, 134.61 - calling API...
[SAVED] -8.96, 134.61 → unknown: unknown
[CACHE MISS] 16.84, -46.07 - calling API...
[SAVED] 16.84, -46.07 → unknown: unknown
[CACHE MISS] -79.35, 41.82 - calling API...
[SAVED] -79.35, 41.82 → unknown: unknown
[CACHE MISS] -44.12, 114.18 - calling API...
[SAVED] -44.12, 114.18 → unknown: unknown
[CACHE MISS] -7.41, 13.2 - calling API...
[SAVED] -7.41, 13.2 → country: Angola
[CACHE MISS] 51.58, -151.89 - calling API...
[SAVED] 51.58, -151.89 → unknown: unknown
[CACHE MISS] 79.13, -160.28 - calling API...
[SAVED] 79.13, -160.28 → unknown: unknown
[CACHE MISS] 45.05, 179.55 - calling API...
[SAVED] 45.05, 179.55 → unknown: unknown
[CACHE MISS] -66.35, -34.38 - calling API...
[SAVED] -66.35, -34.38 → unknown: unknown
[CACHE MISS] 0.7, 110.43 - calling API...
[SAVED] 0.7, 110.43 → country: Indonesia
[CACHE MISS] -35.35, 144.63 - calling API...
[SAVED] -35.35, 144.63 → country: Australia
[CACHE MISS] -23.54, 94.72 - calling API...
[SAVED] -23.54, 94.72 → unknown: unknown
[CACHE MISS] -14.84, -59.35 - calling API...
[SAVED] -14.84, -59.35 → country: Brasil
[CACHE MISS] -52.6, 133.03 - calling API...
[SAVED] -52.6, 133.03 → unknown: unknown
[CACHE MISS] -23.36, -94.79 - calling API...
[SAVED] -23.36, -94.79 → unknown: unknown
[CACHE MISS] -17.58, 64.32 - calling API...
[SAVED] -17.58, 64.32 → unknown: unknown
[CACHE MISS] 23.09, 49.34 - calling API...
[SAVED] 23.09, 49.34 → country: السعودية
[CACHE MISS] 30.61, -25.32 - calling API...
[SAVED] 30.61, -25.32 → unknown: unknown
[CACHE MISS] 31.74, -115.03 - calling API...
[SAVED] 31.74, -115.03 → country: México
[CACHE MISS] -18.83, 6.58 - calling API...
[SAVED] -18.83, 6.58 → unknown: unknown
[CACHE MISS] 24.63, -30.65 - calling API...
[SAVED] 24.63, -30.65 → unknown: unknown
[CACHE MISS] -70.03, -85.84 - calling API...
[SAVED] -70.03, -85.84 → unknown: unknown
[CACHE MISS] -25.98, 97.02 - calling API...
[SAVED] -25.98, 97.02 → unknown: unknown
[CACHE MISS] -35.4, -0.93 - calling API...
[SAVED] -35.4, -0.93 → unknown: unknown
[CACHE MISS] -44.14, -43.46 - calling API...
[SAVED] -44.14, -43.46 → unknown: unknown
[CACHE MISS] 5.2, 43.45 - calling API...
[SAVED] 5.2, 43.45 → country: ኢትዮጵያ إثيوبيا
[CACHE MISS] 49.58, -62.97 - calling API...
[SAVED] 49.58, -62.97 → country: Canada
[CACHE MISS] 23.4, 71.71 - calling API...
[SAVED] 23.4, 71.71 → country: India
[CACHE MISS] -47.82, 15.11 - calling API...
[SAVED] -47.82, 15.11 → ocean: South Atlantic Ocean
[CACHE MISS] -62.17, 27.93 - calling API...
[SAVED] -62.17, 27.93 → ocean: Indian Ocean
[CACHE MISS] -54.31, -5.58 - calling API...
[SAVED] -54.31, -5.58 → ocean: South Atlantic Ocean
[CACHE MISS] -40.43, 98.83 - calling API...
[SAVED] -40.43, 98.83 → ocean: Indian Ocean
[CACHE MISS] 59.01, -97.05 - calling API...
[SAVED] 59.01, -97.05 → country: Canada
[CACHE MISS] -53.83, -102.98 - calling API...
[SAVED] -53.83, -102.98 → ocean: South Pacific Ocean
[CACHE MISS] 44.1, 146.44 - calling API...
[SAVED] 44.1, 146.44 → ocean: Sea Of Okhotsk
[CACHE MISS] -48.9, -72.97 - calling API...
[SAVED] -48.9, -72.97 → country: Chile
[CACHE MISS] -1.93, 16.22 - calling API...
[SAVED] -1.93, 16.22 → country: Congo
[CACHE MISS] 62.23, -120.68 - calling API...
[SAVED] 62.23, -120.68 → country: Canada
[CACHE MISS] 42.45, -148.65 - calling API...
[SAVED] 42.45, -148.65 → unknown: unknown
[CACHE MISS] -74.7, -25.55 - calling API...
[SAVED] -74.7, -25.55 → unknown: unknown
[CACHE MISS] -25.68, -25.3 - calling API...
[SAVED] -25.68, -25.3 → unknown: unknown
[CACHE MISS] -31.01, -158.68 - calling API...
[SAVED] -31.01, -158.68 → unknown: unknown
[CACHE MISS] 44.87, 9.86 - calling API...
[SAVED] 44.87, 9.86 → country: Italia
[CACHE MISS] 87.03, 20.17 - calling API...
[SAVED] 87.03, 20.17 → unknown: unknown
[CACHE MISS] 51.42, 40.05 - calling API...
[SAVED] 51.42, 40.05 → country: Россия
[CACHE MISS] 47.97, -172.58 - calling API...
[SAVED] 47.97, -172.58 → unknown: unknown
[CACHE MISS] -38.67, -33.04 - calling API...
[SAVED] -38.67, -33.04 → unknown: unknown
[CACHE MISS] 80.41, -144.34 - calling API...
[SAVED] 80.41, -144.34 → unknown: unknown
[CACHE MISS] -9.41, -65.65 - calling API...
[SAVED] -9.41, -65.65 → country: Brasil
[CACHE MISS] 54.37, -56.86 - calling API...
[SAVED] 54.37, -56.86 → country: Canada
[CACHE MISS] -62.48, 53.09 - calling API...
[SAVED] -62.48, 53.09 → unknown: unknown
[CACHE MISS] -61.83, -127.61 - calling API...
[SAVED] -61.83, -127.61 → unknown: unknown
[CACHE MISS] -73.93, -102.96 - calling API...
[SAVED] -73.93, -102.96 → unknown: unknown
[CACHE HIT] 19.12, -34.52 → unknown: unknown
[CACHE MISS] 50.46, -32.12 - calling API...
[SAVED] 50.46, -32.12 → unknown: unknown
[CACHE MISS] -41.55, 113.8 - calling API...
[SAVED] -41.55, 113.8 → unknown: unknown
[CACHE MISS] 20.29, 64.29 - calling API...
[SAVED] 20.29, 64.29 → unknown: unknown
[CACHE MISS] 9.62, 116.46 - calling API...
[SAVED] 9.62, 116.46 → country: Philippines
[CACHE MISS] -9.97, -21.4 - calling API...
[SAVED] -9.97, -21.4 → unknown: unknown
[CACHE MISS] 51.24, 145.56 - calling API...
[SAVED] 51.24, 145.56 → unknown: unknown
[CACHE MISS] -20.81, 83.68 - calling API...
[SAVED] -20.81, 83.68 → unknown: unknown
[CACHE MISS] 51.26, -33.64 - calling API...
[SAVED] 51.26, -33.64 → unknown: unknown
[CACHE MISS] 0.99, -57.39 - calling API...
[SAVED] 0.99, -57.39 → country: Brasil
[CACHE MISS] -37.96, -139.23 - calling API...
[SAVED] -37.96, -139.23 → unknown: unknown
[CACHE MISS] -39.62, -153.27 - calling API...
[SAVED] -39.62, -153.27 → unknown: unknown
[CACHE MISS] 11.16, -161.4 - calling API...
[SAVED] 11.16, -161.4 → unknown: unknown
[CACHE MISS] 9.31, 22.86 - calling API...
[SAVED] 9.31, 22.86 → country: Ködörösêse tî Bêafrîka / République centrafricaine
[CACHE MISS] -53.13, 70.91 - calling API...
[SAVED] -53.13, 70.91 → unknown: unknown
[CACHE MISS] 56.23, -176.98 - calling API...
[SAVED] 56.23, -176.98 → unknown: unknown
[CACHE MISS] -68.13, 152.72 - calling API...
[SAVED] -68.13, 152.72 → unknown: unknown
[CACHE MISS] 13.52, -85.36 - calling API...
[SAVED] 13.52, -85.36 → country: Nicaragua
[CACHE MISS] 43.37, 98.03 - calling API...
[SAVED] 43.37, 98.03 → country: Монгол улс ᠮᠤᠩᠭᠤᠯ ᠤᠯᠤᠰ
[CACHE MISS] -6.69, -60.37 - calling API...
[SAVED] -6.69, -60.37 → country: Brasil
[CACHE MISS] -17.08, -8.07 - calling API...
[SAVED] -17.08, -8.07 → unknown: unknown
[CACHE MISS] -49.16, 96.31 - calling API...
[SAVED] -49.16, 96.31 → unknown: unknown
[CACHE MISS] -12.07, -17.3 - calling API...
[SAVED] -12.07, -17.3 → unknown: unknown
[CACHE MISS] 14, 154.89 - calling API...
[SAVED] 14, 154.89 → unknown: unknown
[CACHE MISS] 13.76, 153.51 - calling API...
[SAVED] 13.76, 153.51 → unknown: unknown
[CACHE MISS] 19.96, -134.38 - calling API...
[SAVED] 19.96, -134.38 → unknown: unknown
[CACHE MISS] 13.72, -22.92 - calling API...
[SAVED] 13.72, -22.92 → unknown: unknown
[CACHE MISS] 33.47, -153.94 - calling API...
[SAVED] 33.47, -153.94 → unknown: unknown
[CACHE MISS] -1.6, -88.25 - calling API...
[SAVED] -1.6, -88.25 → unknown: unknown
[CACHE MISS] -46.68, -133.74 - calling API...
[SAVED] -46.68, -133.74 → unknown: unknown
[CACHE MISS] -76.79, -112.53 - calling API...
[SAVED] -76.79, -112.53 → unknown: unknown
[CACHE MISS] -58.13, 25.29 - calling API...
[SAVED] -58.13, 25.29 → unknown: unknown
[CACHE MISS] 4.1, -88.39 - calling API...
[SAVED] 4.1, -88.39 → unknown: unknown
[CACHE MISS] -3.36, 166.43 - calling API...
[SAVED] -3.36, 166.43 → unknown: unknown
[CACHE MISS] -59.56, -75.45 - calling API...
[SAVED] -59.56, -75.45 → unknown: unknown
[CACHE MISS] -76.43, -147.66 - calling API...
[SAVED] -76.43, -147.66 → unknown: unknown
[CACHE MISS] -2.11, -70.12 - calling API...
[SAVED] -2.11, -70.12 → country: Colombia
[CACHE MISS] -0.75, -148.47 - calling API...
[SAVED] -0.75, -148.47 → unknown: unknown
[CACHE MISS] 34.2, 140.3 - calling API...
[SAVED] 34.2, 140.3 → unknown: unknown
[CACHE MISS] 43.54, -117.65 - calling API...
[SAVED] 43.54, -117.65 → country: United States
[CACHE MISS] 59.63, -35.15 - calling API...
[SAVED] 59.63, -35.15 → unknown: unknown
[CACHE MISS] 8.75, -115.61 - calling API...
[SAVED] 8.75, -115.61 → unknown: unknown
[CACHE MISS] -38.56, -67.14 - calling API...
[SAVED] -38.56, -67.14 → country: Argentina
[CACHE MISS] -41.97, -151.24 - calling API...
[SAVED] -41.97, -151.24 → unknown: unknown
[CACHE MISS] -11.76, -138.07 - calling API...
[SAVED] -11.76, -138.07 → unknown: unknown
[CACHE MISS] 25.01, -64.01 - calling API...
[SAVED] 25.01, -64.01 → unknown: unknown
[CACHE MISS] -21.43, -137.7 - calling API...
[SAVED] -21.43, -137.7 → unknown: unknown
[CACHE MISS] 40.97, -41.4 - calling API...
[SAVED] 40.97, -41.4 → unknown: unknown
[CACHE MISS] -19.09, -58.66 - calling API...
[SAVED] -19.09, -58.66 → country: Bolivia
[CACHE MISS] -2.87, 104.53 - calling API...
[SAVED] -2.87, 104.53 → country: Indonesia
[CACHE MISS] 50.33, 66.22 - calling API...
[SAVED] 50.33, 66.22 → country: Қазақстан
[CACHE MISS] -3.49, 147.85 - calling API...
[SAVED] -3.49, 147.85 → country: Papua Niugini
[CACHE MISS] -40.48, 176.42 - calling API...
[SAVED] -40.48, 176.42 → country: New Zealand / Aotearoa
[CACHE MISS] -55.04, -19.32 - calling API...
[SAVED] -55.04, -19.32 → unknown: unknown
[CACHE MISS] -37.24, -109.7 - calling API...
[SAVED] -37.24, -109.7 → unknown: unknown
[CACHE MISS] -20.52, 109.46 - calling API...
[SAVED] -20.52, 109.46 → unknown: unknown
[CACHE MISS] -0.24, 109.32 - calling API...
[SAVED] -0.24, 109.32 → country: Indonesia
[CACHE MISS] 45.41, 13.75 - calling API...
[SAVED] 45.41, 13.75 → country: Hrvatska
[CACHE MISS] 47.66, -75.03 - calling API...
[SAVED] 47.66, -75.03 → country: Canada
[CACHE MISS] 58.96, -165.72 - calling API...
[SAVED] 58.96, -165.72 → unknown: unknown
[CACHE MISS] -15.44, -114.15 - calling API...
[SAVED] -15.44, -114.15 → unknown: unknown
[CACHE MISS] 71.96, -45.41 - calling API...
[SAVED] 71.96, -45.41 → country: Kalaallit Nunaat
[CACHE MISS] 79.96, 47.08 - calling API...
[SAVED] 79.96, 47.08 → country: Россия
[CACHE MISS] 54.73, 19.62 - calling API...
[SAVED] 54.73, 19.62 → country: Россия
[CACHE MISS] 4.93, 44.53 - calling API...
[SAVED] 4.93, 44.53 → country: ኢትዮጵያ إثيوبيا
[CACHE MISS] -48.47, -114.6 - calling API...
[SAVED] -48.47, -114.6 → unknown: unknown
[CACHE MISS] 9.66, -36.7 - calling API...
[SAVED] 9.66, -36.7 → unknown: unknown
[CACHE MISS] 53.24, 110.64 - calling API...
[SAVED] 53.24, 110.64 → country: Россия
[CACHE MISS] 2.58, 15.14 - calling API...
[SAVED] 2.58, 15.14 → country: Cameroun
[CACHE MISS] -34.41, -176.15 - calling API...
[SAVED] -34.41, -176.15 → unknown: unknown
[CACHE MISS] -5.89, -118.27 - calling API...
[SAVED] -5.89, -118.27 → unknown: unknown
[CACHE MISS] -38.18, -57.27 - calling API...
[SAVED] -38.18, -57.27 → unknown: unknown
[CACHE MISS] 1.16, -57.63 - calling API...
[SAVED] 1.16, -57.63 → country: Brasil
[CACHE MISS] 60.51, 119.57 - calling API...
[SAVED] 60.51, 119.57 → country: Россия
[CACHE MISS] -74.09, 161.65 - calling API...
[SAVED] -74.09, 161.65 → unknown: unknown
[CACHE MISS] 26.51, -41.13 - calling API...
[SAVED] 26.51, -41.13 → unknown: unknown
[CACHE MISS] 17.68, -87.03 - calling API...
[SAVED] 17.68, -87.03 → unknown: unknown
[CACHE MISS] 18.56, -4.68 - calling API...
[SAVED] 18.56, -4.68 → country: Mali
[CACHE MISS] -39.09, -126.32 - calling API...
[SAVED] -39.09, -126.32 → unknown: unknown
[CACHE MISS] 26.18, -100.88 - calling API...
[SAVED] 26.18, -100.88 → country: México
[CACHE MISS] 45.42, -12.33 - calling API...
[SAVED] 45.42, -12.33 → unknown: unknown
[CACHE MISS] 58.87, -8.51 - calling API...
[SAVED] 58.87, -8.51 → unknown: unknown
[CACHE MISS] 46.07, 131.42 - calling API...
[SAVED] 46.07, 131.42 → country: 中国
[CACHE MISS] -65.86, -90.07 - calling API...
[SAVED] -65.86, -90.07 → unknown: unknown
[CACHE MISS] 6.73, 90.76 - calling API...
[SAVED] 6.73, 90.76 → unknown: unknown
[CACHE MISS] 57.01, -1.32 - calling API...
[SAVED] 57.01, -1.32 → unknown: unknown
[CACHE MISS] 2.87, 150.04 - calling API...
[SAVED] 2.87, 150.04 → unknown: unknown
[CACHE MISS] 36.02, 75.81 - calling API...
[SAVED] 36.02, 75.81 → country: پاکستان
[CACHE MISS] -28.61, 64.99 - calling API...
[SAVED] -28.61, 64.99 → unknown: unknown
[CACHE MISS] -9.21, -150.45 - calling API...
[SAVED] -9.21, -150.45 → unknown: unknown
[CACHE MISS] -3.16, -29.48 - calling API...
[SAVED] -3.16, -29.48 → unknown: unknown
[CACHE MISS] -71.75, 9.05 - calling API...
[SAVED] -71.75, 9.05 → unknown: unknown
[CACHE MISS] 10.43, 60.84 - calling API...
[SAVED] 10.43, 60.84 → unknown: unknown
[CACHE MISS] 76.74, 57.92 - calling API...
[SAVED] 76.74, 57.92 → unknown: unknown
[CACHE MISS] -42.28, 147.75 - calling API...
[SAVED] -42.28, 147.75 → country: Australia
[CACHE MISS] 1.22, 13.41 - calling API...
[SAVED] 1.22, 13.41 → country: Gabon
[CACHE MISS] 22.52, -17.79 - calling API...
[SAVED] 22.52, -17.79 → unknown: unknown
[CACHE MISS] -17.74, 16.03 - calling API...
[SAVED] -17.74, 16.03 → country: Namibia
[CACHE MISS] -64.72, 146.9 - calling API...
[SAVED] -64.72, 146.9 → unknown: unknown
[CACHE MISS] 83.64, -77.99 - calling API...
[SAVED] 83.64, -77.99 → unknown: unknown
[CACHE MISS] 42.49, -51.05 - calling API...
[SAVED] 42.49, -51.05 → unknown: unknown
[CACHE MISS] -9.81, -118.42 - calling API...
[SAVED] -9.81, -118.42 → unknown: unknown
[CACHE MISS] 30.84, 74.76 - calling API...
[SAVED] 30.84, 74.76 → country: India
[CACHE MISS] 1.52, 109.63 - calling API...
[SAVED] 1.52, 109.63 → country: Indonesia
[CACHE MISS] -34.58, -41.77 - calling API...
[SAVED] -34.58, -41.77 → unknown: unknown
[CACHE MISS] -34.47, -104.27 - calling API...
[SAVED] -34.47, -104.27 → unknown: unknown
[CACHE MISS] -51.43, -50.44 - calling API...
[SAVED] -51.43, -50.44 → unknown: unknown
[CACHE MISS] -16.53, 169.92 - calling API...
[SAVED] -16.53, 169.92 → unknown: unknown
[CACHE MISS] 54.15, 112.27 - calling API...
[SAVED] 54.15, 112.27 → country: Россия
[CACHE MISS] 1.14, 44.77 - calling API...
[SAVED] 1.14, 44.77 → unknown: unknown
[CACHE MISS] 34.73, 122.94 - calling API...
[SAVED] 34.73, 122.94 → unknown: unknown
[CACHE MISS] 71.46, 145.15 - calling API...
[SAVED] 71.46, 145.15 → country: Россия
[CACHE MISS] -64.94, 99.19 - calling API...
[SAVED] -64.94, 99.19 → unknown: unknown
[CACHE MISS] -58.57, 155.85 - calling API...
[SAVED] -58.57, 155.85 → unknown: unknown
[CACHE MISS] 44.12, -134.07 - calling API...
[SAVED] 44.12, -134.07 → unknown: unknown
[CACHE MISS] -5.03, -93.03 - calling API...
[SAVED] -5.03, -93.03 → unknown: unknown
[CACHE MISS] -34.04, 1.11 - calling API...
[SAVED] -34.04, 1.11 → unknown: unknown
[CACHE MISS] -2, -10.32 - calling API...
[SAVED] -2, -10.32 → unknown: unknown
[CACHE MISS] 29.32, -79.7 - calling API...
[SAVED] 29.32, -79.7 → unknown: unknown
[CACHE MISS] -24.88, -107.19 - calling API...
[SAVED] -24.88, -107.19 → unknown: unknown
[CACHE MISS] 5.2, -45.9 - calling API...
[SAVED] 5.2, -45.9 → unknown: unknown
[CACHE MISS] 11.14, 2.64 - calling API...
[SAVED] 11.14, 2.64 → country: Bénin
[CACHE MISS] -50.74, 93.21 - calling API...
[SAVED] -50.74, 93.21 → unknown: unknown
[CACHE MISS] -71.72, 24.5 - calling API...
[SAVED] -71.72, 24.5 → unknown: unknown
[CACHE MISS] -68.48, 38.45 - calling API...
[SAVED] -68.48, 38.45 → unknown: unknown
[CACHE MISS] 27.32, -103.56 - calling API...
[SAVED] 27.32, -103.56 → country: México
[CACHE MISS] -52.47, -167.63 - calling API...
[SAVED] -52.47, -167.63 → unknown: unknown
[CACHE MISS] -66.85, 153.47 - calling API...
[SAVED] -66.85, 153.47 → unknown: unknown
[CACHE MISS] 12.35, 76.17 - calling API...
[SAVED] 12.35, 76.17 → country: India
[CACHE MISS] -53.07, -35.57 - calling API...
[SAVED] -53.07, -35.57 → unknown: unknown
[CACHE MISS] -74.09, 148.99 - calling API...
[SAVED] -74.09, 148.99 → unknown: unknown
[CACHE MISS] 46.15, 79.15 - calling API...
[SAVED] 46.15, 79.15 → country: Қазақстан
[CACHE MISS] 32.15, 91.84 - calling API...
[SAVED] 32.15, 91.84 → country: 中国
[CACHE MISS] -56.11, -34.81 - calling API...
[SAVED] -56.11, -34.81 → unknown: unknown
[CACHE MISS] 5.18, -144.27 - calling API...
[SAVED] 5.18, -144.27 → unknown: unknown
[CACHE MISS] -82.8, -27.87 - calling API...
[SAVED] -82.8, -27.87 → unknown: unknown
[CACHE MISS] -23.49, -25.63 - calling API...
[SAVED] -23.49, -25.63 → unknown: unknown
[CACHE MISS] 2.52, -154.97 - calling API...
[SAVED] 2.52, -154.97 → unknown: unknown
[CACHE MISS] -6.93, -131.59 - calling API...
[SAVED] -6.93, -131.59 → unknown: unknown
[CACHE MISS] 26.97, 29.08 - calling API...
[SAVED] 26.97, 29.08 → country: مصر
[CACHE MISS] 59.41, 129.59 - calling API...
[SAVED] 59.41, 129.59 → country: Россия
[CACHE MISS] -33.57, 121.18 - calling API...
[SAVED] -33.57, 121.18 → country: Australia
[CACHE MISS] 18.79, 60.69 - calling API...
[SAVED] 18.79, 60.69 → unknown: unknown
[CACHE MISS] 5.36, 26 - calling API...
[SAVED] 5.36, 26 → country: Ködörösêse tî Bêafrîka / République centrafricaine
[CACHE MISS] -77.32, 3.56 - calling API...
[SAVED] -77.32, 3.56 → unknown: unknown
[CACHE MISS] -80.99, -94.5 - calling API...
[SAVED] -80.99, -94.5 → unknown: unknown
[CACHE MISS] 49.36, -12.08 - calling API...
[SAVED] 49.36, -12.08 → unknown: unknown
[CACHE MISS] -11.86, 164.09 - calling API...
[SAVED] -11.86, 164.09 → unknown: unknown
[CACHE MISS] -24.11, 56.3 - calling API...
[SAVED] -24.11, 56.3 → unknown: unknown
[CACHE MISS] -39.81, 75.04 - calling API...
[SAVED] -39.81, 75.04 → unknown: unknown
[CACHE MISS] -25.21, 44.78 - calling API...
[SAVED] -25.21, 44.78 → country: Madagasikara / Madagascar
[CACHE MISS] -37.65, -47.92 - calling API...
[SAVED] -37.65, -47.92 → unknown: unknown
[CACHE MISS] -75.02, -107.28 - calling API...
[SAVED] -75.02, -107.28 → unknown: unknown
[CACHE MISS] 4.66, 150.61 - calling API...
[SAVED] 4.66, 150.61 → unknown: unknown
[CACHE MISS] -27.99, -146.25 - calling API...
[SAVED] -27.99, -146.25 → unknown: unknown
[CACHE MISS] 56.65, 157.92 - calling API...
[SAVED] 56.65, 157.92 → country: Россия
[CACHE MISS] 32.69, -113.4 - calling API...
[SAVED] 32.69, -113.4 → country: United States
[CACHE MISS] -40.26, 98.38 - calling API...
[SAVED] -40.26, 98.38 → unknown: unknown
[CACHE MISS] 77.84, -72.61 - calling API...
[SAVED] 77.84, -72.61 → country: Kalaallit Nunaat
[CACHE MISS] 7.27, -174.97 - calling API...
[SAVED] 7.27, -174.97 → unknown: unknown
[CACHE MISS] 56.12, -165.32 - calling API...
[SAVED] 56.12, -165.32 → unknown: unknown
[CACHE MISS] 10.44, 55.82 - calling API...
[SAVED] 10.44, 55.82 → unknown: unknown
[CACHE MISS] -41.19, 136.13 - calling API...
[SAVED] -41.19, 136.13 → unknown: unknown
[CACHE MISS] 15.49, -83.51 - calling API...
[SAVED] 15.49, -83.51 → country: Honduras
[CACHE MISS] -44.23, 158.67 - calling API...
[SAVED] -44.23, 158.67 → unknown: unknown
[CACHE MISS] 86.29, -69.83 - calling API...
[SAVED] 86.29, -69.83 → unknown: unknown
[CACHE MISS] 53.64, 158.37 - calling API...
[SAVED] 53.64, 158.37 → country: Россия
[CACHE MISS] 70.96, -150.63 - calling API...
[SAVED] 70.96, -150.63 → unknown: unknown
[CACHE MISS] -17, -48 - calling API...
[SAVED] -17, -48 → country: Brasil
[CACHE MISS] 46.56, 144.99 - calling API...
[SAVED] 46.56, 144.99 → unknown: unknown
[CACHE MISS] -34.02, 114.02 - calling API...
[SAVED] -34.02, 114.02 → unknown: unknown
[CACHE MISS] 39.77, -38.32 - calling API...
[SAVED] 39.77, -38.32 → unknown: unknown
[CACHE MISS] 9.57, -162.82 - calling API...
[SAVED] 9.57, -162.82 → unknown: unknown
[CACHE MISS] -52.75, 55.54 - calling API...
[SAVED] -52.75, 55.54 → unknown: unknown
[CACHE MISS] 70.09, -93.78 - calling API...
[SAVED] 70.09, -93.78 → country: Canada
[CACHE MISS] -7.87, -159.51 - calling API...
[SAVED] -7.87, -159.51 → unknown: unknown
[CACHE MISS] 36.9, 55.04 - calling API...
[SAVED] 36.9, 55.04 → country: ایران
[CACHE MISS] -0.51, -25.73 - calling API...
[SAVED] -0.51, -25.73 → unknown: unknown
[CACHE MISS] 26.28, -77.29 - calling API...
[SAVED] 26.28, -77.29 → country: The Bahamas
[CACHE MISS] 5.31, 27.46 - calling API...
[SAVED] 5.31, 27.46 → country: South Sudan جنوب السودان
[CACHE MISS] -60.1, -84.87 - calling API...
[SAVED] -60.1, -84.87 → unknown: unknown
[CACHE MISS] -20.79, -59.86 - calling API...
[SAVED] -20.79, -59.86 → country: Paraguay / Paraguái
[CACHE MISS] -8.42, 93.47 - calling API...
[SAVED] -8.42, 93.47 → unknown: unknown
[CACHE MISS] 26.23, -87.63 - calling API...
[SAVED] 26.23, -87.63 → unknown: unknown
[CACHE MISS] 45.94, -134.16 - calling API...
[SAVED] 45.94, -134.16 → unknown: unknown
[CACHE MISS] -21.81, 60.82 - calling API...
[SAVED] -21.81, 60.82 → unknown: unknown
[CACHE MISS] -14.69, -118.13 - calling API...
[SAVED] -14.69, -118.13 → unknown: unknown
[CACHE MISS] 4.32, -126.32 - calling API...
[SAVED] 4.32, -126.32 → unknown: unknown
[CACHE MISS] 12.6, -132.23 - calling API...
[SAVED] 12.6, -132.23 → unknown: unknown
[CACHE MISS] -68.43, -151.59 - calling API...
[SAVED] -68.43, -151.59 → unknown: unknown
[CACHE MISS] 43.15, 41.26 - calling API...
[SAVED] 43.15, 41.26 → country: საქართველო
[CACHE MISS] -2.63, -53.11 - calling API...
[SAVED] -2.63, -53.11 → country: Brasil
[CACHE MISS] -11.12, -0.84 - calling API...
[SAVED] -11.12, -0.84 → unknown: unknown
[CACHE MISS] 29.34, 139.14 - calling API...
[SAVED] 29.34, 139.14 → unknown: unknown
[CACHE MISS] -22.78, 29.7 - calling API...
[SAVED] -22.78, 29.7 → country: South Africa
[CACHE MISS] -28.07, -101.1 - calling API...
[SAVED] -28.07, -101.1 → unknown: unknown
[CACHE MISS] 33.5, -92.28 - calling API...
[SAVED] 33.5, -92.28 → country: United States
[CACHE MISS] -10.72, 52.35 - calling API...
[SAVED] -10.72, 52.35 → unknown: unknown
[CACHE MISS] 1.49, -155.69 - calling API...
[SAVED] 1.49, -155.69 → unknown: unknown
[CACHE MISS] -7.78, -16.77 - calling API...
[SAVED] -7.78, -16.77 → unknown: unknown
[CACHE MISS] 13.61, 79.19 - calling API...
[SAVED] 13.61, 79.19 → country: India
[CACHE MISS] 25.65, -164.75 - calling API...
[SAVED] 25.65, -164.75 → unknown: unknown
[CACHE MISS] 1.98, -61.15 - calling API...
[SAVED] 1.98, -61.15 → country: Brasil
[CACHE MISS] -62.19, -94.1 - calling API...
[SAVED] -62.19, -94.1 → unknown: unknown
[CACHE MISS] -67.76, -160.15 - calling API...
[SAVED] -67.76, -160.15 → unknown: unknown
[CACHE MISS] -9.55, 72.68 - calling API...
[SAVED] -9.55, 72.68 → unknown: unknown
[CACHE MISS] -15.65, 43.08 - calling API...
[SAVED] -15.65, 43.08 → unknown: unknown
[CACHE MISS] -55.13, 2.6 - calling API...
[SAVED] -55.13, 2.6 → unknown: unknown
[CACHE MISS] -13.95, -26.27 - calling API...
[SAVED] -13.95, -26.27 → unknown: unknown
[CACHE MISS] 40.08, -67.28 - calling API...
[SAVED] 40.08, -67.28 → unknown: unknown
[CACHE MISS] 37.24, -108.07 - calling API...
[SAVED] 37.24, -108.07 → country: United States
[CACHE MISS] 34.39, 152.86 - calling API...
[SAVED] 34.39, 152.86 → unknown: unknown
[CACHE MISS] 59.89, -133.79 - calling API...
[SAVED] 59.89, -133.79 → country: Canada
[CACHE MISS] -7.19, -71.98 - calling API...
[SAVED] -7.19, -71.98 → country: Brasil
[CACHE MISS] 65.82, 34.35 - calling API...
[SAVED] 65.82, 34.35 → country: Россия
[CACHE MISS] 76.02, -172.73 - calling API...
[SAVED] 76.02, -172.73 → unknown: unknown
[CACHE MISS] -43.67, 8.69 - calling API...
[SAVED] -43.67, 8.69 → unknown: unknown
[CACHE MISS] 38.94, 28.54 - calling API...
[SAVED] 38.94, 28.54 → country: Türkiye
[CACHE MISS] -56.45, 53.99 - calling API...
[SAVED] -56.45, 53.99 → unknown: unknown
[CACHE MISS] 4.79, -140.24 - calling API...
[SAVED] 4.79, -140.24 → unknown: unknown
[CACHE MISS] 20.79, -102.49 - calling API...
[SAVED] 20.79, -102.49 → country: México
[CACHE MISS] -0.72, 119.47 - calling API...
[SAVED] -0.72, 119.47 → country: Indonesia
[CACHE MISS] -40.4, 117.65 - calling API...
[SAVED] -40.4, 117.65 → unknown: unknown
[CACHE MISS] -0.76, 29.29 - calling API...
[SAVED] -0.76, 29.29 → country: République démocratique du Congo
[CACHE MISS] -8.5, -102.32 - calling API...
[SAVED] -8.5, -102.32 → unknown: unknown
[CACHE MISS] 29.24, -154.13 - calling API...
[SAVED] 29.24, -154.13 → unknown: unknown
[CACHE MISS] 15.11, 112.57 - calling API...
[SAVED] 15.11, 112.57 → unknown: unknown
[CACHE MISS] -2.31, -4.31 - calling API...
[SAVED] -2.31, -4.31 → unknown: unknown
[CACHE MISS] 26.6, 28.41 - calling API...
[SAVED] 26.6, 28.41 → country: مصر
[CACHE MISS] 0.48, -112.27 - calling API...
[SAVED] 0.48, -112.27 → unknown: unknown
[CACHE MISS] -3.65, 175.46 - calling API...
[SAVED] -3.65, 175.46 → unknown: unknown
[CACHE MISS] 17.82, -96.3 - calling API...
[SAVED] 17.82, -96.3 → country: México
[CACHE MISS] 49.22, -119.59 - calling API...
[SAVED] 49.22, -119.59 → country: Canada
[CACHE MISS] -2.55, -20.28 - calling API...
[SAVED] -2.55, -20.28 → unknown: unknown
[CACHE MISS] 15.75, -103.31 - calling API...
[SAVED] 15.75, -103.31 → unknown: unknown
[CACHE MISS] -49.45, -92.32 - calling API...
[SAVED] -49.45, -92.32 → unknown: unknown
[CACHE MISS] 30.88, 26.23 - calling API...
[SAVED] 30.88, 26.23 → country: مصر
[CACHE MISS] -59.85, 143.28 - calling API...
[SAVED] -59.85, 143.28 → unknown: unknown
[CACHE MISS] 38.91, -30.33 - calling API...
[SAVED] 38.91, -30.33 → unknown: unknown
[CACHE MISS] -44.01, 111.01 - calling API...
[SAVED] -44.01, 111.01 → unknown: unknown
[CACHE MISS] 52.24, -140.93 - calling API...
[SAVED] 52.24, -140.93 → unknown: unknown
[CACHE MISS] -42.67, 87.83 - calling API...
[SAVED] -42.67, 87.83 → unknown: unknown
[CACHE MISS] 44.58, -157.35 - calling API...
[SAVED] 44.58, -157.35 → unknown: unknown
[CACHE MISS] -23.4, -106.84 - calling API...
[SAVED] -23.4, -106.84 → unknown: unknown
[CACHE MISS] 71.4, 65.22 - calling API...
[SAVED] 71.4, 65.22 → unknown: unknown
[CACHE MISS] 31.45, 101.61 - calling API...
[SAVED] 31.45, 101.61 → country: 中国
[CACHE MISS] 15.25, 116.11 - calling API...
[SAVED] 15.25, 116.11 → unknown: unknown
[CACHE MISS] 40.25, 134.25 - calling API...
[SAVED] 40.25, 134.25 → unknown: unknown
[CACHE MISS] 40.08, 153.56 - calling API...
[SAVED] 40.08, 153.56 → unknown: unknown
[CACHE MISS] -45.6, 22.27 - calling API...
[SAVED] -45.6, 22.27 → unknown: unknown
[CACHE MISS] 22.5, -34.9 - calling API...
[SAVED] 22.5, -34.9 → unknown: unknown
[CACHE MISS] -66.36, 114.69 - calling API...
[SAVED] -66.36, 114.69 → unknown: unknown
[CACHE MISS] 68.07, -13.85 - calling API...
[SAVED] 68.07, -13.85 → unknown: unknown
[CACHE MISS] -45.65, 72.96 - calling API...
[SAVED] -45.65, 72.96 → unknown: unknown
[CACHE MISS] -11.36, -117.08 - calling API...
[SAVED] -11.36, -117.08 → unknown: unknown
[CACHE MISS] 4.02, -23.24 - calling API...
[SAVED] 4.02, -23.24 → unknown: unknown
[CACHE MISS] -13.11, 141.15 - calling API...
[SAVED] -13.11, 141.15 → unknown: unknown
[CACHE MISS] -20.36, -25.14 - calling API...
[SAVED] -20.36, -25.14 → unknown: unknown
[CACHE MISS] 24, -47.59 - calling API...
[SAVED] 24, -47.59 → unknown: unknown
[CACHE MISS] 31.32, -82.57 - calling API...
[SAVED] 31.32, -82.57 → country: United States
[CACHE MISS] -10.29, 126.83 - calling API...
[SAVED] -10.29, 126.83 → unknown: unknown
[CACHE MISS] -44.99, -16.43 - calling API...
[SAVED] -44.99, -16.43 → unknown: unknown
[CACHE MISS] 71.9, 156.9 - calling API...
[SAVED] 71.9, 156.9 → unknown: unknown
[CACHE MISS] 67.69, 91.63 - calling API...
[SAVED] 67.69, 91.63 → country: Россия
[CACHE MISS] -79.52, 109.13 - calling API...
[SAVED] -79.52, 109.13 → unknown: unknown
[CACHE MISS] 65.22, 62.36 - calling API...
[SAVED] 65.22, 62.36 → country: Россия
[CACHE MISS] 21.66, 160.59 - calling API...
[SAVED] 21.66, 160.59 → unknown: unknown
[CACHE MISS] -45.73, 63.51 - calling API...
[SAVED] -45.73, 63.51 → unknown: unknown
[CACHE MISS] 28.43, 60.02 - calling API...
[SAVED] 28.43, 60.02 → country: ایران
[CACHE MISS] -77.45, 83.33 - calling API...
[SAVED] -77.45, 83.33 → unknown: unknown
[CACHE MISS] -28.73, -102.96 - calling API...
[SAVED] -28.73, -102.96 → unknown: unknown
[CACHE MISS] -25.91, -10.13 - calling API...
[SAVED] -25.91, -10.13 → unknown: unknown
[CACHE MISS] -13.46, 142.45 - calling API...
[SAVED] -13.46, 142.45 → country: Australia
[CACHE MISS] 37.67, -120.28 - calling API...
[SAVED] 37.67, -120.28 → country: United States
[CACHE MISS] -51.68, -142.4 - calling API...
[SAVED] -51.68, -142.4 → unknown: unknown
[CACHE MISS] 4.66, -99.79 - calling API...
[SAVED] 4.66, -99.79 → unknown: unknown
[CACHE MISS] 16.29, 42.26 - calling API...
[SAVED] 16.29, 42.26 → country: اليمن
[CACHE MISS] 31.67, -131.46 - calling API...
[SAVED] 31.67, -131.46 → unknown: unknown
[CACHE MISS] 81.61, 47.26 - calling API...
[SAVED] 81.61, 47.26 → unknown: unknown
[CACHE MISS] 46.67, 138.66 - calling API...
[SAVED] 46.67, 138.66 → unknown: unknown
[CACHE MISS] 57.46, -114.19 - calling API...
[SAVED] 57.46, -114.19 → country: Canada
[CACHE MISS] 71.14, -29.33 - calling API...
[SAVED] 71.14, -29.33 → country: Kalaallit Nunaat
[CACHE MISS] 70.33, -0.21 - calling API...
[SAVED] 70.33, -0.21 → unknown: unknown
[CACHE MISS] -70.75, 12.37 - calling API...
[SAVED] -70.75, 12.37 → unknown: unknown
[CACHE MISS] 39.89, -135.79 - calling API...
[SAVED] 39.89, -135.79 → unknown: unknown
[CACHE MISS] -78.24, -108.35 - calling API...
[SAVED] -78.24, -108.35 → unknown: unknown
[CACHE MISS] 77.29, -90.47 - calling API...
[SAVED] 77.29, -90.47 → country: Canada
[CACHE MISS] -51.68, 12.94 - calling API...
[SAVED] -51.68, 12.94 → unknown: unknown
[CACHE MISS] 34, 11.7 - calling API...
[SAVED] 34, 11.7 → unknown: unknown
[CACHE MISS] 66.64, -50.32 - calling API...
[SAVED] 66.64, -50.32 → country: Kalaallit Nunaat
[CACHE MISS] -36.82, -139.57 - calling API...
[SAVED] -36.82, -139.57 → unknown: unknown
[CACHE MISS] -10.04, 74.22 - calling API...
[SAVED] -10.04, 74.22 → unknown: unknown
[CACHE MISS] 65.84, 50.95 - calling API...
[SAVED] 65.84, 50.95 → country: Россия
[CACHE MISS] -22.71, 75.49 - calling API...
[SAVED] -22.71, 75.49 → unknown: unknown
[CACHE MISS] 44.12, 38.27 - calling API...
[SAVED] 44.12, 38.27 → unknown: unknown
[CACHE MISS] -44.27, 28.73 - calling API...
[SAVED] -44.27, 28.73 → unknown: unknown
[CACHE MISS] -21.72, 45.59 - calling API...
[SAVED] -21.72, 45.59 → country: Madagasikara / Madagascar
[CACHE MISS] 24.93, -179.41 - calling API...
[SAVED] 24.93, -179.41 → unknown: unknown
[CACHE MISS] -56.73, 67.09 - calling API...
[SAVED] -56.73, 67.09 → unknown: unknown
[CACHE MISS] 3, 178.87 - calling API...
[SAVED] 3, 178.87 → unknown: unknown
[CACHE MISS] -2.1, -5.4 - calling API...
[SAVED] -2.1, -5.4 → unknown: unknown
[CACHE MISS] 5.64, -131.23 - calling API...
[SAVED] 5.64, -131.23 → unknown: unknown
[CACHE MISS] 1.44, -60.38 - calling API...
[SAVED] 1.44, -60.38 → country: Brasil
[CACHE MISS] 29.61, -25.72 - calling API...
[SAVED] 29.61, -25.72 → unknown: unknown
[CACHE MISS] -45.41, -127.4 - calling API...
[SAVED] -45.41, -127.4 → unknown: unknown
[CACHE MISS] -3.69, -139.79 - calling API...
[SAVED] -3.69, -139.79 → unknown: unknown
[CACHE MISS] 31.06, -1.2 - calling API...
[SAVED] 31.06, -1.2 → country: Algérie ⵍⵣⵣⴰⵢⴻⵔ الجزائر
[CACHE MISS] 12.87, 104.54 - calling API...
[SAVED] 12.87, 104.54 → country: ព្រះរាជាណាចក្រ​កម្ពុជា
[CACHE MISS] 36.68, -114.8 - calling API...
[SAVED] 36.68, -114.8 → country: United States
[CACHE MISS] 29.07, -68.25 - calling API...
[SAVED] 29.07, -68.25 → unknown: unknown
[CACHE MISS] -1.59, -172.14 - calling API...
[SAVED] -1.59, -172.14 → unknown: unknown
[CACHE MISS] -49.06, 65.75 - calling API...
[SAVED] -49.06, 65.75 → unknown: unknown
[CACHE MISS] 2.03, 103.33 - calling API...
[SAVED] 2.03, 103.33 → country: Malaysia
[CACHE MISS] -54.39, -42.4 - calling API...
[SAVED] -54.39, -42.4 → unknown: unknown
[CACHE MISS] -45.53, -173.04 - calling API...
[SAVED] -45.53, -173.04 → unknown: unknown
[CACHE MISS] -4.85, -124.79 - calling API...
[SAVED] -4.85, -124.79 → unknown: unknown
[CACHE MISS] -54.02, 140.15 - calling API...
[SAVED] -54.02, 140.15 → unknown: unknown
[CACHE MISS] 82.98, 127.58 - calling API...
[SAVED] 82.98, 127.58 → unknown: unknown
[CACHE MISS] 50.47, 109.6 - calling API...
[SAVED] 50.47, 109.6 → country: Россия
[CACHE MISS] -51.02, 87.79 - calling API...
[SAVED] -51.02, 87.79 → unknown: unknown
[CACHE MISS] 44.86, -91.37 - calling API...
[SAVED] 44.86, -91.37 → country: United States
[CACHE MISS] 8.22, -101.91 - calling API...
[SAVED] 8.22, -101.91 → unknown: unknown
[CACHE MISS] 22, -161.78 - calling API...
[SAVED] 22, -161.78 → unknown: unknown
[CACHE MISS] -48.32, 65.25 - calling API...
[SAVED] -48.32, 65.25 → unknown: unknown
[CACHE MISS] 32.28, 140.86 - calling API...
[SAVED] 32.28, 140.86 → unknown: unknown
[CACHE MISS] 30.21, 13.2 - calling API...
[SAVED] 30.21, 13.2 → country: ليبيا
[CACHE MISS] -4.65, -118.48 - calling API...
[SAVED] -4.65, -118.48 → unknown: unknown
[CACHE MISS] -27.83, -124.77 - calling API...
[SAVED] -27.83, -124.77 → unknown: unknown
[CACHE MISS] -54.3, 138.83 - calling API...
[SAVED] -54.3, 138.83 → unknown: unknown
[CACHE MISS] -28.62, -105.97 - calling API...
[SAVED] -28.62, -105.97 → unknown: unknown
[CACHE MISS] 1.92, -129.65 - calling API...
[SAVED] 1.92, -129.65 → unknown: unknown
[CACHE MISS] -15.3, 118.16 - calling API...
[SAVED] -15.3, 118.16 → unknown: unknown
[CACHE MISS] -20.4, 5.78 - calling API...
[SAVED] -20.4, 5.78 → unknown: unknown
[CACHE MISS] 51.52, -59.48 - calling API...
[SAVED] 51.52, -59.48 → country: Canada
[CACHE MISS] -55.73, 111.54 - calling API...
[SAVED] -55.73, 111.54 → unknown: unknown
[CACHE MISS] -21.6, -147.16 - calling API...
[SAVED] -21.6, -147.16 → unknown: unknown
[CACHE MISS] -55.38, 18.98 - calling API...
[SAVED] -55.38, 18.98 → unknown: unknown
[CACHE MISS] 40, -84.41 - calling API...
[SAVED] 40, -84.41 → country: United States
[CACHE MISS] -78.14, -37.64 - calling API...
[SAVED] -78.14, -37.64 → unknown: unknown
[CACHE MISS] 38.42, -41.95 - calling API...
[SAVED] 38.42, -41.95 → unknown: unknown
[CACHE MISS] 52.12, 159.25 - calling API...
[SAVED] 52.12, 159.25 → unknown: unknown
[CACHE MISS] 68.36, -74.66 - calling API...
[SAVED] 68.36, -74.66 → country: Canada
[CACHE MISS] -43.84, 54.01 - calling API...
[SAVED] -43.84, 54.01 → unknown: unknown
[CACHE MISS] -70.68, 154.03 - calling API...
[SAVED] -70.68, 154.03 → unknown: unknown
[CACHE MISS] 32.59, 147.61 - calling API...
[SAVED] 32.59, 147.61 → unknown: unknown
[CACHE MISS] 68.07, -98.08 - calling API...
[SAVED] 68.07, -98.08 → country: Canada
[CACHE MISS] 46.71, 37.85 - calling API...
[SAVED] 46.71, 37.85 → country: Россия
[CACHE MISS] 13.97, -162.93 - calling API...
[SAVED] 13.97, -162.93 → unknown: unknown
[CACHE MISS] 11.91, -42.91 - calling API...
[SAVED] 11.91, -42.91 → unknown: unknown
[CACHE MISS] 45.53, -14.97 - calling API...
[SAVED] 45.53, -14.97 → unknown: unknown
[CACHE MISS] 56.39, 135.17 - calling API...
[SAVED] 56.39, 135.17 → country: Россия
[CACHE MISS] 55.81, -75.24 - calling API...
[SAVED] 55.81, -75.24 → country: Canada
[CACHE MISS] -6.59, 164.06 - calling API...
[SAVED] -6.59, 164.06 → unknown: unknown
[CACHE MISS] 21.71, 35.16 - calling API...
[SAVED] 21.71, 35.16 → country: السودان
[CACHE MISS] 31.19, -175.27 - calling API...
[SAVED] 31.19, -175.27 → unknown: unknown
[CACHE MISS] 9.4, -83.48 - calling API...
[SAVED] 9.4, -83.48 → country: Costa Rica
[CACHE MISS] -5.97, -33.16 - calling API...
[SAVED] -5.97, -33.16 → unknown: unknown
[CACHE MISS] -67.69, -124.74 - calling API...
[SAVED] -67.69, -124.74 → unknown: unknown
[CACHE MISS] -5.25, -176.57 - calling API...
[SAVED] -5.25, -176.57 → unknown: unknown
[CACHE MISS] -56.91, 104.95 - calling API...
[SAVED] -56.91, 104.95 → unknown: unknown
[CACHE MISS] -57.83, 65.07 - calling API...
[SAVED] -57.83, 65.07 → unknown: unknown
[CACHE MISS] -48.23, 28.23 - calling API...
[SAVED] -48.23, 28.23 → unknown: unknown
[CACHE MISS] 70.24, -141.1 - calling API...
[SAVED] 70.24, -141.1 → unknown: unknown
[CACHE MISS] -6.14, 51.36 - calling API...
[SAVED] -6.14, 51.36 → unknown: unknown
[CACHE MISS] -74.99, 107.46 - calling API...
[SAVED] -74.99, 107.46 → unknown: unknown
[CACHE MISS] -17.58, 163.65 - calling API...
[SAVED] -17.58, 163.65 → unknown: unknown
[CACHE MISS] 34.53, 150.92 - calling API...
[SAVED] 34.53, 150.92 → unknown: unknown
[CACHE MISS] 52.03, -39.49 - calling API...
[SAVED] 52.03, -39.49 → unknown: unknown
[CACHE MISS] 66.07, -75.98 - calling API...
[SAVED] 66.07, -75.98 → country: Canada
[CACHE MISS] 1.63, 82.06 - calling API...
[SAVED] 1.63, 82.06 → unknown: unknown
[CACHE MISS] -8, -156.75 - calling API...
[SAVED] -8, -156.75 → unknown: unknown
[CACHE MISS] -6.56, -11.89 - calling API...
[SAVED] -6.56, -11.89 → unknown: unknown
[CACHE MISS] -9.01, -114 - calling API...
[SAVED] -9.01, -114 → unknown: unknown
[CACHE MISS] -43.58, 130.5 - calling API...
[SAVED] -43.58, 130.5 → unknown: unknown
[CACHE MISS] 37.38, 153.98 - calling API...
[SAVED] 37.38, 153.98 → unknown: unknown
[CACHE MISS] -73.38, 83.78 - calling API...
[SAVED] -73.38, 83.78 → unknown: unknown
[CACHE MISS] 28.68, 32.34 - calling API...
[SAVED] 28.68, 32.34 → country: مصر
[CACHE MISS] -51.83, -154.76 - calling API...
[SAVED] -51.83, -154.76 → unknown: unknown
[CACHE MISS] -75.12, 12.6 - calling API...
[SAVED] -75.12, 12.6 → unknown: unknown
[CACHE MISS] -29.05, -88.3 - calling API...
[SAVED] -29.05, -88.3 → unknown: unknown
[CACHE MISS] 18.14, 152.9 - calling API...
[SAVED] 18.14, 152.9 → unknown: unknown
[CACHE MISS] -45.29, -113.12 - calling API...
[SAVED] -45.29, -113.12 → unknown: unknown
[CACHE MISS] 69.79, 167.18 - calling API...
[SAVED] 69.79, 167.18 → country: Россия
[CACHE MISS] -37.52, 52.69 - calling API...
[SAVED] -37.52, 52.69 → unknown: unknown
[CACHE MISS] -36.41, 127.68 - calling API...
[SAVED] -36.41, 127.68 → unknown: unknown
[CACHE MISS] 13.83, 99.14 - calling API...
[SAVED] 13.83, 99.14 → country: ประเทศไทย
[CACHE MISS] -32.98, -120.36 - calling API...
[SAVED] -32.98, -120.36 → unknown: unknown
[CACHE MISS] 25.99, -112.91 - calling API...
[SAVED] 25.99, -112.91 → unknown: unknown
[CACHE MISS] -21.21, 141.99 - calling API...
[SAVED] -21.21, 141.99 → country: Australia
[CACHE MISS] 61.37, -58.61 - calling API...
[SAVED] 61.37, -58.61 → unknown: unknown
[CACHE MISS] 28.38, -137.3 - calling API...
[SAVED] 28.38, -137.3 → unknown: unknown
[CACHE MISS] -0.26, 104.18 - calling API...
[SAVED] -0.26, 104.18 → country: Indonesia
[CACHE MISS] 30.14, -8.81 - calling API...
[SAVED] 30.14, -8.81 → country: Maroc ⵍⵎⵖⵔⵉⴱ المغرب
[CACHE MISS] -49.57, 137.05 - calling API...
[SAVED] -49.57, 137.05 → unknown: unknown
[CACHE MISS] 81.63, -35.13 - calling API...
[SAVED] 81.63, -35.13 → country: Kalaallit Nunaat
[CACHE MISS] 49.21, 68.94 - calling API...
[SAVED] 49.21, 68.94 → country: Қазақстан
[CACHE MISS] 4.09, -141.58 - calling API...
[SAVED] 4.09, -141.58 → unknown: unknown
[CACHE MISS] -10.15, 125.57 - calling API...
[SAVED] -10.15, 125.57 → unknown: unknown
[CACHE MISS] -0.47, -170.54 - calling API...
[SAVED] -0.47, -170.54 → unknown: unknown
[CACHE MISS] 5.6, -137.52 - calling API...
[SAVED] 5.6, -137.52 → unknown: unknown
[CACHE MISS] -78.74, 54.13 - calling API...
[SAVED] -78.74, 54.13 → unknown: unknown
[CACHE MISS] -64.88, 83.43 - calling API...
[SAVED] -64.88, 83.43 → unknown: unknown
[CACHE MISS] 29.92, -89.23 - calling API...
[SAVED] 29.92, -89.23 → country: United States
[CACHE MISS] 17.29, -114.86 - calling API...
[SAVED] 17.29, -114.86 → unknown: unknown
[CACHE MISS] 55.53, -139.05 - calling API...
[SAVED] 55.53, -139.05 → unknown: unknown
[CACHE MISS] -70.31, 103.95 - calling API...
[SAVED] -70.31, 103.95 → unknown: unknown
[CACHE MISS] -67.01, -160.38 - calling API...
[SAVED] -67.01, -160.38 → unknown: unknown
[CACHE MISS] 78.22, -18.51 - calling API...
[SAVED] 78.22, -18.51 → country: Kalaallit Nunaat
[CACHE MISS] 21.33, 25.67 - calling API...
[SAVED] 21.33, 25.67 → country: السودان
[CACHE MISS] 13.4, -83.86 - calling API...
[SAVED] 13.4, -83.86 → country: Nicaragua
[CACHE MISS] 18.29, 80.1 - calling API...
[SAVED] 18.29, 80.1 → country: India
[CACHE MISS] -41.69, -17.37 - calling API...
[SAVED] -41.69, -17.37 → unknown: unknown
[CACHE MISS] 5.67, -35.56 - calling API...
[SAVED] 5.67, -35.56 → unknown: unknown
[CACHE MISS] -5.09, 130.78 - calling API...
[SAVED] -5.09, 130.78 → country: Indonesia
[CACHE MISS] -32.06, 11.04 - calling API...
[SAVED] -32.06, 11.04 → unknown: unknown
[CACHE MISS] 25.76, -105.99 - calling API...
[SAVED] 25.76, -105.99 → country: México
[CACHE MISS] -40.32, 33.41 - calling API...
[SAVED] -40.32, 33.41 → unknown: unknown
[CACHE MISS] -21.01, -154.9 - calling API...
[SAVED] -21.01, -154.9 → unknown: unknown
[CACHE MISS] 80.22, -15.31 - calling API...
[SAVED] 80.22, -15.31 → country: Kalaallit Nunaat
[CACHE MISS] -7.43, -148.33 - calling API...
[SAVED] -7.43, -148.33 → unknown: unknown
[CACHE MISS] 65.06, -137.21 - calling API...
[SAVED] 65.06, -137.21 → country: Canada
[CACHE MISS] -36.13, -103.45 - calling API...
[SAVED] -36.13, -103.45 → unknown: unknown
[CACHE MISS] 21.41, -123.11 - calling API...
[SAVED] 21.41, -123.11 → unknown: unknown
[CACHE MISS] 25.23, -124.5 - calling API...
[SAVED] 25.23, -124.5 → unknown: unknown
[CACHE MISS] 15.93, -23.65 - calling API...
[SAVED] 15.93, -23.65 → country: Cabo Verde
[CACHE MISS] 9.85, -173.37 - calling API...
[SAVED] 9.85, -173.37 → unknown: unknown
[CACHE MISS] 18.18, -157.68 - calling API...
[SAVED] 18.18, -157.68 → unknown: unknown
[CACHE MISS] -27.37, -103.53 - calling API...
[SAVED] -27.37, -103.53 → unknown: unknown
[CACHE MISS] 40.89, 160.24 - calling API...
[SAVED] 40.89, 160.24 → unknown: unknown
[CACHE MISS] -46.75, -145.73 - calling API...
[SAVED] -46.75, -145.73 → unknown: unknown
[CACHE MISS] 2.04, 77.74 - calling API...
[SAVED] 2.04, 77.74 → unknown: unknown
[CACHE MISS] -58.25, -43.13 - calling API...
[SAVED] -58.25, -43.13 → unknown: unknown
[CACHE MISS] -49.44, 77.62 - calling API...
[SAVED] -49.44, 77.62 → unknown: unknown
[CACHE MISS] 49.99, -22.41 - calling API...
[SAVED] 49.99, -22.41 → unknown: unknown
[CACHE MISS] 36.65, 142.95 - calling API...
[SAVED] 36.65, 142.95 → unknown: unknown
[CACHE MISS] 26.18, -41.64 - calling API...
[SAVED] 26.18, -41.64 → unknown: unknown
[CACHE MISS] -27.44, 165.43 - calling API...
[SAVED] -27.44, 165.43 → unknown: unknown
[CACHE MISS] -87.79, 45.8 - calling API...
[SAVED] -87.79, 45.8 → unknown: unknown
[CACHE MISS] -5.85, -158.14 - calling API...
[SAVED] -5.85, -158.14 → unknown: unknown
[CACHE MISS] -42.37, -112.07 - calling API...
[SAVED] -42.37, -112.07 → unknown: unknown
[CACHE MISS] -23.34, 5.81 - calling API...
[SAVED] -23.34, 5.81 → unknown: unknown
[CACHE MISS] 29.35, 174.39 - calling API...
[SAVED] 29.35, 174.39 → unknown: unknown
[CACHE MISS] 31.46, -52.61 - calling API...
[SAVED] 31.46, -52.61 → unknown: unknown
[CACHE MISS] -31.34, -55.1 - calling API...
[SAVED] -31.34, -55.1 → country: Uruguay
[CACHE MISS] -79.89, 140.93 - calling API...
[SAVED] -79.89, 140.93 → unknown: unknown
[CACHE MISS] 12.73, -116.89 - calling API...
[SAVED] 12.73, -116.89 → unknown: unknown
[CACHE MISS] -19.7, 1.51 - calling API...
[SAVED] -19.7, 1.51 → unknown: unknown
[CACHE MISS] -51.58, 99.33 - calling API...
[SAVED] -51.58, 99.33 → unknown: unknown
[CACHE MISS] 70.28, 20.69 - calling API...
[SAVED] 70.28, 20.69 → country: Norge
[CACHE MISS] 49.04, 56.63 - calling API...
[SAVED] 49.04, 56.63 → country: Қазақстан
[CACHE MISS] 18.38, -86.79 - calling API...
[SAVED] 18.38, -86.79 → unknown: unknown
[CACHE MISS] -6.15, 30.24 - calling API...
[SAVED] -6.15, 30.24 → country: Tanzania
[CACHE MISS] 31.83, -85.99 - calling API...
[SAVED] 31.83, -85.99 → country: United States
[CACHE MISS] -61.28, 45.56 - calling API...
[SAVED] -61.28, 45.56 → unknown: unknown
[CACHE MISS] 41.97, 175.06 - calling API...
[SAVED] 41.97, 175.06 → unknown: unknown
[CACHE MISS] -25.06, -155.57 - calling API...
[SAVED] -25.06, -155.57 → unknown: unknown
[CACHE MISS] -44.69, -31 - calling API...
[SAVED] -44.69, -31 → unknown: unknown
[CACHE MISS] 30.06, -31.61 - calling API...
[SAVED] 30.06, -31.61 → unknown: unknown
[CACHE MISS] -39.76, -157.67 - calling API...
[SAVED] -39.76, -157.67 → unknown: unknown
[CACHE MISS] 75.89, -63.46 - calling API...
[SAVED] 75.89, -63.46 → country: Kalaallit Nunaat
[CACHE MISS] -55.19, -160.06 - calling API...
[SAVED] -55.19, -160.06 → unknown: unknown
[CACHE MISS] -52.77, 164.81 - calling API...
[SAVED] -52.77, 164.81 → unknown: unknown
[CACHE MISS] 80.07, -56.25 - calling API...
[SAVED] 80.07, -56.25 → country: Kalaallit Nunaat
[CACHE MISS] -48.12, 151.95 - calling API...
[SAVED] -48.12, 151.95 → unknown: unknown
[CACHE MISS] -23.84, 109.01 - calling API...
[SAVED] -23.84, 109.01 → unknown: unknown
[CACHE MISS] -14.01, 59.63 - calling API...
[SAVED] -14.01, 59.63 → unknown: unknown
[CACHE MISS] 51.47, -148.13 - calling API...
[SAVED] 51.47, -148.13 → unknown: unknown
[CACHE MISS] 52.63, -42.75 - calling API...
[SAVED] 52.63, -42.75 → unknown: unknown
[CACHE MISS] 55.12, 127.72 - calling API...
[SAVED] 55.12, 127.72 → country: Россия
[CACHE MISS] -52.02, 111.74 - calling API...
[SAVED] -52.02, 111.74 → unknown: unknown
[CACHE MISS] -36.79, -84.65 - calling API...
[SAVED] -36.79, -84.65 → unknown: unknown
[CACHE MISS] 10.5, 40.23 - calling API...
[SAVED] 10.5, 40.23 → country: ኢትዮጵያ إثيوبيا
[CACHE MISS] 12.82, 133.05 - calling API...
[SAVED] 12.82, 133.05 → unknown: unknown
[CACHE MISS] -37.62, -156.96 - calling API...
[SAVED] -37.62, -156.96 → unknown: unknown
[CACHE MISS] -71.23, -108.26 - calling API...
[SAVED] -71.23, -108.26 → unknown: unknown
[CACHE MISS] 76, -89.1 - calling API...
[SAVED] 76, -89.1 → country: Canada
[CACHE MISS] 25.03, -141.25 - calling API...
[SAVED] 25.03, -141.25 → unknown: unknown
[CACHE MISS] 6.96, 84.51 - calling API...
[SAVED] 6.96, 84.51 → unknown: unknown
[CACHE MISS] -43.03, 96.96 - calling API...
[SAVED] -43.03, 96.96 → unknown: unknown
[CACHE MISS] 22.99, 42.8 - calling API...
[SAVED] 22.99, 42.8 → country: السعودية
[CACHE MISS] -10.46, -98.88 - calling API...
[SAVED] -10.46, -98.88 → unknown: unknown
[CACHE MISS] -39.51, 31.33 - calling API...
[SAVED] -39.51, 31.33 → unknown: unknown
[CACHE MISS] -38.71, 11.04 - calling API...
[SAVED] -38.71, 11.04 → unknown: unknown
[CACHE MISS] -49.39, -143.36 - calling API...
[SAVED] -49.39, -143.36 → unknown: unknown
[CACHE MISS] 22.29, 30.44 - calling API...
[SAVED] 22.29, 30.44 → country: مصر
[CACHE MISS] -44.83, -118.11 - calling API...
[SAVED] -44.83, -118.11 → unknown: unknown
[CACHE MISS] -10.82, 18.87 - calling API...
[SAVED] -10.82, 18.87 → country: Angola
[CACHE MISS] 67.83, 36.15 - calling API...
[SAVED] 67.83, 36.15 → country: Россия
[CACHE MISS] 8.59, -37.74 - calling API...
[SAVED] 8.59, -37.74 → unknown: unknown
[CACHE MISS] -39.34, -93.24 - calling API...
[SAVED] -39.34, -93.24 → unknown: unknown
[CACHE MISS] 28, -160.74 - calling API...
[SAVED] 28, -160.74 → unknown: unknown
[CACHE MISS] 46.28, 78.02 - calling API...
[SAVED] 46.28, 78.02 → country: Қазақстан
[CACHE MISS] 31.87, 87.32 - calling API...
[SAVED] 31.87, 87.32 → country: 中国
[CACHE MISS] 1.22, 68.28 - calling API...
[SAVED] 1.22, 68.28 → unknown: unknown
[CACHE MISS] 16.6, -27.93 - calling API...
[SAVED] 16.6, -27.93 → unknown: unknown
[CACHE MISS] -68.89, 101.63 - calling API...
[SAVED] -68.89, 101.63 → unknown: unknown
[CACHE MISS] 41.91, 133.11 - calling API...
[SAVED] 41.91, 133.11 → unknown: unknown
[CACHE MISS] -49.71, 147.16 - calling API...
[SAVED] -49.71, 147.16 → unknown: unknown
[CACHE MISS] -20.3, -118.16 - calling API...
[SAVED] -20.3, -118.16 → unknown: unknown
[CACHE MISS] -46.16, 83.19 - calling API...
[SAVED] -46.16, 83.19 → unknown: unknown
[CACHE MISS] -19.86, 178.03 - calling API...
[SAVED] -19.86, 178.03 → unknown: unknown
[CACHE MISS] -64.75, 19.68 - calling API...
[SAVED] -64.75, 19.68 → unknown: unknown
[CACHE MISS] 21.87, 116.5 - calling API...
[SAVED] 21.87, 116.5 → unknown: unknown
[CACHE MISS] 62.03, 177.79 - calling API...
[SAVED] 62.03, 177.79 → unknown: unknown
[CACHE MISS] -70.51, -23.82 - calling API...
[SAVED] -70.51, -23.82 → unknown: unknown
[CACHE MISS] 79.32, 100.57 - calling API...
[SAVED] 79.32, 100.57 → country: Россия
[CACHE MISS] 49.59, 138.22 - calling API...
[SAVED] 49.59, 138.22 → country: Россия
[CACHE MISS] -3.54, 16.88 - calling API...
[SAVED] -3.54, 16.88 → country: République démocratique du Congo
[CACHE MISS] 76.1, -65.39 - calling API...
[SAVED] 76.1, -65.39 → country: Kalaallit Nunaat
[CACHE MISS] -47.81, 51.47 - calling API...
[SAVED] -47.81, 51.47 → unknown: unknown
[CACHE MISS] -54.09, 30.33 - calling API...
[SAVED] -54.09, 30.33 → unknown: unknown
[CACHE MISS] 5.15, 157.36 - calling API...
[SAVED] 5.15, 157.36 → unknown: unknown
[CACHE MISS] -63.01, -6.55 - calling API...
[SAVED] -63.01, -6.55 → unknown: unknown
[CACHE MISS] 7.28, 49.84 - calling API...
[SAVED] 7.28, 49.84 → unknown: unknown
[CACHE MISS] 72.11, -54.87 - calling API...
[SAVED] 72.11, -54.87 → country: Kalaallit Nunaat
[CACHE MISS] -5.99, -87.32 - calling API...
[SAVED] -5.99, -87.32 → unknown: unknown
[CACHE MISS] -26.68, 143.72 - calling API...
[SAVED] -26.68, 143.72 → country: Australia
[CACHE MISS] -18.97, 90.92 - calling API...
[SAVED] -18.97, 90.92 → unknown: unknown
[CACHE MISS] 83.44, 151.53 - calling API...
[SAVED] 83.44, 151.53 → unknown: unknown
[CACHE MISS] -25, -66.82 - calling API...
[SAVED] -25, -66.82 → country: Argentina
[CACHE MISS] -82.06, -17.96 - calling API...
[SAVED] -82.06, -17.96 → unknown: unknown
[CACHE MISS] -9.22, 172.88 - calling API...
[SAVED] -9.22, 172.88 → unknown: unknown
[CACHE MISS] 25.59, 119.58 - calling API...
[SAVED] 25.59, 119.58 → country: 中国
[CACHE MISS] 39.29, 65.97 - calling API...
[SAVED] 39.29, 65.97 → country: Oʻzbekiston
[CACHE MISS] -60.76, 100.57 - calling API...
[SAVED] -60.76, 100.57 → unknown: unknown
[CACHE MISS] -88.48, -28.09 - calling API...
[SAVED] -88.48, -28.09 → unknown: unknown
[CACHE MISS] 7.27, -141.26 - calling API...
[SAVED] 7.27, -141.26 → unknown: unknown
[CACHE MISS] -8.86, 112.78 - calling API...
[SAVED] -8.86, 112.78 → unknown: unknown
[CACHE MISS] -1.32, 134.99 - calling API...
[SAVED] -1.32, 134.99 → country: Indonesia
[CACHE MISS] -8.66, 10.22 - calling API...
[SAVED] -8.66, 10.22 → unknown: unknown
[CACHE MISS] 21.18, 131.55 - calling API...
[SAVED] 21.18, 131.55 → unknown: unknown
[CACHE MISS] -7.24, 135.97 - calling API...
[SAVED] -7.24, 135.97 → unknown: unknown
[CACHE MISS] -18.95, 151.72 - calling API...
[SAVED] -18.95, 151.72 → unknown: unknown
[CACHE MISS] 0.34, -178.61 - calling API...
[SAVED] 0.34, -178.61 → unknown: unknown
[CACHE MISS] 13.58, -148.28 - calling API...
[SAVED] 13.58, -148.28 → unknown: unknown
[CACHE MISS] -39.91, -93.12 - calling API...
[SAVED] -39.91, -93.12 → unknown: unknown
[CACHE MISS] 16.89, -145.57 - calling API...
[SAVED] 16.89, -145.57 → unknown: unknown
[CACHE MISS] -41.36, -152.89 - calling API...
[SAVED] -41.36, -152.89 → unknown: unknown
[CACHE MISS] 12.35, 37.91 - calling API...
[SAVED] 12.35, 37.91 → country: ኢትዮጵያ إثيوبيا
[CACHE MISS] 53.46, 69.6 - calling API...
[SAVED] 53.46, 69.6 → country: Қазақстан
[CACHE MISS] -60.38, -105.7 - calling API...
[SAVED] -60.38, -105.7 → unknown: unknown
[CACHE MISS] 26.93, -161.55 - calling API...
[SAVED] 26.93, -161.55 → unknown: unknown
[CACHE MISS] 40.83, -173.95 - calling API...
[SAVED] 40.83, -173.95 → unknown: unknown
[CACHE MISS] 31.92, -51.11 - calling API...
[SAVED] 31.92, -51.11 → unknown: unknown
[CACHE MISS] 42.29, 105.22 - calling API...
[SAVED] 42.29, 105.22 → country: Монгол улс ᠮᠤᠩᠭᠤᠯ ᠤᠯᠤᠰ
[CACHE MISS] 8.04, 39.98 - calling API...
[SAVED] 8.04, 39.98 → country: ኢትዮጵያ إثيوبيا
[CACHE MISS] -9.52, 150.99 - calling API...
[SAVED] -9.52, 150.99 → country: Papua Niugini
[CACHE MISS] 29.57, -70.62 - calling API...
[SAVED] 29.57, -70.62 → ocean: North Atlantic Ocean
[CACHE MISS] 12.78, -52.25 - calling API...
[SAVED] 12.78, -52.25 → ocean: North Atlantic Ocean
[CACHE MISS] 8.27, -148.95 - calling API...
[SAVED] 8.27, -148.95 → ocean: North Pacific Ocean
[CACHE MISS] -16.39, -80.95 - calling API...
[SAVED] -16.39, -80.95 → ocean: South Pacific Ocean
[CACHE MISS] -44.42, -75.66 - calling API...
[SAVED] -44.42, -75.66 → ocean: South Pacific Ocean
[CACHE MISS] -21.84, -142.65 - calling API...
[SAVED] -21.84, -142.65 → ocean: South Pacific Ocean
[CACHE MISS] 12.53, -90.24 - calling API...
[SAVED] 12.53, -90.24 → ocean: North Pacific Ocean
[CACHE MISS] -52.32, 29.44 - calling API...
[SAVED] -52.32, 29.44 → ocean: Indian Ocean
[CACHE MISS] 78.82, -3.59 - calling API...
[SAVED] 78.82, -3.59 → ocean: Greenland Sea
[CACHE MISS] 33.83, -131.65 - calling API...
[SAVED] 33.83, -131.65 → ocean: North Pacific Ocean
[CACHE MISS] 65.07, 16.83 - calling API...
[SAVED] 65.07, 16.83 → country: Sverige
[CACHE MISS] 58.56, -134.97 - calling API...
[SAVED] 58.56, -134.97 → country: United States
[CACHE MISS] 14.58, -156.35 - calling API...
[SAVED] 14.58, -156.35 → ocean: North Pacific Ocean
[CACHE MISS] -23.25, 13.05 - calling API...
[SAVED] -23.25, 13.05 → ocean: South Atlantic Ocean
[CACHE MISS] 43.26, 10.29 - calling API...
[SAVED] 43.26, 10.29 → country: Italia
[CACHE MISS] -9.98, -65.37 - calling API...
[SAVED] -9.98, -65.37 → country: Bolivia
[CACHE MISS] 71.18, 144.55 - calling API...
[SAVED] 71.18, 144.55 → country: Россия
[CACHE MISS] 80.8, 100.42 - calling API...
[SAVED] 80.8, 100.42 → ocean: Laptev Sea
[CACHE MISS] -14.65, 17.72 - calling API...
[SAVED] -14.65, 17.72 → country: Angola
[CACHE MISS] -18.17, 15.86 - calling API...
[SAVED] -18.17, 15.86 → country: Namibia
[CACHE MISS] -50.94, 60.29 - calling API...
[SAVED] -50.94, 60.29 → ocean: Indian Ocean
[CACHE MISS] -27.12, 171.23 - calling API...
[SAVED] -27.12, 171.23 → ocean: South Pacific Ocean
[CACHE MISS] 55.42, 103.5 - calling API...
[SAVED] 55.42, 103.5 → country: Россия
[CACHE MISS] 31.16, 178.25 - calling API...
[SAVED] 31.16, 178.25 → ocean: North Pacific Ocean
[CACHE MISS] -58.8, 42.75 - calling API...
[SAVED] -58.8, 42.75 → ocean: Indian Ocean
[CACHE MISS] -39.1, 19 - calling API...
[SAVED] -39.1, 19 → ocean: South Atlantic Ocean
[CACHE MISS] 59.71, -43.47 - calling API...
[SAVED] 59.71, -43.47 → country: Kalaallit Nunaat
[CACHE MISS] -53.28, -57.7 - calling API...
[SAVED] -53.28, -57.7 → ocean: South Atlantic Ocean
[CACHE MISS] 15.01, 143.28 - calling API...
[SAVED] 15.01, 143.28 → ocean: Philippine Sea
[CACHE MISS] -18.71, -56.04 - calling API...
[SAVED] -18.71, -56.04 → country: Brasil
[CACHE MISS] 69.69, -64.78 - calling API...
[SAVED] 69.69, -64.78 → ocean: Davis Strait
[CACHE MISS] -43.04, 81.39 - calling API...
[SAVED] -43.04, 81.39 → ocean: Indian Ocean
[CACHE MISS] 17.51, 39.35 - calling API...
[SAVED] 17.51, 39.35 → ocean: Red Sea
[CACHE MISS] -61.7, 119.01 - calling API...
[SAVED] -61.7, 119.01 → ocean: Indian Ocean
[CACHE MISS] -3.26, -139.18 - calling API...
[SAVED] -3.26, -139.18 → ocean: South Pacific Ocean
[CACHE MISS] 26.38, 17.13 - calling API...
[SAVED] 26.38, 17.13 → country: ليبيا
[CACHE MISS] -3.08, -68.69 - calling API...
[SAVED] -3.08, -68.69 → country: Brasil
[CACHE MISS] 55.66, 162.32 - calling API...
[SAVED] 55.66, 162.32 → country: Россия
[CACHE MISS] -48.87, -123.71 - calling API...
[SAVED] -48.87, -123.71 → unknown: unknown
[CACHE MISS] 60.6, 88.92 - calling API...
[SAVED] 60.6, 88.92 → country: Россия
[CACHE MISS] -82.98, 14.25 - calling API...
[SAVED] -82.98, 14.25 → unknown: unknown
[CACHE MISS] 72.96, -126.51 - calling API...
[SAVED] 72.96, -126.51 → unknown: unknown
[CACHE MISS] 14.29, 6.9 - calling API...
[SAVED] 14.29, 6.9 → country: Niger
[CACHE MISS] 80.07, 153.07 - calling API...
[SAVED] 80.07, 153.07 → unknown: unknown
[CACHE MISS] -6.8, 41.06 - calling API...
[SAVED] -6.8, 41.06 → unknown: unknown
[CACHE MISS] 64.58, -56.58 - calling API...
[SAVED] 64.58, -56.58 → unknown: unknown
[CACHE MISS] 24.36, 141.45 - calling API...
[SAVED] 24.36, 141.45 → country: 日本
[CACHE MISS] -76.43, -23.99 - calling API...
[SAVED] -76.43, -23.99 → unknown: unknown
[CACHE MISS] 46.81, 134.39 - calling API...
[SAVED] 46.81, 134.39 → country: Россия
[CACHE MISS] -16.42, -144.05 - calling API...
[SAVED] -16.42, -144.05 → country: France
[CACHE MISS] 29.34, 24.52 - calling API...
[SAVED] 29.34, 24.52 → country: ليبيا
[CACHE MISS] -29.02, -69.75 - calling API...
[SAVED] -29.02, -69.75 → country: Argentina
[CACHE MISS] -17.75, -151.17 - calling API...
[SAVED] -17.75, -151.17 → ocean: South Pacific Ocean
[CACHE MISS] -15.57, -26.75 - calling API...
[SAVED] -15.57, -26.75 → ocean: South Atlantic Ocean
[CACHE MISS] -46.54, 173.09 - calling API...
[SAVED] -46.54, 173.09 → ocean: South Pacific Ocean
[CACHE MISS] -3.62, -179.81 - calling API...
[SAVED] -3.62, -179.81 → ocean: South Pacific Ocean
[CACHE MISS] 48.77, -74 - calling API...
[SAVED] 48.77, -74 → country: Canada
[CACHE MISS] 45.47, -105.21 - calling API...
[SAVED] 45.47, -105.21 → country: United States
[CACHE MISS] -61.53, 105.46 - calling API...
[SAVED] -61.53, 105.46 → ocean: Indian Ocean
[CACHE MISS] 25.38, -99.02 - calling API...
[SAVED] 25.38, -99.02 → country: México
[CACHE MISS] -36.66, -113.3 - calling API...
[SAVED] -36.66, -113.3 → ocean: South Pacific Ocean
[CACHE MISS] 51.63, -42.61 - calling API...
[SAVED] 51.63, -42.61 → ocean: North Atlantic Ocean
[CACHE MISS] -40, -82.71 - calling API...
[SAVED] -40, -82.71 → ocean: South Pacific Ocean
[CACHE MISS] -75.61, -80.9 - calling API...
[SAVED] -75.61, -80.9 → unknown: unknown
[CACHE MISS] 34.62, -178.52 - calling API...
[SAVED] 34.62, -178.52 → ocean: North Pacific Ocean
[CACHE MISS] -21.02, 57.48 - calling API...
[SAVED] -21.02, 57.48 → ocean: Indian Ocean
[CACHE MISS] 12.94, 139.48 - calling API...
[SAVED] 12.94, 139.48 → ocean: Philippine Sea
[CACHE MISS] 65.08, -51.03 - calling API...
[SAVED] 65.08, -51.03 → country: Kalaallit Nunaat
[CACHE MISS] 42.53, 46.5 - calling API...
[SAVED] 42.53, 46.5 → country: Россия
[CACHE MISS] -73.48, 71.81 - calling API...
[SAVED] -73.48, 71.81 → unknown: unknown
[CACHE MISS] 36.22, 25.77 - calling API...
[SAVED] 36.22, 25.77 → country: Ελλάς
[CACHE MISS] -5.67, 154.95 - calling API...
[SAVED] -5.67, 154.95 → country: Papua Niugini
[CACHE MISS] 4.12, 165.34 - calling API...
[SAVED] 4.12, 165.34 → ocean: North Pacific Ocean
[CACHE MISS] 36.76, -169.31 - calling API...
[SAVED] 36.76, -169.31 → ocean: North Pacific Ocean
[CACHE MISS] -13.62, -174.74 - calling API...
[SAVED] -13.62, -174.74 → ocean: South Pacific Ocean
[CACHE MISS] -72.96, -117.12 - calling API...
[SAVED] -72.96, -117.12 → ocean: South Pacific Ocean
[CACHE MISS] 27.7, 165.72 - calling API...
[SAVED] 27.7, 165.72 → ocean: North Pacific Ocean
[CACHE MISS] 65.39, -70.18 - calling API...
[SAVED] 65.39, -70.18 → country: Canada
[CACHE MISS] -2.72, 61.55 - calling API...
[SAVED] -2.72, 61.55 → ocean: Indian Ocean
[CACHE MISS] -13.23, -151.86 - calling API...
[SAVED] -13.23, -151.86 → ocean: South Pacific Ocean
[CACHE MISS] -28.9, -68.77 - calling API...
[SAVED] -28.9, -68.77 → country: Argentina
[CACHE MISS] 34.73, 177.02 - calling API...
[SAVED] 34.73, 177.02 → ocean: North Pacific Ocean
[CACHE MISS] 64.59, -156.39 - calling API...
[SAVED] 64.59, -156.39 → country: United States
[CACHE MISS] -63.08, 60.81 - calling API...
[SAVED] -63.08, 60.81 → ocean: Indian Ocean
[CACHE MISS] 37.32, -103.01 - calling API...
[SAVED] 37.32, -103.01 → country: United States
[CACHE MISS] -7.54, -65 - calling API...
[SAVED] -7.54, -65 → country: Brasil
[CACHE MISS] -67.17, -55.41 - calling API...
[SAVED] -67.17, -55.41 → ocean: South Atlantic Ocean
[CACHE MISS] 57.93, 104.64 - calling API...
[SAVED] 57.93, 104.64 → country: Россия
[CACHE MISS] 17.14, 103.57 - calling API...
[SAVED] 17.14, 103.57 → country: ประเทศไทย
[CACHE MISS] -15.93, 134.12 - calling API...
[SAVED] -15.93, 134.12 → country: Australia
[CACHE MISS] 28.02, -58.55 - calling API...
[SAVED] 28.02, -58.55 → unknown: unknown
[CACHE MISS] 62.4, 71.4 - calling API...
[SAVED] 62.4, 71.4 → country: Россия
[CACHE MISS] -9.08, -33.86 - calling API...
[SAVED] -9.08, -33.86 → unknown: unknown
[CACHE MISS] 45.7, -7.62 - calling API...
[SAVED] 45.7, -7.62 → unknown: unknown
[CACHE MISS] 44.31, 15.89 - calling API...
[SAVED] 44.31, 15.89 → country: Hrvatska
[CACHE MISS] 54.24, 83.46 - calling API...
[SAVED] 54.24, 83.46 → country: Россия
[CACHE MISS] -13.05, 34.8 - calling API...
[SAVED] -13.05, 34.8 → country: Moçambique
[CACHE MISS] -33.94, 35.94 - calling API...
[SAVED] -33.94, 35.94 → ocean: Indian Ocean
[CACHE MISS] 25.15, 33.73 - calling API...
[SAVED] 25.15, 33.73 → country: مصر
[CACHE MISS] 70.86, 167.85 - calling API...
[SAVED] 70.86, 167.85 → ocean: East Siberian Sea
[CACHE MISS] 10.1, -135.87 - calling API...
[SAVED] 10.1, -135.87 → ocean: North Pacific Ocean
[CACHE MISS] -26.68, 162.63 - calling API...
[SAVED] -26.68, 162.63 → ocean: Coral Sea
[CACHE MISS] -58.3, 150.19 - calling API...
[SAVED] -58.3, 150.19 → ocean: South Pacific Ocean
[CACHE MISS] -70.82, -50.6 - calling API...
[SAVED] -70.82, -50.6 → ocean: South Atlantic Ocean
[CACHE MISS] 17.18, -12.79 - calling API...
[SAVED] 17.18, -12.79 → country: Mauritanie موريتانيا
[CACHE MISS] 44.09, -50.49 - calling API...
[SAVED] 44.09, -50.49 → ocean: North Atlantic Ocean
[CACHE MISS] -58.65, -80.18 - calling API...
[SAVED] -58.65, -80.18 → ocean: South Pacific Ocean
[CACHE MISS] -66.72, 30.77 - calling API...
[SAVED] -66.72, 30.77 → ocean: Indian Ocean
[CACHE MISS] 56.2, -95.11 - calling API...
[SAVED] 56.2, -95.11 → country: Canada
[CACHE MISS] 64.35, 33.45 - calling API...
[SAVED] 64.35, 33.45 → country: Россия
[CACHE MISS] -19.66, 125.27 - calling API...
[SAVED] -19.66, 125.27 → country: Australia
[CACHE MISS] -21.64, 99.94 - calling API...
[SAVED] -21.64, 99.94 → ocean: Indian Ocean
[CACHE MISS] -67.16, -41.44 - calling API...
[SAVED] -67.16, -41.44 → ocean: South Atlantic Ocean
[CACHE MISS] -22.61, 39.01 - calling API...
[SAVED] -22.61, 39.01 → ocean: Mozambique Channel
[CACHE MISS] 58.52, 108.86 - calling API...
[SAVED] 58.52, 108.86 → country: Россия
[CACHE MISS] -0.82, 13.9 - calling API...
[SAVED] -0.82, 13.9 → country: Gabon
[CACHE MISS] 10.09, 151.5 - calling API...
[SAVED] 10.09, 151.5 → ocean: North Pacific Ocean
[CACHE MISS] -11.29, -14.18 - calling API...
[SAVED] -11.29, -14.18 → ocean: South Atlantic Ocean
[CACHE MISS] -50.05, 173.9 - calling API...
[SAVED] -50.05, 173.9 → ocean: South Pacific Ocean
[CACHE MISS] -4.75, 20.69 - calling API...
[SAVED] -4.75, 20.69 → country: République démocratique du Congo
[CACHE MISS] 25.16, 18.57 - calling API...
[SAVED] 25.16, 18.57 → country: ليبيا
[CACHE MISS] 7.64, -35.68 - calling API...
[SAVED] 7.64, -35.68 → ocean: North Atlantic Ocean
[CACHE MISS] -40.04, -177.05 - calling API...
[SAVED] -40.04, -177.05 → ocean: South Pacific Ocean
[CACHE MISS] -22.14, -72.96 - calling API...
[SAVED] -22.14, -72.96 → ocean: South Pacific Ocean
[CACHE MISS] -12.27, -55.83 - calling API...
[SAVED] -12.27, -55.83 → country: Brasil
[CACHE MISS] -21.17, 91.39 - calling API...
[SAVED] -21.17, 91.39 → ocean: Indian Ocean
[CACHE MISS] 70.97, -28.44 - calling API...
[SAVED] 70.97, -28.44 → country: Kalaallit Nunaat
[CACHE MISS] -55.04, -170.09 - calling API...
[SAVED] -55.04, -170.09 → ocean: South Pacific Ocean
[CACHE MISS] -78.95, -4.2 - calling API...
[SAVED] -78.95, -4.2 → unknown: unknown
[CACHE MISS] 20.21, -126.88 - calling API...
[SAVED] 20.21, -126.88 → ocean: North Pacific Ocean
[CACHE MISS] 46.92, 49.62 - calling API...
[SAVED] 46.92, 49.62 → country: Қазақстан
[CACHE MISS] -15.08, -127.48 - calling API...
[SAVED] -15.08, -127.48 → ocean: South Pacific Ocean
[CACHE MISS] -24.56, -91.46 - calling API...
[SAVED] -24.56, -91.46 → ocean: South Pacific Ocean
[CACHE MISS] -54.97, 34.04 - calling API...
[SAVED] -54.97, 34.04 → unknown: unknown
[CACHE MISS] -57.99, -81.99 - calling API...
[SAVED] -57.99, -81.99 → unknown: unknown
[CACHE MISS] 14.75, 7.28 - calling API...
[SAVED] 14.75, 7.28 → country: Niger
[CACHE MISS] -55.13, -161.91 - calling API...
[SAVED] -55.13, -161.91 → unknown: unknown
[CACHE MISS] -1.8, 120.14 - calling API...
[SAVED] -1.8, 120.14 → country: Indonesia
[CACHE MISS] -71.72, -169.4 - calling API...
[SAVED] -71.72, -169.4 → unknown: unknown
[CACHE MISS] 0.2, 171.43 - calling API...
[SAVED] 0.2, 171.43 → unknown: unknown
[CACHE MISS] -8.65, 43.66 - calling API...
[SAVED] -8.65, 43.66 → unknown: unknown
[CACHE MISS] 4.43, 91.22 - calling API...
[SAVED] 4.43, 91.22 → unknown: unknown
[CACHE MISS] 17, -77.65 - calling API...
[SAVED] 17, -77.65 → country: Jamaica
[CACHE MISS] 58.67, -89.52 - calling API...
[SAVED] 58.67, -89.52 → country: Canada
[CACHE MISS] -67.13, 72.1 - calling API...
[SAVED] -67.13, 72.1 → unknown: unknown
[CACHE MISS] 31.62, 145.01 - calling API...
[SAVED] 31.62, 145.01 → unknown: unknown
[CACHE MISS] 80.18, 36.92 - calling API...
[SAVED] 80.18, 36.92 → country: Россия
[CACHE MISS] 4.45, 40 - calling API...
[SAVED] 4.45, 40 → country: ኢትዮጵያ إثيوبيا
[CACHE MISS] 53.21, -143.61 - calling API...
[SAVED] 53.21, -143.61 → unknown: unknown
[CACHE MISS] -67.19, 117.58 - calling API...
[SAVED] -67.19, 117.58 → unknown: unknown
[CACHE MISS] -28.69, 14.14 - calling API...
[SAVED] -28.69, 14.14 → unknown: unknown
[CACHE MISS] 77.77, -107.66 - calling API...
[SAVED] 77.77, -107.66 → country: Canada
[CACHE MISS] 64.52, 10.01 - calling API...
[SAVED] 64.52, 10.01 → country: Norge
[CACHE MISS] -22.48, -8.49 - calling API...
[SAVED] -22.48, -8.49 → unknown: unknown
[CACHE MISS] 32.46, 130.64 - calling API...
[SAVED] 32.46, 130.64 → country: 日本
[CACHE MISS] -53.54, -165.04 - calling API...
[SAVED] -53.54, -165.04 → unknown: unknown
[CACHE MISS] 23.14, -13.8 - calling API...
[SAVED] 23.14, -13.8 → country: República Árabe Saharaui Democrática الجمهورية العربية الصحراوية الديمقراطية
[CACHE MISS] -68.5, 37.4 - calling API...
[SAVED] -68.5, 37.4 → unknown: unknown
[CACHE MISS] 20.22, -111.77 - calling API...
[SAVED] 20.22, -111.77 → unknown: unknown
[CACHE MISS] 3.44, -18.11 - calling API...
[SAVED] 3.44, -18.11 → unknown: unknown
[CACHE MISS] 41.18, 81.23 - calling API...
[SAVED] 41.18, 81.23 → country: 中国
[CACHE MISS] -15.27, -96.58 - calling API...
[SAVED] -15.27, -96.58 → unknown: unknown
[CACHE MISS] 8.37, -3.69 - calling API...
[SAVED] 8.37, -3.69 → country: Côte d’Ivoire
[CACHE MISS] 7.07, 155.21 - calling API...
[SAVED] 7.07, 155.21 → unknown: unknown
[CACHE MISS] 56.08, -131.19 - calling API...
[SAVED] 56.08, -131.19 → country: United States
[CACHE MISS] 29.18, 152.49 - calling API...
[SAVED] 29.18, 152.49 → unknown: unknown
[CACHE MISS] 31, 22.98 - calling API...
[SAVED] 31, 22.98 → country: ليبيا
[CACHE MISS] 26.14, 20.78 - calling API...
[SAVED] 26.14, 20.78 → country: ليبيا
[CACHE MISS] 13.45, -106.56 - calling API...
[SAVED] 13.45, -106.56 → unknown: unknown
[CACHE MISS] -41.79, -1.52 - calling API...
[SAVED] -41.79, -1.52 → unknown: unknown
[CACHE MISS] 6.91, -64.75 - calling API...
[SAVED] 6.91, -64.75 → country: Venezuela
[CACHE MISS] 24.44, -140.3 - calling API...
[SAVED] 24.44, -140.3 → unknown: unknown
[CACHE MISS] 43.09, 5.35 - calling API...
[SAVED] 43.09, 5.35 → country: France
[CACHE MISS] -47.64, -41.08 - calling API...
[SAVED] -47.64, -41.08 → unknown: unknown
[CACHE MISS] 11.47, 120 - calling API...
[SAVED] 11.47, 120 → country: Philippines
[CACHE MISS] -23.47, -107.56 - calling API...
[SAVED] -23.47, -107.56 → unknown: unknown
[CACHE MISS] -47.31, -74.84 - calling API...
[SAVED] -47.31, -74.84 → country: Chile
[CACHE MISS] 58.79, 35.33 - calling API...
[SAVED] 58.79, 35.33 → country: Россия
[CACHE MISS] 34.1, 25.29 - calling API...
[SAVED] 34.1, 25.29 → unknown: unknown
[CACHE MISS] -11.09, -179.32 - calling API...
[SAVED] -11.09, -179.32 → unknown: unknown
[CACHE MISS] -57.74, 129.55 - calling API...
[SAVED] -57.74, 129.55 → unknown: unknown
[CACHE MISS] -72.3, -102.22 - calling API...
[SAVED] -72.3, -102.22 → unknown: unknown
[CACHE MISS] -46.72, 88.93 - calling API...
[SAVED] -46.72, 88.93 → unknown: unknown
[CACHE MISS] -9.37, -35.18 - calling API...
[SAVED] -9.37, -35.18 → unknown: unknown
[CACHE MISS] -1.82, -20 - calling API...
[SAVED] -1.82, -20 → unknown: unknown
[CACHE MISS] 11.4, 24.88 - calling API...
[SAVED] 11.4, 24.88 → country: السودان
[CACHE MISS] 4.8, -157.47 - calling API...
[SAVED] 4.8, -157.47 → unknown: unknown
[CACHE MISS] -19.65, -135.52 - calling API...
[SAVED] -19.65, -135.52 → unknown: unknown
[CACHE MISS] -48.22, -109.16 - calling API...
[SAVED] -48.22, -109.16 → unknown: unknown
[CACHE MISS] -40.45, -158.91 - calling API...
[SAVED] -40.45, -158.91 → unknown: unknown
[CACHE MISS] 33.26, -110.17 - calling API...
[SAVED] 33.26, -110.17 → country: United States
[CACHE MISS] 10.85, -106.49 - calling API...
[SAVED] 10.85, -106.49 → unknown: unknown
[CACHE MISS] 16.11, 96.15 - calling API...
[SAVED] 16.11, 96.15 → country: မြန်မာ
[CACHE MISS] 62.41, 104.39 - calling API...
[SAVED] 62.41, 104.39 → country: Россия
[CACHE MISS] 43.81, -75.91 - calling API...
[SAVED] 43.81, -75.91 → country: United States
[CACHE MISS] 39.5, 67.5 - calling API...
[SAVED] 39.5, 67.5 → country: Тоҷикистон
[CACHE MISS] 16.98, -89.44 - calling API...
[SAVED] 16.98, -89.44 → country: Guatemala
[CACHE MISS] -12.58, 125.23 - calling API...
[SAVED] -12.58, 125.23 → unknown: unknown
[CACHE MISS] 47.03, 165.76 - calling API...
[SAVED] 47.03, 165.76 → unknown: unknown
[CACHE MISS] 43.74, 77.01 - calling API...
[SAVED] 43.74, 77.01 → country: Қазақстан
[CACHE MISS] -7.19, 162.9 - calling API...
[SAVED] -7.19, 162.9 → unknown: unknown
[CACHE MISS] 36.53, 146.43 - calling API...
[SAVED] 36.53, 146.43 → unknown: unknown
[CACHE MISS] -62.92, 13.68 - calling API...
[SAVED] -62.92, 13.68 → unknown: unknown
[CACHE MISS] 50.86, -33.3 - calling API...
[SAVED] 50.86, -33.3 → unknown: unknown
[CACHE MISS] -50.92, -19.43 - calling API...
[SAVED] -50.92, -19.43 → unknown: unknown
[CACHE MISS] 27.74, -165.94 - calling API...
[SAVED] 27.74, -165.94 → unknown: unknown
[CACHE MISS] 12.74, -103.14 - calling API...
[SAVED] 12.74, -103.14 → unknown: unknown
[CACHE MISS] -10.6, 144.28 - calling API...
[SAVED] -10.6, 144.28 → unknown: unknown
[CACHE MISS] -8.91, -145.95 - calling API...
[SAVED] -8.91, -145.95 → unknown: unknown
[CACHE MISS] 6.13, -165.61 - calling API...
[SAVED] 6.13, -165.61 → unknown: unknown
[CACHE MISS] 24.63, -164.2 - calling API...
[SAVED] 24.63, -164.2 → unknown: unknown
[CACHE MISS] -16.89, 27.5 - calling API...
[SAVED] -16.89, 27.5 → country: Zambia
[CACHE MISS] 62.53, 139.49 - calling API...
[SAVED] 62.53, 139.49 → country: Россия
[CACHE MISS] 42.03, -44.97 - calling API...
[SAVED] 42.03, -44.97 → unknown: unknown
[CACHE MISS] -37.09, 44.31 - calling API...
[SAVED] -37.09, 44.31 → unknown: unknown
[CACHE MISS] -20.58, 87.3 - calling API...
[SAVED] -20.58, 87.3 → unknown: unknown
[CACHE MISS] 50.97, 5.16 - calling API...
[SAVED] 50.97, 5.16 → country: België / Belgique / Belgien
[CACHE MISS] 48.96, 37.15 - calling API...
[SAVED] 48.96, 37.15 → country: Україна
[CACHE MISS] -11.07, 36.3 - calling API...
[SAVED] -11.07, 36.3 → country: Tanzania
[CACHE MISS] -33.74, 130.17 - calling API...
[SAVED] -33.74, 130.17 → unknown: unknown
[CACHE MISS] 21.35, -72.68 - calling API...
[SAVED] 21.35, -72.68 → unknown: unknown
[CACHE MISS] 51.63, 22.21 - calling API...
[SAVED] 51.63, 22.21 → country: Polska
[CACHE MISS] 29.18, 0.31 - calling API...
[SAVED] 29.18, 0.31 → country: Algérie ⵍⵣⵣⴰⵢⴻⵔ الجزائر
[CACHE MISS] 4.38, 131.31 - calling API...
[SAVED] 4.38, 131.31 → unknown: unknown
[CACHE MISS] -25.84, -174.99 - calling API...
[SAVED] -25.84, -174.99 → unknown: unknown
[CACHE MISS] 3.84, -34.41 - calling API...
[SAVED] 3.84, -34.41 → unknown: unknown
[CACHE MISS] -59.23, -162.05 - calling API...
[SAVED] -59.23, -162.05 → unknown: unknown
[CACHE MISS] -31.49, -10.09 - calling API...
[SAVED] -31.49, -10.09 → unknown: unknown
[CACHE MISS] -78.71, -114.78 - calling API...
[SAVED] -78.71, -114.78 → unknown: unknown
[CACHE MISS] 31.49, 52.89 - calling API...
[SAVED] 31.49, 52.89 → country: ایران
[CACHE MISS] -49.87, 39.87 - calling API...
[SAVED] -49.87, 39.87 → unknown: unknown
[CACHE MISS] 5.24, -84.84 - calling API...
[SAVED] 5.24, -84.84 → unknown: unknown
[CACHE MISS] -24.28, 76.55 - calling API...
[SAVED] -24.28, 76.55 → unknown: unknown
[CACHE MISS] 30.97, -67.69 - calling API...
[SAVED] 30.97, -67.69 → unknown: unknown

✅ Batch complete: 1 API calls made, 1999 from cache


🔨 Step 4: Building trajectory data structure...
   ✓ Created 1000 trajectory records

💾 Step 5: Writing processed data to disk...
   ✓ Saved to: /home/nina/automated-data-ops/fetchedDataFiles/processed.json

📊 Processing Statistics:
   - Balloons processed: 1000
   - Unique coordinates: 2000
   - Output file size: 195.03 KB

============================================================
✅ Balloon data processing complete!

[00:36:16.442] INFO (449921): 
============================================================
[00:36:16.442] INFO (449921): 
📤 Pushing to GitHub...

[00:36:38.371] INFO (449921): ✅ Files successfully pushed to GitHub
[00:36:38.372] INFO (449921):    Cloudflare will serve the updated data on next request

[00:36:38.372] INFO (449921): ============================================================
[00:36:38.372] INFO (449921): 
🎉 Hourly workflow complete!

[dotenv@17.2.2] injecting env (8) from .env -- tip: ⚙️  specify custom .env file path with { path: '/custom/path/.env' }
[dotenv@17.2.2] injecting env (0) from .env -- tip: ⚙️  suppress all logs with { quiet: true }
Archived: 01.json -> 2025-10-19-00/
Archived: 02.json -> 2025-10-19-00/
Archived: 00.json -> 2025-10-19-00/
Archived: 06.json -> 2025-10-19-00/
Archived: 04.json -> 2025-10-19-00/
Archived: 03.json -> 2025-10-19-00/
Archived: 07.json -> 2025-10-19-00/
Archived: 05.json -> 2025-10-19-00/
Archived: 08.json -> 2025-10-19-00/
Archived: 09.json -> 2025-10-19-00/
Archived: 11.json -> 2025-10-19-00/
Archived: 13.json -> 2025-10-19-00/
Archived: 10.json -> 2025-10-19-00/
Archived: 12.json -> 2025-10-19-00/
Archived: 14.json -> 2025-10-19-00/
Archived: 15.json -> 2025-10-19-00/
Archived: 16.json -> 2025-10-19-00/
Archived: 17.json -> 2025-10-19-00/
Archived: 19.json -> 2025-10-19-00/
Archived: 18.json -> 2025-10-19-00/
Archived: 21.json -> 2025-10-19-00/
Archived: 20.json -> 2025-10-19-00/
Archived: 23.json -> 2025-10-19-00/
Archived: 22.json -> 2025-10-19-00/
Successfully archived 24 files to 2025-10-19-00
[01:02:01.566] INFO (450448): 🚀 Starting hourly data collection workflow...

[01:02:01.566] INFO (450448): ============================================================
[01:02:01.567] INFO (450448): 
📥 Downloading JSON files from Windborne...

[01:02:01.754] INFO (450448): ✓ 00.json
[01:02:01.777] INFO (450448): ✓ 01.json
[01:02:01.792] INFO (450448): ✓ 02.json
[01:02:01.810] INFO (450448): ✓ 03.json
[01:02:01.821] INFO (450448): ✓ 04.json
[01:02:01.833] INFO (450448): ✓ 05.json
[01:02:01.844] INFO (450448): ✓ 06.json
[01:02:01.860] INFO (450448): ✓ 07.json
[01:02:01.879] INFO (450448): ✓ 08.json
[01:02:01.891] INFO (450448): ✓ 09.json
[01:02:01.905] INFO (450448): ✓ 10.json
[01:02:01.917] INFO (450448): ✓ 11.json
[01:02:01.931] INFO (450448): ✓ 12.json
[01:02:01.947] INFO (450448): ✓ 13.json
[01:02:01.958] INFO (450448): ✓ 14.json
[01:02:01.968] INFO (450448): ✓ 15.json
[01:02:01.978] INFO (450448): ✓ 16.json
[01:02:01.990] INFO (450448): ✓ 17.json
[01:02:02.000] INFO (450448): ✓ 18.json
[01:02:02.011] INFO (450448): ✓ 19.json
[01:02:02.026] INFO (450448): ✓ 20.json
[01:02:02.036] INFO (450448): ✓ 21.json
[01:02:02.047] INFO (450448): ✓ 22.json

🎈 Starting balloon data processing...

============================================================

📂 Step 1: Reading data files...
   ✓ 00.json: 1000 balloons
   ✓ 23.json: 1000 balloons

📍 Step 2: Extracting unique coordinates...
[01:02:02.059] INFO (450448): ✓ 23.json
[01:02:02.059] INFO (450448): 
============================================================
[01:02:02.059] INFO (450448): 
✅ All files downloaded successfully!

[01:02:02.059] INFO (450448): ============================================================
[01:02:02.059] INFO (450448): 
🎈 Processing balloon trajectory data...

   ✓ Found 2000 unique coordinates

🌍 Step 3: Geocoding coordinates...

📍 Starting batch geocoding of 2000 coordinates...
[CACHE MISS] -52.18, 41.07 - calling API...
[SAVED] -52.18, 41.07 → unknown: unknown
[CACHE MISS] -47.86, 164.49 - calling API...
[SAVED] -47.86, 164.49 → unknown: unknown
[CACHE MISS] 55.45, -16.41 - calling API...
[SAVED] 55.45, -16.41 → unknown: unknown
[CACHE MISS] -29.28, 24.97 - calling API...
[SAVED] -29.28, 24.97 → country: South Africa
[CACHE MISS] 0.69, -61.1 - calling API...
[SAVED] 0.69, -61.1 → country: Brasil
[CACHE MISS] -53.49, -112.18 - calling API...
[SAVED] -53.49, -112.18 → unknown: unknown
[CACHE HIT] 51.9, -19.44 → unknown: unknown
[CACHE MISS] -54.77, -152.26 - calling API...
[SAVED] -54.77, -152.26 → unknown: unknown
[CACHE MISS] 8.64, 43.54 - calling API...
[SAVED] 8.64, 43.54 → country: ኢትዮጵያ إثيوبيا
[CACHE MISS] 31.34, 126.86 - calling API...
[SAVED] 31.34, 126.86 → unknown: unknown
[CACHE MISS] 36.93, -92.66 - calling API...
[SAVED] 36.93, -92.66 → country: United States
[CACHE MISS] 52.36, 136.27 - calling API...
[SAVED] 52.36, 136.27 → country: Россия
[CACHE MISS] -63.7, -160.66 - calling API...
[SAVED] -63.7, -160.66 → unknown: unknown
[CACHE MISS] 2.72, 121.4 - calling API...
[SAVED] 2.72, 121.4 → unknown: unknown
[CACHE MISS] -0.16, 41.19 - calling API...
[SAVED] -0.16, 41.19 → country: Soomaaliya الصومال
[CACHE MISS] 37.26, -72.17 - calling API...
[SAVED] 37.26, -72.17 → unknown: unknown
[CACHE MISS] 71.88, 135.74 - calling API...
[SAVED] 71.88, 135.74 → unknown: unknown
[CACHE MISS] -45.95, -8.39 - calling API...
[SAVED] -45.95, -8.39 → unknown: unknown
[CACHE MISS] 11.93, 102.96 - calling API...
[SAVED] 11.93, 102.96 → country: ព្រះរាជាណាចក្រ​កម្ពុជា
[CACHE MISS] -9.58, -158.64 - calling API...
[SAVED] -9.58, -158.64 → unknown: unknown
[CACHE MISS] -76.23, -0.71 - calling API...
[SAVED] -76.23, -0.71 → unknown: unknown
[CACHE MISS] 13.53, -130.23 - calling API...
[SAVED] 13.53, -130.23 → unknown: unknown
[CACHE MISS] -38.68, -33.03 - calling API...
[SAVED] -38.68, -33.03 → unknown: unknown
[CACHE MISS] -74.07, -57.6 - calling API...
[SAVED] -74.07, -57.6 → unknown: unknown
[CACHE MISS] 29.18, -113.24 - calling API...
[SAVED] 29.18, -113.24 → country: México
[CACHE MISS] -76.72, -27.71 - calling API...
[SAVED] -76.72, -27.71 → unknown: unknown
[CACHE MISS] 61.09, -147.03 - calling API...
[SAVED] 61.09, -147.03 → country: United States
[CACHE MISS] 82.49, -112.16 - calling API...
[SAVED] 82.49, -112.16 → unknown: unknown
[CACHE MISS] 12.85, 138.97 - calling API...
[SAVED] 12.85, 138.97 → unknown: unknown
[CACHE MISS] 57.38, -67.32 - calling API...
[SAVED] 57.38, -67.32 → country: Canada
[CACHE MISS] 46.93, 179.53 - calling API...
[SAVED] 46.93, 179.53 → unknown: unknown
[CACHE MISS] -24.13, 149.73 - calling API...
[SAVED] -24.13, 149.73 → country: Australia
[CACHE MISS] 34.9, -130.54 - calling API...
[SAVED] 34.9, -130.54 → unknown: unknown
[CACHE MISS] 3.59, -94.59 - calling API...
[SAVED] 3.59, -94.59 → unknown: unknown
[CACHE MISS] 9.5, 31.17 - calling API...
[SAVED] 9.5, 31.17 → country: South Sudan جنوب السودان
[CACHE MISS] 40.39, 126.34 - calling API...
[SAVED] 40.39, 126.34 → country: 조선민주주의인민공화국
[CACHE MISS] 14.1, -8.86 - calling API...
[SAVED] 14.1, -8.86 → country: Mali
[CACHE MISS] -21.39, -149.52 - calling API...
[SAVED] -21.39, -149.52 → ocean: South Pacific Ocean
[CACHE MISS] 69.45, 82.16 - calling API...
[SAVED] 69.45, 82.16 → country: Россия
[CACHE MISS] -32.05, -52.95 - calling API...
[SAVED] -32.05, -52.95 → country: Brasil
[CACHE MISS] 17.43, 119.79 - calling API...
[SAVED] 17.43, 119.79 → ocean: South China Sea
[CACHE MISS] -74.31, -34.85 - calling API...
[SAVED] -74.31, -34.85 → ocean: South Atlantic Ocean
[CACHE MISS] -83.47, -112.31 - calling API...
[SAVED] -83.47, -112.31 → unknown: unknown
[CACHE MISS] 83.94, 84.74 - calling API...
[SAVED] 83.94, 84.74 → ocean: Arctic Ocean
[CACHE MISS] 14.26, 2.87 - calling API...
[SAVED] 14.26, 2.87 → country: Niger
[CACHE MISS] -75.09, 64.99 - calling API...
[SAVED] -75.09, 64.99 → unknown: unknown
[CACHE MISS] 31.41, -79.03 - calling API...
[SAVED] 31.41, -79.03 → ocean: North Atlantic Ocean
[CACHE MISS] 77.19, -42.83 - calling API...
[SAVED] 77.19, -42.83 → country: Kalaallit Nunaat
[CACHE MISS] 2.45, 170.36 - calling API...
[SAVED] 2.45, 170.36 → ocean: North Pacific Ocean
[CACHE MISS] 18.95, -71.91 - calling API...
[SAVED] 18.95, -71.91 → country: Ayiti
[CACHE MISS] -12.62, 78.87 - calling API...
[SAVED] -12.62, 78.87 → ocean: Indian Ocean
[CACHE MISS] -4.94, -7.72 - calling API...
[SAVED] -4.94, -7.72 → ocean: South Atlantic Ocean
[CACHE MISS] 19.37, -5.09 - calling API...
[SAVED] 19.37, -5.09 → country: Mali
[CACHE MISS] -63, -76.78 - calling API...
[SAVED] -63, -76.78 → ocean: South Pacific Ocean
[CACHE MISS] -43.76, -162.9 - calling API...
[SAVED] -43.76, -162.9 → ocean: South Pacific Ocean
[CACHE MISS] -13.4, -176.71 - calling API...
[SAVED] -13.4, -176.71 → ocean: South Pacific Ocean
[CACHE MISS] 53.54, 136.55 - calling API...
[SAVED] 53.54, 136.55 → country: Россия
[CACHE MISS] 19.81, 99.89 - calling API...
[SAVED] 19.81, 99.89 → country: ประเทศไทย
[CACHE MISS] -57.62, 116.56 - calling API...
[SAVED] -57.62, 116.56 → ocean: Indian Ocean
[CACHE MISS] 52.69, 108.69 - calling API...
[SAVED] 52.69, 108.69 → country: Россия
[CACHE MISS] 76.98, -106.29 - calling API...
[SAVED] 76.98, -106.29 → country: Canada
[CACHE MISS] 20.32, -89.94 - calling API...
[SAVED] 20.32, -89.94 → country: México
[CACHE MISS] -73.82, 72.19 - calling API...
[SAVED] -73.82, 72.19 → unknown: unknown
[CACHE MISS] 57.37, 135.02 - calling API...
[SAVED] 57.37, 135.02 → country: Россия
[CACHE MISS] 12.64, 160.48 - calling API...
[SAVED] 12.64, 160.48 → ocean: North Pacific Ocean
[CACHE MISS] 0.48, -1.82 - calling API...
[SAVED] 0.48, -1.82 → ocean: North Atlantic Ocean
[CACHE MISS] -32.18, 96.16 - calling API...
[SAVED] -32.18, 96.16 → ocean: Indian Ocean
[CACHE MISS] 61.83, 122.6 - calling API...
[SAVED] 61.83, 122.6 → country: Россия
[CACHE MISS] -14.37, 125.54 - calling API...
[SAVED] -14.37, 125.54 → country: Australia
[CACHE MISS] -20.71, 163.05 - calling API...
[SAVED] -20.71, 163.05 → ocean: Coral Sea
[CACHE MISS] -36.92, -99.41 - calling API...
[SAVED] -36.92, -99.41 → ocean: South Pacific Ocean
[CACHE MISS] 1.44, 126.63 - calling API...
[SAVED] 1.44, 126.63 → country: Indonesia
[CACHE MISS] 19.49, -34.11 - calling API...
[SAVED] 19.49, -34.11 → ocean: North Atlantic Ocean
[CACHE MISS] 24.11, 110.06 - calling API...
[SAVED] 24.11, 110.06 → country: 中国
[CACHE MISS] -28.66, 120.69 - calling API...
[SAVED] -28.66, 120.69 → country: Australia
[CACHE MISS] -2.19, 161.16 - calling API...
[SAVED] -2.19, 161.16 → ocean: South Pacific Ocean
[CACHE MISS] -43.38, -130.25 - calling API...
[SAVED] -43.38, -130.25 → ocean: South Pacific Ocean
[CACHE MISS] 34.11, -84.16 - calling API...
[SAVED] 34.11, -84.16 → country: United States
[CACHE MISS] -9.51, 21.95 - calling API...
[SAVED] -9.51, 21.95 → country: République démocratique du Congo
[CACHE MISS] 28.02, 156.37 - calling API...
[SAVED] 28.02, 156.37 → ocean: North Pacific Ocean
[CACHE MISS] -10.73, 15.1 - calling API...
[SAVED] -10.73, 15.1 → country: Angola
[CACHE MISS] -71.3, -21.16 - calling API...
[SAVED] -71.3, -21.16 → ocean: South Atlantic Ocean
[CACHE MISS] -38.96, 118.53 - calling API...
[SAVED] -38.96, 118.53 → ocean: Indian Ocean
[CACHE MISS] -55.42, 31.18 - calling API...
[SAVED] -55.42, 31.18 → ocean: Indian Ocean
[CACHE MISS] 53.22, 13.25 - calling API...
[SAVED] 53.22, 13.25 → country: Deutschland
[CACHE MISS] -35.35, -110.35 - calling API...
[SAVED] -35.35, -110.35 → ocean: South Pacific Ocean
[CACHE MISS] -4.29, -110.46 - calling API...
[SAVED] -4.29, -110.46 → ocean: South Pacific Ocean
[CACHE MISS] -55.95, -14.04 - calling API...
[SAVED] -55.95, -14.04 → ocean: South Atlantic Ocean
[CACHE MISS] -59.59, 27.99 - calling API...
[SAVED] -59.59, 27.99 → ocean: Indian Ocean
[CACHE MISS] -58.18, -111.83 - calling API...
[SAVED] -58.18, -111.83 → ocean: South Pacific Ocean
[CACHE MISS] -27.56, -59.21 - calling API...
[SAVED] -27.56, -59.21 → country: Argentina
[CACHE MISS] -53.47, 11.69 - calling API...
[SAVED] -53.47, 11.69 → ocean: South Atlantic Ocean
[CACHE MISS] 26.7, -26.26 - calling API...
[SAVED] 26.7, -26.26 → ocean: Canarias Sea
[CACHE MISS] 29.09, 160.26 - calling API...
[SAVED] 29.09, 160.26 → ocean: North Pacific Ocean
[CACHE MISS] -26.77, 18.65 - calling API...
[SAVED] -26.77, 18.65 → country: Namibia
[CACHE MISS] 63.72, -15.87 - calling API...
[SAVED] 63.72, -15.87 → ocean: North Atlantic Ocean
[CACHE MISS] 60.99, 149.58 - calling API...
[SAVED] 60.99, 149.58 → country: Россия
[CACHE MISS] -10.11, -155.77 - calling API...
[SAVED] -10.11, -155.77 → ocean: South Pacific Ocean
[CACHE MISS] -36.18, -116.76 - calling API...
[SAVED] -36.18, -116.76 → ocean: South Pacific Ocean
[CACHE MISS] -79.15, 74.38 - calling API...
[SAVED] -79.15, 74.38 → unknown: unknown
[CACHE MISS] -20.34, -126.87 - calling API...
[SAVED] -20.34, -126.87 → ocean: South Pacific Ocean
[CACHE MISS] -2.93, -54.59 - calling API...
[SAVED] -2.93, -54.59 → country: Brasil
[CACHE MISS] 45.48, -20.12 - calling API...
[SAVED] 45.48, -20.12 → ocean: North Atlantic Ocean
[CACHE MISS] -38.95, -20.52 - calling API...
[SAVED] -38.95, -20.52 → ocean: South Atlantic Ocean
[CACHE MISS] -0.73, -65.25 - calling API...
[SAVED] -0.73, -65.25 → country: Brasil
[CACHE MISS] -4.87, -54.8 - calling API...
[SAVED] -4.87, -54.8 → country: Brasil
[CACHE MISS] -74.26, -40.78 - calling API...
[SAVED] -74.26, -40.78 → ocean: South Atlantic Ocean
[CACHE MISS] 28.44, 116.38 - calling API...
[SAVED] 28.44, 116.38 → country: 中国
[CACHE MISS] -41.3, -87.55 - calling API...
[SAVED] -41.3, -87.55 → ocean: South Pacific Ocean
[CACHE MISS] -50.76, 162.89 - calling API...
[SAVED] -50.76, 162.89 → ocean: Tasman Sea
[CACHE MISS] -27.11, -142.56 - calling API...
[SAVED] -27.11, -142.56 → ocean: South Pacific Ocean
[CACHE MISS] 28.55, 79.83 - calling API...
[SAVED] 28.55, 79.83 → country: India
[CACHE MISS] 85.69, -61.83 - calling API...
[SAVED] 85.69, -61.83 → ocean: Arctic Ocean
[CACHE MISS] 35.41, 176.72 - calling API...
[SAVED] 35.41, 176.72 → ocean: North Pacific Ocean
[CACHE MISS] -53.2, 54.53 - calling API...
[SAVED] -53.2, 54.53 → ocean: Indian Ocean
[CACHE MISS] -71.42, -119.51 - calling API...
[SAVED] -71.42, -119.51 → ocean: South Pacific Ocean
[CACHE MISS] -17.78, -8.18 - calling API...
[SAVED] -17.78, -8.18 → ocean: South Atlantic Ocean
[CACHE MISS] -67.3, -176.52 - calling API...
[SAVED] -67.3, -176.52 → ocean: South Pacific Ocean
[CACHE MISS] -16.23, -63.43 - calling API...
[SAVED] -16.23, -63.43 → country: Bolivia
[CACHE MISS] 5.19, -126.66 - calling API...
[SAVED] 5.19, -126.66 → ocean: North Pacific Ocean
[CACHE MISS] 12.48, 78.42 - calling API...
[SAVED] 12.48, 78.42 → country: India
[CACHE MISS] 57, 106.45 - calling API...
[SAVED] 57, 106.45 → country: Россия
[CACHE MISS] -1.04, 134.18 - calling API...
[SAVED] -1.04, 134.18 → country: Indonesia
[CACHE MISS] -43.74, 15.19 - calling API...
[SAVED] -43.74, 15.19 → ocean: South Atlantic Ocean
[CACHE MISS] 50.62, -39.33 - calling API...
[SAVED] 50.62, -39.33 → ocean: North Atlantic Ocean
[CACHE MISS] -52.24, 101.31 - calling API...
[SAVED] -52.24, 101.31 → ocean: Indian Ocean
[CACHE MISS] 75.06, 36.71 - calling API...
[SAVED] 75.06, 36.71 → ocean: Barentsz Sea
[CACHE MISS] 47.42, 147.18 - calling API...
[SAVED] 47.42, 147.18 → ocean: Sea Of Okhotsk
[CACHE MISS] 44.53, -111 - calling API...
[SAVED] 44.53, -111 → country: United States
[CACHE MISS] -7.52, -101.51 - calling API...
[SAVED] -7.52, -101.51 → ocean: South Pacific Ocean
[CACHE MISS] 23.33, 6.86 - calling API...
[SAVED] 23.33, 6.86 → country: Algérie ⵍⵣⵣⴰⵢⴻⵔ الجزائر
[CACHE MISS] -15.46, 29.82 - calling API...
[SAVED] -15.46, 29.82 → country: Zambia
[CACHE MISS] 61.3, 151.95 - calling API...
[SAVED] 61.3, 151.95 → country: Россия
[CACHE MISS] -56.59, -88.88 - calling API...
[SAVED] -56.59, -88.88 → ocean: South Pacific Ocean
[CACHE MISS] -36.05, 70.59 - calling API...
[SAVED] -36.05, 70.59 → ocean: Indian Ocean
[CACHE MISS] -77.49, -170.68 - calling API...
[SAVED] -77.49, -170.68 → ocean: South Pacific Ocean
[CACHE MISS] 37.57, -131.81 - calling API...
[SAVED] 37.57, -131.81 → ocean: North Pacific Ocean
[CACHE MISS] 33.96, 68.98 - calling API...
[SAVED] 33.96, 68.98 → country: افغانستان
[CACHE MISS] -68.73, 165.84 - calling API...
[SAVED] -68.73, 165.84 → ocean: South Pacific Ocean
[CACHE MISS] -13.78, 19.4 - calling API...
[SAVED] -13.78, 19.4 → country: Angola
[CACHE MISS] -47.9, -136.31 - calling API...
[SAVED] -47.9, -136.31 → ocean: South Pacific Ocean
[CACHE MISS] -45.89, -108.58 - calling API...
[SAVED] -45.89, -108.58 → ocean: South Pacific Ocean
[CACHE MISS] -11.25, -164.01 - calling API...
[SAVED] -11.25, -164.01 → ocean: South Pacific Ocean
[CACHE MISS] 69.8, -140.66 - calling API...
[SAVED] 69.8, -140.66 → country: Canada
[CACHE MISS] 28.88, -29.81 - calling API...
[SAVED] 28.88, -29.81 → ocean: Canarias Sea
[CACHE MISS] -46.26, -56.62 - calling API...
[SAVED] -46.26, -56.62 → ocean: South Atlantic Ocean
[CACHE MISS] -31.86, -93.14 - calling API...
[SAVED] -31.86, -93.14 → ocean: South Pacific Ocean
[CACHE MISS] -71.56, 129.79 - calling API...
[SAVED] -71.56, 129.79 → unknown: unknown
[CACHE MISS] 6.37, 167.96 - calling API...
[SAVED] 6.37, 167.96 → ocean: North Pacific Ocean
[CACHE MISS] -72.91, 113.52 - calling API...
[SAVED] -72.91, 113.52 → unknown: unknown
[CACHE MISS] -57.42, 114.94 - calling API...
[SAVED] -57.42, 114.94 → ocean: Indian Ocean
[CACHE MISS] -18.64, -141.68 - calling API...
[SAVED] -18.64, -141.68 → country: France
[CACHE MISS] -19.63, 154.02 - calling API...
[SAVED] -19.63, 154.02 → ocean: Coral Sea
[CACHE MISS] 2.29, -101.26 - calling API...
[SAVED] 2.29, -101.26 → ocean: North Pacific Ocean
[CACHE MISS] 10.01, -8.68 - calling API...
[SAVED] 10.01, -8.68 → country: Guinée
[CACHE MISS] -0.97, 128.6 - calling API...
[SAVED] -0.97, 128.6 → country: Indonesia
[CACHE MISS] -75.6, -93.49 - calling API...
[SAVED] -75.6, -93.49 → unknown: unknown
[CACHE MISS] 46.52, -112.07 - calling API...
[SAVED] 46.52, -112.07 → country: United States
[CACHE MISS] 69.48, 45.4 - calling API...
[SAVED] 69.48, 45.4 → ocean: Barentsz Sea
[CACHE MISS] 60.74, -147 - calling API...
[SAVED] 60.74, -147 → country: United States
[CACHE MISS] 15.67, -141.92 - calling API...
[SAVED] 15.67, -141.92 → ocean: North Pacific Ocean
[CACHE MISS] -39.01, 101.73 - calling API...
[SAVED] -39.01, 101.73 → ocean: Indian Ocean
[CACHE MISS] -31.44, 151.45 - calling API...
[SAVED] -31.44, 151.45 → country: Australia
[CACHE MISS] -53.47, 70.87 - calling API...
[SAVED] -53.47, 70.87 → ocean: Indian Ocean
[CACHE MISS] -25.99, 59.58 - calling API...
[SAVED] -25.99, 59.58 → ocean: Indian Ocean
[CACHE MISS] 65.45, -66.5 - calling API...
[SAVED] 65.45, -66.5 → country: Canada
[CACHE MISS] -6.41, 117.92 - calling API...
[SAVED] -6.41, 117.92 → country: Indonesia
[CACHE MISS] 6.64, -31.58 - calling API...
[SAVED] 6.64, -31.58 → ocean: North Atlantic Ocean
[CACHE MISS] -80.79, 20.22 - calling API...
[SAVED] -80.79, 20.22 → unknown: unknown
[CACHE MISS] -43.21, 89.45 - calling API...
[SAVED] -43.21, 89.45 → ocean: Indian Ocean
[CACHE MISS] 0.42, 35.54 - calling API...
[SAVED] 0.42, 35.54 → country: Kenya
[CACHE MISS] 58.08, -161.14 - calling API...
[SAVED] 58.08, -161.14 → ocean: Bering Sea
[CACHE MISS] 42.74, -166.37 - calling API...
[SAVED] 42.74, -166.37 → ocean: North Pacific Ocean
[CACHE MISS] 45.15, 158.16 - calling API...
[SAVED] 45.15, 158.16 → ocean: North Pacific Ocean
[CACHE MISS] -64.46, 104.71 - calling API...
[SAVED] -64.46, 104.71 → ocean: Indian Ocean
[CACHE MISS] -9.22, 116.97 - calling API...
[SAVED] -9.22, 116.97 → country: Indonesia
[CACHE MISS] -42.12, 150.62 - calling API...
[SAVED] -42.12, 150.62 → ocean: Tasman Sea
[CACHE MISS] -30.15, 97.74 - calling API...
[SAVED] -30.15, 97.74 → ocean: Indian Ocean
[CACHE MISS] -23, -57.83 - calling API...
[SAVED] -23, -57.83 → country: Paraguay / Paraguái
[CACHE MISS] -38.75, 126.91 - calling API...
[SAVED] -38.75, 126.91 → ocean: Indian Ocean
[CACHE MISS] -16.33, -91.57 - calling API...
[SAVED] -16.33, -91.57 → ocean: South Pacific Ocean
[CACHE MISS] 14.96, 67.35 - calling API...
[SAVED] 14.96, 67.35 → ocean: Arabian Sea
[CACHE MISS] 45.24, -12.88 - calling API...
[SAVED] 45.24, -12.88 → ocean: North Atlantic Ocean
[CACHE MISS] 32.19, -28.73 - calling API...
[SAVED] 32.19, -28.73 → ocean: North Atlantic Ocean
[CACHE MISS] 39.74, -133.97 - calling API...
[SAVED] 39.74, -133.97 → ocean: North Pacific Ocean
[CACHE MISS] -12.43, 15.2 - calling API...
[SAVED] -12.43, 15.2 → country: Angola
[CACHE MISS] 17.68, -31.01 - calling API...
[SAVED] 17.68, -31.01 → ocean: North Atlantic Ocean
[CACHE MISS] -47.08, 165.87 - calling API...
[SAVED] -47.08, 165.87 → ocean: Tasman Sea
[CACHE MISS] -37.62, 128.69 - calling API...
[SAVED] -37.62, 128.69 → ocean: Indian Ocean
[CACHE MISS] -41.57, -21.91 - calling API...
[SAVED] -41.57, -21.91 → ocean: South Atlantic Ocean
[CACHE MISS] -20.88, -98.91 - calling API...
[SAVED] -20.88, -98.91 → ocean: South Pacific Ocean
[CACHE MISS] 40.78, -30.63 - calling API...
[SAVED] 40.78, -30.63 → ocean: North Atlantic Ocean
[CACHE MISS] 61.48, -34.59 - calling API...
[SAVED] 61.48, -34.59 → ocean: Irminger Sea
[CACHE MISS] 19.12, 117.2 - calling API...
[SAVED] 19.12, 117.2 → ocean: South China Sea
[CACHE MISS] -38.82, 129.82 - calling API...
[SAVED] -38.82, 129.82 → ocean: Indian Ocean
[CACHE MISS] -69.7, 22.13 - calling API...
[SAVED] -69.7, 22.13 → ocean: Indian Ocean
[CACHE MISS] -51.01, 29.05 - calling API...
[SAVED] -51.01, 29.05 → ocean: Indian Ocean
[CACHE MISS] -56.99, 53 - calling API...
[SAVED] -56.99, 53 → ocean: Indian Ocean
[CACHE MISS] -4.52, -80.82 - calling API...
[SAVED] -4.52, -80.82 → country: Perú
[CACHE MISS] -75.78, -40.71 - calling API...
[SAVED] -75.78, -40.71 → ocean: South Atlantic Ocean
[CACHE MISS] 5.98, 126.23 - calling API...
[SAVED] 5.98, 126.23 → ocean: Philippine Sea
[CACHE MISS] -78.23, -76.9 - calling API...
[SAVED] -78.23, -76.9 → ocean: South Atlantic Ocean
[CACHE MISS] -14.11, 31.1 - calling API...
[SAVED] -14.11, 31.1 → country: Zambia
[CACHE MISS] 52.52, -134.5 - calling API...
[SAVED] 52.52, -134.5 → ocean: North Pacific Ocean
[CACHE MISS] 28.06, 129.03 - calling API...
[SAVED] 28.06, 129.03 → country: 日本
[CACHE MISS] -75.65, -84.17 - calling API...
[SAVED] -75.65, -84.17 → unknown: unknown
[CACHE MISS] 8.68, -57.63 - calling API...
[SAVED] 8.68, -57.63 → ocean: North Atlantic Ocean
[CACHE MISS] -47.41, 141.9 - calling API...
[SAVED] -47.41, 141.9 → ocean: Indian Ocean
[CACHE MISS] 44.68, 16.29 - calling API...
[SAVED] 44.68, 16.29 → country: Bosna i Hercegovina / Босна и Херцеговина
[CACHE MISS] 72.5, -60.26 - calling API...
[SAVED] 72.5, -60.26 → ocean: Baffin Bay
[CACHE MISS] 34.64, -73.98 - calling API...
[SAVED] 34.64, -73.98 → ocean: North Atlantic Ocean
[CACHE MISS] 51.39, -168.42 - calling API...
[SAVED] 51.39, -168.42 → ocean: North Pacific Ocean
[CACHE MISS] -51.57, 2.92 - calling API...
[SAVED] -51.57, 2.92 → ocean: South Atlantic Ocean
[CACHE MISS] 75.93, -10.14 - calling API...
[SAVED] 75.93, -10.14 → ocean: Greenland Sea
[CACHE MISS] 7.76, -66.39 - calling API...
[SAVED] 7.76, -66.39 → country: Venezuela
[CACHE MISS] 55.54, -70.08 - calling API...
[SAVED] 55.54, -70.08 → country: Canada
[CACHE MISS] -65.27, 44.46 - calling API...
[SAVED] -65.27, 44.46 → ocean: Indian Ocean
[CACHE MISS] -43.31, -124.81 - calling API...
[SAVED] -43.31, -124.81 → ocean: South Pacific Ocean
[CACHE MISS] -12.07, -136.51 - calling API...
[SAVED] -12.07, -136.51 → ocean: South Pacific Ocean
[CACHE MISS] 7.74, 44.57 - calling API...
[SAVED] 7.74, 44.57 → country: ኢትዮጵያ إثيوبيا
[CACHE MISS] 36.6, -20.73 - calling API...
[SAVED] 36.6, -20.73 → ocean: North Atlantic Ocean
[CACHE MISS] 2.09, 90.38 - calling API...
[SAVED] 2.09, 90.38 → ocean: Indian Ocean
[CACHE MISS] 49.99, 8.6 - calling API...
[SAVED] 49.99, 8.6 → country: Deutschland
[CACHE MISS] 33.85, 163.92 - calling API...
[SAVED] 33.85, 163.92 → ocean: North Pacific Ocean
[CACHE MISS] -6.75, -33.59 - calling API...
[SAVED] -6.75, -33.59 → ocean: South Atlantic Ocean
[CACHE MISS] 61.95, 177.37 - calling API...
[SAVED] 61.95, 177.37 → ocean: Golf of Anadyr
[CACHE MISS] -37.2, 101.91 - calling API...
[SAVED] -37.2, 101.91 → ocean: Indian Ocean
[CACHE MISS] 43.21, -30.98 - calling API...
[SAVED] 43.21, -30.98 → ocean: North Atlantic Ocean
[CACHE MISS] 56.47, 159.62 - calling API...
[SAVED] 56.47, 159.62 → country: Россия
[CACHE MISS] -34.32, -107.4 - calling API...
[SAVED] -34.32, -107.4 → ocean: South Pacific Ocean
[CACHE MISS] -32.31, -151.5 - calling API...
[SAVED] -32.31, -151.5 → ocean: South Pacific Ocean
[CACHE MISS] 20.58, -151.39 - calling API...
[SAVED] 20.58, -151.39 → ocean: North Pacific Ocean
[CACHE MISS] 19.23, -64.34 - calling API...
[SAVED] 19.23, -64.34 → ocean: North Atlantic Ocean
[CACHE MISS] -74.4, 64.38 - calling API...
[SAVED] -74.4, 64.38 → unknown: unknown
[CACHE MISS] 64.18, 174.8 - calling API...
[SAVED] 64.18, 174.8 → country: Россия
[CACHE MISS] -25.02, -136.95 - calling API...
[SAVED] -25.02, -136.95 → ocean: South Pacific Ocean
[CACHE MISS] 19.43, -101.17 - calling API...
[SAVED] 19.43, -101.17 → country: México
[CACHE MISS] 51.83, 117.69 - calling API...
[SAVED] 51.83, 117.69 → country: Россия
[CACHE MISS] 17.34, -151.38 - calling API...
[SAVED] 17.34, -151.38 → ocean: North Pacific Ocean
[CACHE MISS] 22.64, -26.1 - calling API...
[SAVED] 22.64, -26.1 → ocean: Canarias Sea
[CACHE MISS] -59.96, 109.98 - calling API...
[SAVED] -59.96, 109.98 → ocean: Indian Ocean
[CACHE MISS] 37.48, -101.68 - calling API...
[SAVED] 37.48, -101.68 → country: United States
[CACHE MISS] 4.34, 153.26 - calling API...
[SAVED] 4.34, 153.26 → ocean: North Pacific Ocean
[CACHE MISS] 6.05, 145.75 - calling API...
[SAVED] 6.05, 145.75 → ocean: North Pacific Ocean
[CACHE MISS] 25.1, -163.01 - calling API...
[SAVED] 25.1, -163.01 → ocean: North Pacific Ocean
[CACHE MISS] 4.45, 62.8 - calling API...
[SAVED] 4.45, 62.8 → ocean: Indian Ocean
[CACHE MISS] 24.08, -169.75 - calling API...
[SAVED] 24.08, -169.75 → ocean: North Pacific Ocean
[CACHE MISS] 43.54, 175.18 - calling API...
[SAVED] 43.54, 175.18 → ocean: North Pacific Ocean
[CACHE MISS] -45.47, 127.2 - calling API...
[SAVED] -45.47, 127.2 → ocean: Indian Ocean
[CACHE MISS] -62.27, -91.32 - calling API...
[SAVED] -62.27, -91.32 → ocean: South Pacific Ocean
[CACHE MISS] 7.42, -59.32 - calling API...
[SAVED] 7.42, -59.32 → country: Guyana
[CACHE MISS] 36.88, -69.93 - calling API...
[SAVED] 36.88, -69.93 → ocean: North Atlantic Ocean
[CACHE MISS] -4.94, 172.92 - calling API...
[SAVED] -4.94, 172.92 → ocean: South Pacific Ocean
[CACHE MISS] -26.44, -60.18 - calling API...
[SAVED] -26.44, -60.18 → country: Argentina
[CACHE MISS] -39.13, 167.38 - calling API...
[SAVED] -39.13, 167.38 → ocean: Tasman Sea
[CACHE MISS] -19.5, -74.86 - calling API...
[SAVED] -19.5, -74.86 → ocean: South Pacific Ocean
[CACHE MISS] 28.72, -89.58 - calling API...
[SAVED] 28.72, -89.58 → ocean: Gulf of Mexico
[CACHE MISS] 11.9, 132.84 - calling API...
[SAVED] 11.9, 132.84 → ocean: Philippine Sea
[CACHE MISS] 40.96, -82.83 - calling API...
[SAVED] 40.96, -82.83 → country: United States
[CACHE MISS] 34.16, 6.1 - calling API...
[SAVED] 34.16, 6.1 → country: Algérie ⵍⵣⵣⴰⵢⴻⵔ الجزائر
[CACHE MISS] 59.47, 103.27 - calling API...
[SAVED] 59.47, 103.27 → country: Россия
[CACHE MISS] -46.09, -100.12 - calling API...
[SAVED] -46.09, -100.12 → unknown: unknown
[CACHE MISS] -50.45, -48.99 - calling API...
[SAVED] -50.45, -48.99 → unknown: unknown
[CACHE MISS] -28.48, -149.12 - calling API...
[SAVED] -28.48, -149.12 → unknown: unknown
[CACHE MISS] -8.36, -21.55 - calling API...
[SAVED] -8.36, -21.55 → unknown: unknown
[CACHE MISS] -20.29, -129.23 - calling API...
[SAVED] -20.29, -129.23 → unknown: unknown
[CACHE MISS] 39.08, -98.7 - calling API...
[SAVED] 39.08, -98.7 → country: United States
[CACHE MISS] -54.18, -17.15 - calling API...
[SAVED] -54.18, -17.15 → unknown: unknown
[CACHE MISS] 0.9, 101.25 - calling API...
[SAVED] 0.9, 101.25 → country: Indonesia
[CACHE MISS] 60.48, 93.29 - calling API...
[SAVED] 60.48, 93.29 → country: Россия
[CACHE MISS] -56.4, -172 - calling API...
[SAVED] -56.4, -172 → unknown: unknown
[CACHE MISS] -28.91, 161.4 - calling API...
[SAVED] -28.91, 161.4 → unknown: unknown
[CACHE MISS] -27.56, -6.17 - calling API...
[SAVED] -27.56, -6.17 → unknown: unknown
[CACHE MISS] -32.11, -115.36 - calling API...
[SAVED] -32.11, -115.36 → unknown: unknown
[CACHE MISS] -27.67, 109.12 - calling API...
[SAVED] -27.67, 109.12 → unknown: unknown
[CACHE MISS] -7.56, 141.84 - calling API...
[SAVED] -7.56, 141.84 → country: Papua Niugini
[CACHE MISS] 56.37, 27.4 - calling API...
[SAVED] 56.37, 27.4 → country: Latvija
[CACHE MISS] 63.54, -73.74 - calling API...
[SAVED] 63.54, -73.74 → country: Canada
[CACHE MISS] 7.57, -130.73 - calling API...
[SAVED] 7.57, -130.73 → ocean: North Pacific Ocean
[CACHE MISS] -49.23, 105.12 - calling API...
[SAVED] -49.23, 105.12 → ocean: Indian Ocean
[CACHE MISS] 82.08, 23.89 - calling API...
[SAVED] 82.08, 23.89 → ocean: Arctic Ocean
[CACHE MISS] 17.57, 75.89 - calling API...
[SAVED] 17.57, 75.89 → country: India
[CACHE MISS] 44.94, 90.86 - calling API...
[SAVED] 44.94, 90.86 → country: 中国
[CACHE MISS] -18.54, 29.68 - calling API...
[SAVED] -18.54, 29.68 → country: Zimbabwe
[CACHE MISS] -29.57, -120.5 - calling API...
[SAVED] -29.57, -120.5 → ocean: South Pacific Ocean
[CACHE MISS] 11.97, 37.24 - calling API...
[SAVED] 11.97, 37.24 → country: ኢትዮጵያ إثيوبيا
[CACHE MISS] 71.14, 123.9 - calling API...
[SAVED] 71.14, 123.9 → country: Россия
[CACHE MISS] 18.79, 33.29 - calling API...
[SAVED] 18.79, 33.29 → country: السودان
[CACHE MISS] 1.42, 116.36 - calling API...
[SAVED] 1.42, 116.36 → country: Indonesia
[CACHE MISS] -9.5, -159.76 - calling API...
[SAVED] -9.5, -159.76 → ocean: South Pacific Ocean
[CACHE MISS] -44.54, -68.21 - calling API...
[SAVED] -44.54, -68.21 → country: Argentina
[CACHE MISS] -43.57, -47.53 - calling API...
[SAVED] -43.57, -47.53 → ocean: South Atlantic Ocean
[CACHE MISS] 45.09, -159.58 - calling API...
[SAVED] 45.09, -159.58 → ocean: North Pacific Ocean
[CACHE MISS] -89.11, 83 - calling API...
[SAVED] -89.11, 83 → unknown: unknown
[CACHE MISS] 43.94, -57.55 - calling API...
[SAVED] 43.94, -57.55 → ocean: North Atlantic Ocean
[CACHE MISS] 3.62, -49.99 - calling API...
[SAVED] 3.62, -49.99 → ocean: North Atlantic Ocean
[CACHE MISS] 15.76, -10.21 - calling API...
[SAVED] 15.76, -10.21 → country: Mauritanie موريتانيا
[CACHE MISS] -16.67, -166.24 - calling API...
[SAVED] -16.67, -166.24 → ocean: South Pacific Ocean
[CACHE MISS] 21.58, -166.92 - calling API...
[SAVED] 21.58, -166.92 → ocean: North Pacific Ocean
[CACHE MISS] 30.81, -30.91 - calling API...
[SAVED] 30.81, -30.91 → ocean: Canarias Sea
[CACHE MISS] 64.97, -2.51 - calling API...
[SAVED] 64.97, -2.51 → ocean: Norwegian Sea
[CACHE MISS] 54.75, 100.68 - calling API...
[SAVED] 54.75, 100.68 → country: Россия
[CACHE MISS] -57.47, -84.57 - calling API...
[SAVED] -57.47, -84.57 → ocean: South Pacific Ocean
[CACHE MISS] 0.43, 76.1 - calling API...
[SAVED] 0.43, 76.1 → ocean: Indian Ocean
[CACHE MISS] 49.63, -25.98 - calling API...
[SAVED] 49.63, -25.98 → ocean: North Atlantic Ocean
[CACHE MISS] 17.68, 112.07 - calling API...
[SAVED] 17.68, 112.07 → ocean: South China Sea
[CACHE MISS] 40.65, 56.14 - calling API...
[SAVED] 40.65, 56.14 → country: Türkmenistan
[CACHE MISS] -14.88, 66.08 - calling API...
[SAVED] -14.88, 66.08 → ocean: Indian Ocean
[CACHE MISS] 6.6, -162.76 - calling API...
[SAVED] 6.6, -162.76 → ocean: North Pacific Ocean
[CACHE MISS] -13.33, -19.59 - calling API...
[SAVED] -13.33, -19.59 → ocean: South Atlantic Ocean
[CACHE MISS] -74.82, 163.81 - calling API...
[SAVED] -74.82, 163.81 → unknown: unknown
[CACHE MISS] 35.28, 6.78 - calling API...
[SAVED] 35.28, 6.78 → country: Algérie ⵍⵣⵣⴰⵢⴻⵔ الجزائر
[CACHE MISS] 63.7, 29.84 - calling API...
[SAVED] 63.7, 29.84 → country: Suomi / Finland
[CACHE MISS] -49.39, 79.74 - calling API...
[SAVED] -49.39, 79.74 → ocean: Indian Ocean
[CACHE MISS] 10.6, -1 - calling API...
[SAVED] 10.6, -1 → country: Ghana
[CACHE MISS] 15.18, -2.81 - calling API...
[SAVED] 15.18, -2.81 → country: Mali
[CACHE MISS] -59.34, -75.89 - calling API...
[SAVED] -59.34, -75.89 → ocean: South Pacific Ocean
[CACHE MISS] -21.45, -140.79 - calling API...
[SAVED] -21.45, -140.79 → ocean: South Pacific Ocean
[CACHE MISS] 81.39, -78.01 - calling API...
[SAVED] 81.39, -78.01 → country: Canada
[CACHE MISS] 69.42, 135.58 - calling API...
[SAVED] 69.42, 135.58 → country: Россия
[CACHE MISS] 53.37, -18.89 - calling API...
[SAVED] 53.37, -18.89 → ocean: North Atlantic Ocean
[CACHE MISS] 28.17, 57.21 - calling API...
[SAVED] 28.17, 57.21 → country: ایران
[CACHE MISS] 9.52, 68.19 - calling API...
[SAVED] 9.52, 68.19 → ocean: Arabian Sea
[CACHE MISS] -66.54, 27.77 - calling API...
[SAVED] -66.54, 27.77 → ocean: Indian Ocean
[CACHE MISS] -32.82, -79.37 - calling API...
[SAVED] -32.82, -79.37 → ocean: South Pacific Ocean
[CACHE MISS] -59.3, -29.26 - calling API...
[SAVED] -59.3, -29.26 → ocean: South Atlantic Ocean
[CACHE MISS] 4.22, 179.45 - calling API...
[SAVED] 4.22, 179.45 → ocean: North Pacific Ocean
[CACHE MISS] 62.4, 106.27 - calling API...
[SAVED] 62.4, 106.27 → country: Россия
[CACHE MISS] -6.18, 44.71 - calling API...
[SAVED] -6.18, 44.71 → ocean: Indian Ocean
[CACHE MISS] 23.83, 152.3 - calling API...
[SAVED] 23.83, 152.3 → ocean: North Pacific Ocean
[CACHE MISS] 22.93, 121.84 - calling API...
[SAVED] 22.93, 121.84 → ocean: Philippine Sea
[CACHE MISS] -59.76, 69.19 - calling API...
[SAVED] -59.76, 69.19 → ocean: Indian Ocean
[CACHE MISS] -78.67, -135.85 - calling API...
[SAVED] -78.67, -135.85 → unknown: unknown
[CACHE MISS] 60.54, -127.17 - calling API...
[SAVED] 60.54, -127.17 → country: Canada
[CACHE MISS] 6.46, -110.63 - calling API...
[SAVED] 6.46, -110.63 → ocean: North Pacific Ocean
[CACHE MISS] -18.64, -32.44 - calling API...
[SAVED] -18.64, -32.44 → ocean: South Atlantic Ocean
[CACHE MISS] -21.91, -9.8 - calling API...
[SAVED] -21.91, -9.8 → ocean: South Atlantic Ocean
[CACHE MISS] 40.78, -85.07 - calling API...
[SAVED] 40.78, -85.07 → country: United States
[CACHE MISS] -0.85, -118.18 - calling API...
[SAVED] -0.85, -118.18 → ocean: South Pacific Ocean
[CACHE MISS] 24.64, -24.46 - calling API...
[SAVED] 24.64, -24.46 → ocean: Canarias Sea
[CACHE MISS] 3.8, 14.84 - calling API...
[SAVED] 3.8, 14.84 → country: Cameroun
[CACHE MISS] -46.25, -72.58 - calling API...
[SAVED] -46.25, -72.58 → country: Chile
[CACHE MISS] -69.7, -25.32 - calling API...
[SAVED] -69.7, -25.32 → ocean: South Atlantic Ocean
[CACHE MISS] -59.7, 35.92 - calling API...
[SAVED] -59.7, 35.92 → ocean: Indian Ocean
[CACHE MISS] 27.12, -139.21 - calling API...
[SAVED] 27.12, -139.21 → ocean: North Pacific Ocean
[CACHE MISS] -36.93, -147.02 - calling API...
[SAVED] -36.93, -147.02 → ocean: South Pacific Ocean
[CACHE MISS] -47.97, 161.08 - calling API...
[SAVED] -47.97, 161.08 → ocean: Tasman Sea
[CACHE MISS] -29.67, 48 - calling API...
[SAVED] -29.67, 48 → ocean: Indian Ocean
[CACHE MISS] -53.63, 47.03 - calling API...
[SAVED] -53.63, 47.03 → ocean: Indian Ocean
[CACHE MISS] -73.72, -154.96 - calling API...
[SAVED] -73.72, -154.96 → ocean: South Pacific Ocean
[CACHE MISS] 73.27, -123.39 - calling API...
[SAVED] 73.27, -123.39 → country: Canada
[CACHE MISS] -44.22, 20.56 - calling API...
[SAVED] -44.22, 20.56 → ocean: Indian Ocean
[CACHE MISS] -34.92, -26.42 - calling API...
[SAVED] -34.92, -26.42 → ocean: South Atlantic Ocean
[CACHE MISS] -12.39, -151.81 - calling API...
[SAVED] -12.39, -151.81 → ocean: South Pacific Ocean
[CACHE MISS] -80.8, -11.47 - calling API...
[SAVED] -80.8, -11.47 → unknown: unknown
[CACHE MISS] -15.08, -7 - calling API...
[SAVED] -15.08, -7 → ocean: South Atlantic Ocean
[CACHE MISS] 19.27, 172.99 - calling API...
[SAVED] 19.27, 172.99 → ocean: North Pacific Ocean
[CACHE MISS] -58.41, 171.26 - calling API...
[SAVED] -58.41, 171.26 → ocean: South Pacific Ocean
[CACHE MISS] 24.69, 37.53 - calling API...
[SAVED] 24.69, 37.53 → country: السعودية
[CACHE MISS] 44.27, 114.87 - calling API...
[SAVED] 44.27, 114.87 → country: 中国
[CACHE MISS] -25.5, 172.35 - calling API...
[SAVED] -25.5, 172.35 → ocean: South Pacific Ocean
[CACHE MISS] -34.81, -3.24 - calling API...
[SAVED] -34.81, -3.24 → ocean: South Atlantic Ocean
[CACHE MISS] -6.51, 26.1 - calling API...
[SAVED] -6.51, 26.1 → country: République démocratique du Congo
[CACHE MISS] -71.58, 20.1 - calling API...
[SAVED] -71.58, 20.1 → unknown: unknown
[CACHE MISS] -86.78, -165.17 - calling API...
[SAVED] -86.78, -165.17 → unknown: unknown
[CACHE MISS] 53.82, 0.78 - calling API...
[SAVED] 53.82, 0.78 → ocean: North Sea
[CACHE MISS] -7, 148.79 - calling API...
[SAVED] -7, 148.79 → ocean: Solomon Sea
[CACHE MISS] -57.49, -20.23 - calling API...
[SAVED] -57.49, -20.23 → ocean: South Atlantic Ocean
[CACHE MISS] -22.35, 61.2 - calling API...
[SAVED] -22.35, 61.2 → ocean: Indian Ocean
[CACHE MISS] -0.01, 58.77 - calling API...
[SAVED] -0.01, 58.77 → ocean: Indian Ocean
[CACHE MISS] -36.56, 42.12 - calling API...
[SAVED] -36.56, 42.12 → ocean: Indian Ocean
[CACHE MISS] -46.2, -82.71 - calling API...
[SAVED] -46.2, -82.71 → ocean: South Pacific Ocean
[CACHE MISS] -3.62, -173.96 - calling API...
[SAVED] -3.62, -173.96 → ocean: South Pacific Ocean
[CACHE MISS] 10.6, -140.87 - calling API...
[SAVED] 10.6, -140.87 → ocean: North Pacific Ocean
[CACHE MISS] 44.77, 94.38 - calling API...
[SAVED] 44.77, 94.38 → country: Монгол улс ᠮᠤᠩᠭᠤᠯ ᠤᠯᠤᠰ
[CACHE MISS] 44.52, -99.37 - calling API...
[SAVED] 44.52, -99.37 → country: United States
[CACHE MISS] -37.52, 104.32 - calling API...
[SAVED] -37.52, 104.32 → ocean: Indian Ocean
[CACHE MISS] 77.4, 30.48 - calling API...
[SAVED] 77.4, 30.48 → ocean: Barentsz Sea
[CACHE MISS] 6.62, -168.45 - calling API...
[SAVED] 6.62, -168.45 → ocean: North Pacific Ocean
[CACHE MISS] 60.48, 33.95 - calling API...
[SAVED] 60.48, 33.95 → country: Россия
[CACHE MISS] 49.42, 33.74 - calling API...
[SAVED] 49.42, 33.74 → country: Україна
[CACHE MISS] -27.87, 149.59 - calling API...
[SAVED] -27.87, 149.59 → country: Australia
[CACHE MISS] 49.94, -27.52 - calling API...
[SAVED] 49.94, -27.52 → ocean: North Atlantic Ocean
[CACHE MISS] -61.9, -170.28 - calling API...
[SAVED] -61.9, -170.28 → ocean: South Pacific Ocean
[CACHE MISS] 80.09, -31.23 - calling API...
[SAVED] 80.09, -31.23 → country: Kalaallit Nunaat
[CACHE MISS] 47.08, -175.26 - calling API...
[SAVED] 47.08, -175.26 → ocean: North Pacific Ocean
[CACHE MISS] 37.07, -138.76 - calling API...
[SAVED] 37.07, -138.76 → ocean: North Pacific Ocean
[CACHE MISS] -35.07, -47.01 - calling API...
[SAVED] -35.07, -47.01 → ocean: South Atlantic Ocean
[CACHE MISS] 71.04, 157.61 - calling API...
[SAVED] 71.04, 157.61 → country: Россия
[CACHE MISS] -29.36, 96.52 - calling API...
[SAVED] -29.36, 96.52 → ocean: Indian Ocean
[CACHE MISS] 17.66, -33.59 - calling API...
[SAVED] 17.66, -33.59 → ocean: North Atlantic Ocean
[CACHE MISS] 2.87, -155.83 - calling API...
[SAVED] 2.87, -155.83 → ocean: North Pacific Ocean
[CACHE MISS] -1.2, 16.14 - calling API...
[SAVED] -1.2, 16.14 → country: Congo
[CACHE MISS] 79.44, -91 - calling API...
[SAVED] 79.44, -91 → country: Canada
[CACHE MISS] 35.42, -122.95 - calling API...
[SAVED] 35.42, -122.95 → ocean: North Pacific Ocean
[CACHE MISS] 40.13, 100.87 - calling API...
[SAVED] 40.13, 100.87 → country: 中国
[CACHE MISS] -25.52, 35.37 - calling API...
[SAVED] -25.52, 35.37 → ocean: Mozambique Channel
[CACHE MISS] 7.32, -59.04 - calling API...
[SAVED] 7.32, -59.04 → country: Guyana
[CACHE MISS] 4.7, -17.91 - calling API...
[SAVED] 4.7, -17.91 → ocean: North Atlantic Ocean
[CACHE MISS] -28.69, -138.3 - calling API...
[SAVED] -28.69, -138.3 → ocean: South Pacific Ocean
[CACHE MISS] -15.89, -44.06 - calling API...
[SAVED] -15.89, -44.06 → country: Brasil
[CACHE MISS] -48.41, 52.95 - calling API...
[SAVED] -48.41, 52.95 → ocean: Indian Ocean
[CACHE MISS] 9.86, -72.66 - calling API...
[SAVED] 9.86, -72.66 → country: Venezuela
[CACHE MISS] 53.36, -109.07 - calling API...
[SAVED] 53.36, -109.07 → country: Canada
[CACHE MISS] -1.86, 62.82 - calling API...
[SAVED] -1.86, 62.82 → ocean: Indian Ocean
[CACHE MISS] 31.95, -120.9 - calling API...
[SAVED] 31.95, -120.9 → ocean: North Pacific Ocean
[CACHE MISS] 6.65, -138.01 - calling API...
[SAVED] 6.65, -138.01 → ocean: North Pacific Ocean
[CACHE MISS] -4.95, -132.05 - calling API...
[SAVED] -4.95, -132.05 → ocean: South Pacific Ocean
[CACHE MISS] -47.61, -74.78 - calling API...
[SAVED] -47.61, -74.78 → country: Chile
[CACHE MISS] 38.58, 63.1 - calling API...
[SAVED] 38.58, 63.1 → country: Türkmenistan
[CACHE MISS] -21.55, -81.88 - calling API...
[SAVED] -21.55, -81.88 → ocean: South Pacific Ocean
[CACHE MISS] -27.65, 33.66 - calling API...
[SAVED] -27.65, 33.66 → ocean: Indian Ocean
[CACHE MISS] 50.41, 144.31 - calling API...
[SAVED] 50.41, 144.31 → ocean: Sea Of Okhotsk
[CACHE MISS] -28.11, 25.22 - calling API...
[SAVED] -28.11, 25.22 → country: South Africa
[CACHE MISS] -6.15, -146.41 - calling API...
[SAVED] -6.15, -146.41 → ocean: South Pacific Ocean
[CACHE MISS] 21.98, -106.1 - calling API...
[SAVED] 21.98, -106.1 → ocean: North Pacific Ocean
[CACHE MISS] -7.57, 57.66 - calling API...
[SAVED] -7.57, 57.66 → ocean: Indian Ocean
[CACHE MISS] -35.52, -97.54 - calling API...
[SAVED] -35.52, -97.54 → ocean: South Pacific Ocean
[CACHE MISS] -21.94, -28.38 - calling API...
[SAVED] -21.94, -28.38 → ocean: South Atlantic Ocean
[CACHE MISS] 20.31, 81.16 - calling API...
[SAVED] 20.31, 81.16 → country: India
[CACHE MISS] 48.14, -138.95 - calling API...
[SAVED] 48.14, -138.95 → ocean: North Pacific Ocean
[CACHE MISS] -0.14, -67.96 - calling API...
[SAVED] -0.14, -67.96 → country: Brasil
[CACHE MISS] -77.31, -79.84 - calling API...
[SAVED] -77.31, -79.84 → ocean: South Atlantic Ocean
[CACHE MISS] 15.06, 70.67 - calling API...
[SAVED] 15.06, 70.67 → ocean: Arabian Sea
[CACHE MISS] -17.61, 102.14 - calling API...
[SAVED] -17.61, 102.14 → ocean: Indian Ocean
[CACHE MISS] -10.53, 56.44 - calling API...
[SAVED] -10.53, 56.44 → ocean: Indian Ocean
[CACHE MISS] -74.16, -130.8 - calling API...
[SAVED] -74.16, -130.8 → ocean: South Pacific Ocean
[CACHE MISS] -20.52, -36.02 - calling API...
[SAVED] -20.52, -36.02 → ocean: South Atlantic Ocean
[CACHE MISS] 36.62, -56.76 - calling API...
[SAVED] 36.62, -56.76 → ocean: North Atlantic Ocean
[CACHE MISS] 55.67, -99.11 - calling API...
[SAVED] 55.67, -99.11 → country: Canada
[CACHE MISS] 41.59, 98 - calling API...
[SAVED] 41.59, 98 → country: 中国
[CACHE MISS] 45.79, -134.2 - calling API...
[SAVED] 45.79, -134.2 → ocean: North Pacific Ocean
[CACHE MISS] -17.27, -80.7 - calling API...
[SAVED] -17.27, -80.7 → ocean: South Pacific Ocean
[CACHE MISS] 12.38, 104.54 - calling API...
[SAVED] 12.38, 104.54 → country: ព្រះរាជាណាចក្រ​កម្ពុជា
[CACHE MISS] 65.03, 147.82 - calling API...
[SAVED] 65.03, 147.82 → country: Россия
[CACHE MISS] -2.19, 5.83 - calling API...
[SAVED] -2.19, 5.83 → ocean: South Atlantic Ocean
[CACHE MISS] -15.39, 129.72 - calling API...
[SAVED] -15.39, 129.72 → country: Australia
[CACHE MISS] -64.3, 92.52 - calling API...
[SAVED] -64.3, 92.52 → ocean: Indian Ocean
[CACHE MISS] 8.6, -114.25 - calling API...
[SAVED] 8.6, -114.25 → ocean: North Pacific Ocean
[CACHE MISS] 38.66, 48.38 - calling API...
[SAVED] 38.66, 48.38 → country: Azərbaycan
[CACHE MISS] -1.95, 72.24 - calling API...
[SAVED] -1.95, 72.24 → ocean: Indian Ocean
[CACHE MISS] -44.72, 150.06 - calling API...
[SAVED] -44.72, 150.06 → ocean: Tasman Sea
[CACHE MISS] -19.68, 13.89 - calling API...
[SAVED] -19.68, 13.89 → country: Namibia
[CACHE MISS] -19.07, -117.16 - calling API...
[SAVED] -19.07, -117.16 → ocean: South Pacific Ocean
[CACHE MISS] 34.28, -132.12 - calling API...
[SAVED] 34.28, -132.12 → ocean: North Pacific Ocean
[CACHE MISS] 42.89, -123.42 - calling API...
[SAVED] 42.89, -123.42 → country: United States
[CACHE MISS] -57.65, -62.39 - calling API...
[SAVED] -57.65, -62.39 → ocean: South Atlantic Ocean
[CACHE MISS] 4.68, 20.45 - calling API...
[SAVED] 4.68, 20.45 → country: Ködörösêse tî Bêafrîka / République centrafricaine
[CACHE MISS] 17.95, -100.46 - calling API...
[SAVED] 17.95, -100.46 → country: México
[CACHE MISS] -23.6, 108.8 - calling API...
[SAVED] -23.6, 108.8 → ocean: Indian Ocean
[CACHE MISS] 7.34, -94.22 - calling API...
[SAVED] 7.34, -94.22 → ocean: North Pacific Ocean
[CACHE MISS] 22.22, -3.55 - calling API...
[SAVED] 22.22, -3.55 → country: Mali
[CACHE MISS] 6.19, -60.18 - calling API...
[SAVED] 6.19, -60.18 → country: Guyana
[CACHE MISS] 34.8, -105.51 - calling API...
[SAVED] 34.8, -105.51 → country: United States
[CACHE MISS] -26.78, -105.48 - calling API...
[SAVED] -26.78, -105.48 → ocean: South Pacific Ocean
[CACHE MISS] -33.89, 67.97 - calling API...
[SAVED] -33.89, 67.97 → ocean: Indian Ocean
[CACHE MISS] -47.54, 162.51 - calling API...
[SAVED] -47.54, 162.51 → ocean: Tasman Sea
[CACHE MISS] -6.94, 0.34 - calling API...
[SAVED] -6.94, 0.34 → ocean: South Atlantic Ocean
[CACHE MISS] -24.2, -130.39 - calling API...
[SAVED] -24.2, -130.39 → ocean: South Pacific Ocean
[CACHE MISS] 63.92, 169.72 - calling API...
[SAVED] 63.92, 169.72 → country: Россия
[CACHE MISS] -63.07, 90.21 - calling API...
[SAVED] -63.07, 90.21 → ocean: Indian Ocean
[CACHE MISS] 7.29, -142.92 - calling API...
[SAVED] 7.29, -142.92 → ocean: North Pacific Ocean
[CACHE MISS] -28.97, -73.22 - calling API...
[SAVED] -28.97, -73.22 → ocean: South Pacific Ocean
[CACHE MISS] 71.58, 134.3 - calling API...
[SAVED] 71.58, 134.3 → ocean: Laptev Sea
[CACHE MISS] 39.29, 89.7 - calling API...
[SAVED] 39.29, 89.7 → country: 中国
[CACHE MISS] 10.08, 38.04 - calling API...
[SAVED] 10.08, 38.04 → country: ኢትዮጵያ إثيوبيا
[CACHE MISS] 47.55, 139.14 - calling API...
[SAVED] 47.55, 139.14 → country: Россия
[CACHE MISS] 25.73, -178.22 - calling API...
[SAVED] 25.73, -178.22 → ocean: North Pacific Ocean
[CACHE MISS] -35.27, 16.52 - calling API...
[SAVED] -35.27, 16.52 → ocean: South Atlantic Ocean
[CACHE MISS] 38.01, -24.53 - calling API...
[SAVED] 38.01, -24.53 → ocean: North Atlantic Ocean
[CACHE MISS] -57.25, 131.81 - calling API...
[SAVED] -57.25, 131.81 → ocean: Indian Ocean
[CACHE MISS] 79.33, 18.87 - calling API...
[SAVED] 79.33, 18.87 → country: Norge
[CACHE MISS] -33.24, 85.19 - calling API...
[SAVED] -33.24, 85.19 → ocean: Indian Ocean
[CACHE MISS] -28.97, -90.41 - calling API...
[SAVED] -28.97, -90.41 → ocean: South Pacific Ocean
[CACHE MISS] -70.88, 126.44 - calling API...
[SAVED] -70.88, 126.44 → unknown: unknown
[CACHE MISS] -12.2, 147.94 - calling API...
[SAVED] -12.2, 147.94 → ocean: Coral Sea
[CACHE MISS] -16.94, -38.75 - calling API...
[SAVED] -16.94, -38.75 → unknown: unknown
[CACHE MISS] 33.02, -64.25 - calling API...
[SAVED] 33.02, -64.25 → unknown: unknown
[CACHE MISS] 24.81, -94.2 - calling API...
[SAVED] 24.81, -94.2 → unknown: unknown
[CACHE MISS] -5.72, 94.12 - calling API...
[SAVED] -5.72, 94.12 → unknown: unknown
[CACHE MISS] -44.81, 21.35 - calling API...
[SAVED] -44.81, 21.35 → unknown: unknown
[CACHE MISS] 68.3, 77.54 - calling API...
[SAVED] 68.3, 77.54 → country: Россия
[CACHE MISS] 48.15, 70.37 - calling API...
[SAVED] 48.15, 70.37 → country: Қазақстан
[CACHE MISS] -55.34, 74.85 - calling API...
[SAVED] -55.34, 74.85 → unknown: unknown
[CACHE MISS] 62.43, 40.07 - calling API...
[SAVED] 62.43, 40.07 → country: Россия
[CACHE MISS] -6.12, 130.65 - calling API...
[SAVED] -6.12, 130.65 → country: Indonesia
[CACHE MISS] -12.97, 24.12 - calling API...
[SAVED] -12.97, 24.12 → country: Zambia
[CACHE MISS] 30.27, 65.26 - calling API...
[SAVED] 30.27, 65.26 → country: افغانستان
[CACHE MISS] -83.4, -157.64 - calling API...
[SAVED] -83.4, -157.64 → ocean: South Pacific Ocean
[CACHE MISS] -21.58, -173.33 - calling API...
[SAVED] -21.58, -173.33 → ocean: South Pacific Ocean
[CACHE MISS] -20.3, -84.7 - calling API...
[SAVED] -20.3, -84.7 → ocean: South Pacific Ocean
[CACHE MISS] -13.92, 147.22 - calling API...
[SAVED] -13.92, 147.22 → ocean: Coral Sea
[CACHE MISS] 31.47, -138.34 - calling API...
[SAVED] 31.47, -138.34 → ocean: North Pacific Ocean
[CACHE MISS] -24.21, -105.17 - calling API...
[SAVED] -24.21, -105.17 → ocean: South Pacific Ocean
[CACHE MISS] 14.39, -91.97 - calling API...
[SAVED] 14.39, -91.97 → country: Guatemala
[CACHE MISS] 63.34, -1.61 - calling API...
[SAVED] 63.34, -1.61 → ocean: Norwegian Sea
[CACHE MISS] 20.27, -147.1 - calling API...
[SAVED] 20.27, -147.1 → ocean: North Pacific Ocean
[CACHE MISS] 83.68, 33.07 - calling API...
[SAVED] 83.68, 33.07 → ocean: Arctic Ocean
[CACHE MISS] 50.92, -172.82 - calling API...
[SAVED] 50.92, -172.82 → ocean: North Pacific Ocean
[CACHE MISS] 65.07, -67.38 - calling API...
[SAVED] 65.07, -67.38 → country: Canada
[CACHE MISS] 86.84, -87.92 - calling API...
[SAVED] 86.84, -87.92 → ocean: Arctic Ocean
[CACHE MISS] 3.73, -5.29 - calling API...
[SAVED] 3.73, -5.29 → ocean: Gulf of Guinea
[CACHE MISS] 28.32, -99.62 - calling API...
[SAVED] 28.32, -99.62 → country: United States
[CACHE MISS] 67.69, 170.94 - calling API...
[SAVED] 67.69, 170.94 → country: Россия
[CACHE MISS] -75.94, 58.56 - calling API...
[SAVED] -75.94, 58.56 → unknown: unknown
[CACHE MISS] 82.01, -124.64 - calling API...
[SAVED] 82.01, -124.64 → ocean: Arctic Ocean
[CACHE MISS] -57.95, 29.82 - calling API...
[SAVED] -57.95, 29.82 → ocean: Indian Ocean
[CACHE MISS] 8.74, -10.72 - calling API...
[SAVED] 8.74, -10.72 → country: Sierra Leone
[CACHE MISS] 71.23, -24.82 - calling API...
[SAVED] 71.23, -24.82 → country: Kalaallit Nunaat
[CACHE MISS] -38.07, -165.89 - calling API...
[SAVED] -38.07, -165.89 → ocean: South Pacific Ocean
[CACHE MISS] -4.7, 83.95 - calling API...
[SAVED] -4.7, 83.95 → ocean: Indian Ocean
[CACHE MISS] 34.83, 96.15 - calling API...
[SAVED] 34.83, 96.15 → country: 中国
[CACHE MISS] -11.65, 62.23 - calling API...
[SAVED] -11.65, 62.23 → ocean: Indian Ocean
[CACHE MISS] 48.18, 27.64 - calling API...
[SAVED] 48.18, 27.64 → country: Moldova
[CACHE MISS] -61.35, 3.72 - calling API...
[SAVED] -61.35, 3.72 → ocean: South Atlantic Ocean
[CACHE MISS] -21.81, 94.92 - calling API...
[SAVED] -21.81, 94.92 → ocean: Indian Ocean
[CACHE MISS] 39.8, -166.4 - calling API...
[SAVED] 39.8, -166.4 → ocean: North Pacific Ocean
[CACHE MISS] -45.21, 81.08 - calling API...
[SAVED] -45.21, 81.08 → ocean: Indian Ocean
[CACHE MISS] -34.9, 166.99 - calling API...
[SAVED] -34.9, 166.99 → ocean: Tasman Sea
[CACHE MISS] -15.96, -8.44 - calling API...
[SAVED] -15.96, -8.44 → ocean: South Atlantic Ocean
[CACHE MISS] -8.62, -98.09 - calling API...
[SAVED] -8.62, -98.09 → ocean: South Pacific Ocean
[CACHE MISS] -4.63, 23.81 - calling API...
[SAVED] -4.63, 23.81 → country: République démocratique du Congo
[CACHE MISS] 9.71, -28.52 - calling API...
[SAVED] 9.71, -28.52 → ocean: North Atlantic Ocean
[CACHE MISS] 31.74, -121.07 - calling API...
[SAVED] 31.74, -121.07 → ocean: North Pacific Ocean
[CACHE MISS] -67.32, -94.59 - calling API...
[SAVED] -67.32, -94.59 → ocean: South Pacific Ocean
[CACHE MISS] 36.48, 12.65 - calling API...
[SAVED] 36.48, 12.65 → ocean: Strait of Sicily
[CACHE MISS] 7.16, 148.67 - calling API...
[SAVED] 7.16, 148.67 → ocean: North Pacific Ocean
[CACHE MISS] 55.96, -90.61 - calling API...
[SAVED] 55.96, -90.61 → country: Canada
[CACHE MISS] 9.33, -74.04 - calling API...
[SAVED] 9.33, -74.04 → country: Colombia
[CACHE MISS] -12.54, -139.47 - calling API...
[SAVED] -12.54, -139.47 → ocean: South Pacific Ocean
[CACHE MISS] -68.51, 126.92 - calling API...
[SAVED] -68.51, 126.92 → unknown: unknown
[CACHE MISS] -21.68, 103.92 - calling API...
[SAVED] -21.68, 103.92 → ocean: Indian Ocean
[CACHE MISS] -32.9, -48.25 - calling API...
[SAVED] -32.9, -48.25 → ocean: South Atlantic Ocean
[CACHE MISS] -42.5, 179.8 - calling API...
[SAVED] -42.5, 179.8 → ocean: South Pacific Ocean
[CACHE MISS] 0.92, -95.39 - calling API...
[SAVED] 0.92, -95.39 → ocean: North Pacific Ocean
[CACHE MISS] -32.81, 156.43 - calling API...
[SAVED] -32.81, 156.43 → ocean: Tasman Sea
[CACHE MISS] 77.49, -179.09 - calling API...
[SAVED] 77.49, -179.09 → unknown: unknown
[CACHE MISS] 51.67, 118.21 - calling API...
[SAVED] 51.67, 118.21 → country: Россия
[CACHE MISS] -59.4, 73.37 - calling API...
[SAVED] -59.4, 73.37 → unknown: unknown
[CACHE MISS] 74.62, -172.77 - calling API...
[SAVED] 74.62, -172.77 → unknown: unknown
[CACHE MISS] -19.57, -77.04 - calling API...
[SAVED] -19.57, -77.04 → unknown: unknown
[CACHE MISS] 12.66, -174 - calling API...
[SAVED] 12.66, -174 → unknown: unknown
[CACHE MISS] -6.29, -24.81 - calling API...
[SAVED] -6.29, -24.81 → unknown: unknown
[CACHE MISS] 32.8, 146.01 - calling API...
[SAVED] 32.8, 146.01 → unknown: unknown
[CACHE MISS] 44.79, 13.05 - calling API...
[SAVED] 44.79, 13.05 → unknown: unknown
[CACHE MISS] -8.74, -123.05 - calling API...
[SAVED] -8.74, -123.05 → unknown: unknown
[CACHE MISS] -40.53, 167.71 - calling API...
[SAVED] -40.53, 167.71 → unknown: unknown
[CACHE MISS] -65.67, -171.41 - calling API...
[SAVED] -65.67, -171.41 → unknown: unknown
[CACHE MISS] -51.07, -144.32 - calling API...
[SAVED] -51.07, -144.32 → unknown: unknown
[CACHE MISS] 22.2, -105.03 - calling API...
[SAVED] 22.2, -105.03 → country: México
[CACHE MISS] -54.02, 137.7 - calling API...
[SAVED] -54.02, 137.7 → unknown: unknown
[CACHE MISS] -11.51, -50 - calling API...
[SAVED] -11.51, -50 → country: Brasil
[CACHE MISS] 31.85, -46.42 - calling API...
[SAVED] 31.85, -46.42 → unknown: unknown
[CACHE MISS] -62.82, 75.52 - calling API...
[SAVED] -62.82, 75.52 → unknown: unknown
[CACHE MISS] -11.02, -127.96 - calling API...
[SAVED] -11.02, -127.96 → unknown: unknown
[CACHE MISS] -34.07, 5.4 - calling API...
[SAVED] -34.07, 5.4 → unknown: unknown
[CACHE MISS] 57.41, -58.92 - calling API...
[SAVED] 57.41, -58.92 → unknown: unknown
[CACHE MISS] -77.44, -12.82 - calling API...
[SAVED] -77.44, -12.82 → unknown: unknown
[CACHE MISS] 19.25, -53.55 - calling API...
[SAVED] 19.25, -53.55 → unknown: unknown
[CACHE MISS] 62.63, 147.92 - calling API...
[SAVED] 62.63, 147.92 → country: Россия
[CACHE MISS] 82.95, -81.27 - calling API...
[SAVED] 82.95, -81.27 → country: Canada
[CACHE MISS] -20.65, 4.69 - calling API...
[SAVED] -20.65, 4.69 → unknown: unknown
[CACHE MISS] -72.27, 30.18 - calling API...
[SAVED] -72.27, 30.18 → unknown: unknown
[CACHE MISS] 43.84, 139.48 - calling API...
[SAVED] 43.84, 139.48 → unknown: unknown
[CACHE MISS] 83.82, -47.58 - calling API...
[SAVED] 83.82, -47.58 → unknown: unknown
[CACHE MISS] 52.53, 47.46 - calling API...
[SAVED] 52.53, 47.46 → country: Россия
[CACHE MISS] -3.31, -169.51 - calling API...
[SAVED] -3.31, -169.51 → unknown: unknown
[CACHE MISS] -18.3, -68.66 - calling API...
[SAVED] -18.3, -68.66 → country: Bolivia
[CACHE MISS] 35.83, -0.36 - calling API...
[SAVED] 35.83, -0.36 → country: Algérie ⵍⵣⵣⴰⵢⴻⵔ الجزائر
[CACHE MISS] 39.43, 84.59 - calling API...
[SAVED] 39.43, 84.59 → country: 中国
[CACHE MISS] 31.77, -62.64 - calling API...
[SAVED] 31.77, -62.64 → unknown: unknown
[CACHE MISS] -42.89, 106.71 - calling API...
[SAVED] -42.89, 106.71 → unknown: unknown
[CACHE MISS] 32.53, 44.86 - calling API...
[SAVED] 32.53, 44.86 → country: العراق
[CACHE MISS] 41.81, -161.58 - calling API...
[SAVED] 41.81, -161.58 → unknown: unknown
[CACHE MISS] 2.61, -70.73 - calling API...
[SAVED] 2.61, -70.73 → country: Colombia
[CACHE MISS] 18.07, -5.33 - calling API...
[SAVED] 18.07, -5.33 → country: Mali
[CACHE MISS] -66.39, -165.64 - calling API...
[SAVED] -66.39, -165.64 → unknown: unknown
[CACHE MISS] -38.96, -162.06 - calling API...
[SAVED] -38.96, -162.06 → unknown: unknown
[CACHE MISS] -41, 83.31 - calling API...
[SAVED] -41, 83.31 → unknown: unknown
[CACHE MISS] -67.54, 77.4 - calling API...
[SAVED] -67.54, 77.4 → unknown: unknown
[CACHE MISS] -36.8, -68.05 - calling API...
[SAVED] -36.8, -68.05 → country: Argentina
[CACHE MISS] 58.47, -170.13 - calling API...
[SAVED] 58.47, -170.13 → unknown: unknown
[CACHE MISS] 3.92, 39.69 - calling API...
[SAVED] 3.92, 39.69 → country: ኢትዮጵያ إثيوبيا
[CACHE MISS] -42.01, 65.42 - calling API...
[SAVED] -42.01, 65.42 → unknown: unknown
[CACHE MISS] -27.55, -169.67 - calling API...
[SAVED] -27.55, -169.67 → unknown: unknown
[CACHE MISS] 53.31, 150.38 - calling API...
[SAVED] 53.31, 150.38 → unknown: unknown
[CACHE MISS] 45.47, -22.15 - calling API...
[SAVED] 45.47, -22.15 → unknown: unknown
[CACHE MISS] 54.45, -158.37 - calling API...
[SAVED] 54.45, -158.37 → unknown: unknown
[CACHE MISS] 1.03, 77.34 - calling API...
[SAVED] 1.03, 77.34 → unknown: unknown
[CACHE MISS] 9.07, -156.84 - calling API...
[SAVED] 9.07, -156.84 → unknown: unknown
[CACHE MISS] -18.21, -2.42 - calling API...
[SAVED] -18.21, -2.42 → unknown: unknown
[CACHE MISS] -20.19, -101.44 - calling API...
[SAVED] -20.19, -101.44 → unknown: unknown
[CACHE MISS] -57.22, 122.88 - calling API...
[SAVED] -57.22, 122.88 → unknown: unknown
[CACHE MISS] 12.53, -83.19 - calling API...
[SAVED] 12.53, -83.19 → country: Nicaragua
[CACHE MISS] -59.26, 43.32 - calling API...
[SAVED] -59.26, 43.32 → unknown: unknown
[CACHE MISS] 11.76, 22.57 - calling API...
[SAVED] 11.76, 22.57 → country: السودان
[CACHE MISS] -74.42, -16.94 - calling API...
[SAVED] -74.42, -16.94 → unknown: unknown
[CACHE MISS] -57.79, 67.68 - calling API...
[SAVED] -57.79, 67.68 → unknown: unknown
[CACHE MISS] -75.09, -71.98 - calling API...
[SAVED] -75.09, -71.98 → unknown: unknown
[CACHE MISS] 18.15, 167.57 - calling API...
[SAVED] 18.15, 167.57 → unknown: unknown
[CACHE MISS] -45.75, -95.9 - calling API...
[SAVED] -45.75, -95.9 → unknown: unknown
[CACHE MISS] 87.46, -170.12 - calling API...
[SAVED] 87.46, -170.12 → unknown: unknown
[CACHE MISS] -64.57, -165.07 - calling API...
[SAVED] -64.57, -165.07 → unknown: unknown
[CACHE MISS] -4.42, 163.51 - calling API...
[SAVED] -4.42, 163.51 → unknown: unknown
[CACHE MISS] 15.17, 104.91 - calling API...
[SAVED] 15.17, 104.91 → country: ประเทศไทย
[CACHE MISS] -52.41, -119.44 - calling API...
[SAVED] -52.41, -119.44 → unknown: unknown
[CACHE MISS] 16.01, 178.8 - calling API...
[SAVED] 16.01, 178.8 → unknown: unknown
[CACHE MISS] -37.96, 132.77 - calling API...
[SAVED] -37.96, 132.77 → unknown: unknown
[CACHE MISS] 35.39, -71.69 - calling API...
[SAVED] 35.39, -71.69 → unknown: unknown
[CACHE MISS] -1.9, -112.35 - calling API...
[SAVED] -1.9, -112.35 → unknown: unknown
[CACHE MISS] -16.13, 111.76 - calling API...
[SAVED] -16.13, 111.76 → unknown: unknown
[CACHE MISS] 23.75, -4.04 - calling API...
[SAVED] 23.75, -4.04 → country: Mali
[CACHE MISS] -85.47, -179.87 - calling API...
[SAVED] -85.47, -179.87 → unknown: unknown
[CACHE MISS] 87.04, -75.69 - calling API...
[SAVED] 87.04, -75.69 → unknown: unknown
[CACHE MISS] 45.84, 60 - calling API...
[SAVED] 45.84, 60 → country: Қазақстан
[CACHE MISS] 8.68, -96.8 - calling API...
[SAVED] 8.68, -96.8 → unknown: unknown
[CACHE MISS] -27.99, 113.42 - calling API...
[SAVED] -27.99, 113.42 → unknown: unknown
[CACHE MISS] 15.1, -143.35 - calling API...
[SAVED] 15.1, -143.35 → unknown: unknown
[CACHE MISS] 3.56, -145.32 - calling API...
[SAVED] 3.56, -145.32 → unknown: unknown
[CACHE MISS] -54.03, -58.68 - calling API...
[SAVED] -54.03, -58.68 → unknown: unknown
[CACHE MISS] -83.59, 66.53 - calling API...
[SAVED] -83.59, 66.53 → unknown: unknown
[CACHE MISS] 62.62, -88.6 - calling API...
[SAVED] 62.62, -88.6 → country: Canada
[CACHE MISS] 33.22, -147.31 - calling API...
[SAVED] 33.22, -147.31 → unknown: unknown
[CACHE MISS] 44.24, -156.86 - calling API...
[SAVED] 44.24, -156.86 → unknown: unknown
[CACHE MISS] -70.66, 77.25 - calling API...
[SAVED] -70.66, 77.25 → unknown: unknown
[CACHE MISS] -60.6, -120.36 - calling API...
[SAVED] -60.6, -120.36 → unknown: unknown
[CACHE MISS] 85.62, 148.57 - calling API...
[SAVED] 85.62, 148.57 → unknown: unknown
[CACHE MISS] 6.58, 12.36 - calling API...
[SAVED] 6.58, 12.36 → country: Cameroun
[CACHE MISS] 9.7, -53.81 - calling API...
[SAVED] 9.7, -53.81 → unknown: unknown
[CACHE MISS] -0.23, 83.21 - calling API...
[SAVED] -0.23, 83.21 → unknown: unknown
[CACHE MISS] -71.12, -164.93 - calling API...
[SAVED] -71.12, -164.93 → unknown: unknown
[CACHE MISS] -3.51, -34.47 - calling API...
[SAVED] -3.51, -34.47 → unknown: unknown
[CACHE MISS] -25.22, 129.86 - calling API...
[SAVED] -25.22, 129.86 → country: Australia
[CACHE MISS] -16.93, -37.56 - calling API...
[SAVED] -16.93, -37.56 → unknown: unknown
[CACHE MISS] 9.95, -163.89 - calling API...
[SAVED] 9.95, -163.89 → unknown: unknown
[CACHE MISS] -53.87, 38.44 - calling API...
[SAVED] -53.87, 38.44 → unknown: unknown
[CACHE MISS] -12.67, 139.05 - calling API...
[SAVED] -12.67, 139.05 → unknown: unknown
[CACHE MISS] 60.36, -110.42 - calling API...
[SAVED] 60.36, -110.42 → country: Canada
[CACHE MISS] -10.43, -112.76 - calling API...
[SAVED] -10.43, -112.76 → unknown: unknown
[CACHE MISS] 46.94, -151.58 - calling API...
[SAVED] 46.94, -151.58 → unknown: unknown
[CACHE MISS] -52.02, -157.46 - calling API...
[SAVED] -52.02, -157.46 → unknown: unknown
[CACHE MISS] 12.77, -127.08 - calling API...
[SAVED] 12.77, -127.08 → unknown: unknown
[CACHE MISS] 20.23, -123.98 - calling API...
[SAVED] 20.23, -123.98 → unknown: unknown
[CACHE MISS] 0.65, -116.85 - calling API...
[SAVED] 0.65, -116.85 → unknown: unknown
[CACHE MISS] 17.08, -157.21 - calling API...
[SAVED] 17.08, -157.21 → unknown: unknown
[CACHE MISS] 19.86, -148.6 - calling API...
[SAVED] 19.86, -148.6 → unknown: unknown
[CACHE MISS] -18.1, -109.86 - calling API...
[SAVED] -18.1, -109.86 → unknown: unknown
[CACHE MISS] 28.54, 142.72 - calling API...
[SAVED] 28.54, 142.72 → unknown: unknown
[CACHE MISS] -53.52, -134.45 - calling API...
[SAVED] -53.52, -134.45 → unknown: unknown
[CACHE MISS] 17, 96.93 - calling API...
[SAVED] 17, 96.93 → country: မြန်မာ
[CACHE MISS] -50.54, -37.06 - calling API...
[SAVED] -50.54, -37.06 → unknown: unknown
[CACHE MISS] -42.71, 70.54 - calling API...
[SAVED] -42.71, 70.54 → unknown: unknown
[CACHE MISS] 64.56, -19.72 - calling API...
[SAVED] 64.56, -19.72 → country: Ísland
[CACHE MISS] 69.31, -10.39 - calling API...
[SAVED] 69.31, -10.39 → unknown: unknown
[CACHE MISS] 13.77, -47.61 - calling API...
[SAVED] 13.77, -47.61 → unknown: unknown
[CACHE MISS] -26.35, 178.4 - calling API...
[SAVED] -26.35, 178.4 → unknown: unknown
[CACHE MISS] -78.99, -60.33 - calling API...
[SAVED] -78.99, -60.33 → unknown: unknown
[CACHE MISS] -12.87, -156.7 - calling API...
[SAVED] -12.87, -156.7 → unknown: unknown
[CACHE MISS] -48.53, 173.75 - calling API...
[SAVED] -48.53, 173.75 → unknown: unknown
[CACHE MISS] -25.24, 26.97 - calling API...
[SAVED] -25.24, 26.97 → country: South Africa
[CACHE MISS] 38.37, 148.49 - calling API...
[SAVED] 38.37, 148.49 → unknown: unknown
[CACHE MISS] 52.95, 21.83 - calling API...
[SAVED] 52.95, 21.83 → country: Polska
[CACHE MISS] 2.87, -90.13 - calling API...
[SAVED] 2.87, -90.13 → unknown: unknown
[CACHE MISS] -70.17, 88.38 - calling API...
[SAVED] -70.17, 88.38 → unknown: unknown
[CACHE MISS] -19.03, -131.64 - calling API...
[SAVED] -19.03, -131.64 → unknown: unknown
[CACHE MISS] 10.19, -52.88 - calling API...
[SAVED] 10.19, -52.88 → unknown: unknown
[CACHE MISS] -26.31, 106.65 - calling API...
[SAVED] -26.31, 106.65 → unknown: unknown
[CACHE MISS] 59.06, -3.67 - calling API...
[SAVED] 59.06, -3.67 → country: United Kingdom
[CACHE MISS] -3.4, 26.7 - calling API...
[SAVED] -3.4, 26.7 → country: République démocratique du Congo
[CACHE MISS] 12.36, -78.94 - calling API...
[SAVED] 12.36, -78.94 → unknown: unknown
[CACHE MISS] -10.77, 29.12 - calling API...
[SAVED] -10.77, 29.12 → country: Zambia
[CACHE MISS] 53.13, -70.72 - calling API...
[SAVED] 53.13, -70.72 → country: Canada
[CACHE MISS] -45.51, 80.33 - calling API...
[SAVED] -45.51, 80.33 → unknown: unknown
[CACHE MISS] 26.52, 174.8 - calling API...
[SAVED] 26.52, 174.8 → unknown: unknown
[CACHE MISS] -21.73, -141.51 - calling API...
[SAVED] -21.73, -141.51 → unknown: unknown
[CACHE MISS] -29.62, -32.17 - calling API...
[SAVED] -29.62, -32.17 → unknown: unknown
[CACHE MISS] 32.65, -45.59 - calling API...
[SAVED] 32.65, -45.59 → unknown: unknown
[CACHE MISS] 19.13, 171.39 - calling API...
[SAVED] 19.13, 171.39 → unknown: unknown
[CACHE MISS] 65.51, 2.35 - calling API...
[SAVED] 65.51, 2.35 → unknown: unknown
[CACHE MISS] -49.98, -149.85 - calling API...
[SAVED] -49.98, -149.85 → unknown: unknown
[CACHE MISS] -65.53, 61.62 - calling API...
[SAVED] -65.53, 61.62 → unknown: unknown
[CACHE MISS] 86.41, -136.94 - calling API...
[SAVED] 86.41, -136.94 → unknown: unknown
[CACHE MISS] -47.06, 143.05 - calling API...
[SAVED] -47.06, 143.05 → unknown: unknown
[CACHE MISS] -29.57, 114.66 - calling API...
[SAVED] -29.57, 114.66 → unknown: unknown
[CACHE MISS] -6.27, 77.45 - calling API...
[SAVED] -6.27, 77.45 → unknown: unknown
[CACHE MISS] 41.92, -177.44 - calling API...
[SAVED] 41.92, -177.44 → unknown: unknown
[CACHE MISS] 73.46, 75.08 - calling API...
[SAVED] 73.46, 75.08 → country: Россия
[CACHE MISS] -2.08, -179 - calling API...
[SAVED] -2.08, -179 → unknown: unknown
[CACHE MISS] -38.51, 148.1 - calling API...
[SAVED] -38.51, 148.1 → unknown: unknown
[CACHE MISS] -23.58, -74.4 - calling API...
[SAVED] -23.58, -74.4 → unknown: unknown
[CACHE MISS] 59.25, 27.49 - calling API...
[SAVED] 59.25, 27.49 → country: Eesti
[CACHE MISS] 16.9, 111.77 - calling API...
[SAVED] 16.9, 111.77 → country: 中国
[CACHE MISS] -24.64, -157.02 - calling API...
[SAVED] -24.64, -157.02 → unknown: unknown
[CACHE MISS] -69.78, 164.43 - calling API...
[SAVED] -69.78, 164.43 → unknown: unknown
[CACHE MISS] 62.59, 155.09 - calling API...
[SAVED] 62.59, 155.09 → country: Россия
[CACHE MISS] 30.86, -149.43 - calling API...
[SAVED] 30.86, -149.43 → unknown: unknown
[CACHE MISS] -40.49, 40.81 - calling API...
[SAVED] -40.49, 40.81 → unknown: unknown
[CACHE MISS] -28.6, 89.25 - calling API...
[SAVED] -28.6, 89.25 → unknown: unknown
[CACHE MISS] 35.97, 57.06 - calling API...
[SAVED] 35.97, 57.06 → country: ایران
[CACHE MISS] -38.03, -142.76 - calling API...
[SAVED] -38.03, -142.76 → unknown: unknown
[CACHE MISS] -70.44, 68.33 - calling API...
[SAVED] -70.44, 68.33 → unknown: unknown
[CACHE MISS] -40.46, 23.64 - calling API...
[SAVED] -40.46, 23.64 → unknown: unknown
[CACHE MISS] -40.25, -82.81 - calling API...
[SAVED] -40.25, -82.81 → unknown: unknown
[CACHE MISS] 33.29, -48.74 - calling API...
[SAVED] 33.29, -48.74 → unknown: unknown
[CACHE MISS] -25, -145.27 - calling API...
[SAVED] -25, -145.27 → unknown: unknown
[CACHE MISS] -31.17, -36.78 - calling API...
[SAVED] -31.17, -36.78 → unknown: unknown
[CACHE MISS] 75.94, 31.07 - calling API...
[SAVED] 75.94, 31.07 → unknown: unknown
[CACHE MISS] -0.69, -71.34 - calling API...
[SAVED] -0.69, -71.34 → country: Colombia
[CACHE MISS] -34.58, -61.18 - calling API...
[SAVED] -34.58, -61.18 → country: Argentina
[CACHE MISS] -52.36, -111.06 - calling API...
[SAVED] -52.36, -111.06 → unknown: unknown
[CACHE MISS] 40.48, 28.85 - calling API...
[SAVED] 40.48, 28.85 → country: Türkiye
[CACHE MISS] 45.2, 90.84 - calling API...
[SAVED] 45.2, 90.84 → country: 中国
[CACHE MISS] 20.46, 72.28 - calling API...
[SAVED] 20.46, 72.28 → country: India
[CACHE MISS] 11.2, -11.46 - calling API...
[SAVED] 11.2, -11.46 → country: Guinée
[CACHE MISS] -61.37, 149.4 - calling API...
[SAVED] -61.37, 149.4 → ocean: South Pacific Ocean
[CACHE MISS] 66.81, 102.78 - calling API...
[SAVED] 66.81, 102.78 → country: Россия
[CACHE MISS] -37.83, 147.6 - calling API...
[SAVED] -37.83, 147.6 → country: Australia
[CACHE MISS] -26.63, -115.35 - calling API...
[SAVED] -26.63, -115.35 → ocean: South Pacific Ocean
[CACHE MISS] -35.98, 93.49 - calling API...
[SAVED] -35.98, 93.49 → ocean: Indian Ocean
[CACHE MISS] -50.15, 172.48 - calling API...
[SAVED] -50.15, 172.48 → ocean: South Pacific Ocean
[CACHE MISS] -53.63, -0.54 - calling API...
[SAVED] -53.63, -0.54 → ocean: South Atlantic Ocean
[CACHE MISS] 28.55, 128.92 - calling API...
[SAVED] 28.55, 128.92 → ocean: East China Sea
[CACHE MISS] 36.31, -106.45 - calling API...
[SAVED] 36.31, -106.45 → country: United States
[CACHE MISS] -80.37, -27.29 - calling API...
[SAVED] -80.37, -27.29 → unknown: unknown
[CACHE MISS] 84.88, -78.58 - calling API...
[SAVED] 84.88, -78.58 → ocean: Arctic Ocean
[CACHE MISS] -3, 99.14 - calling API...
[SAVED] -3, 99.14 → ocean: Indian Ocean
[CACHE MISS] -11.69, 34.11 - calling API...
[SAVED] -11.69, 34.11 → country: Malawi
[CACHE MISS] 58.05, -67.39 - calling API...
[SAVED] 58.05, -67.39 → country: Canada
[CACHE MISS] 16.48, 23.04 - calling API...
[SAVED] 16.48, 23.04 → country: Tchad تشاد
[CACHE MISS] -51.18, 33.19 - calling API...
[SAVED] -51.18, 33.19 → unknown: unknown
[CACHE MISS] 30.4, 113.23 - calling API...
[SAVED] 30.4, 113.23 → country: 中国
[CACHE MISS] -80.66, 163.2 - calling API...
[SAVED] -80.66, 163.2 → unknown: unknown
[CACHE MISS] 77.89, 36.41 - calling API...
[SAVED] 77.89, 36.41 → unknown: unknown
[CACHE MISS] 82.22, -41.79 - calling API...
[SAVED] 82.22, -41.79 → country: Kalaallit Nunaat
[CACHE MISS] -14.33, 7.88 - calling API...
[SAVED] -14.33, 7.88 → unknown: unknown
[CACHE MISS] -5.8, -144.42 - calling API...
[SAVED] -5.8, -144.42 → unknown: unknown
[CACHE MISS] -6.24, 100.44 - calling API...
[SAVED] -6.24, 100.44 → unknown: unknown
[CACHE MISS] 71.8, 179.23 - calling API...
[SAVED] 71.8, 179.23 → unknown: unknown
[CACHE MISS] -14.14, -51.16 - calling API...
[SAVED] -14.14, -51.16 → country: Brasil
[CACHE MISS] -61.78, -12.01 - calling API...
[SAVED] -61.78, -12.01 → unknown: unknown
[CACHE MISS] -1.59, 176.07 - calling API...
[SAVED] -1.59, 176.07 → country: Kiribati
[CACHE MISS] 25.11, 147.02 - calling API...
[SAVED] 25.11, 147.02 → unknown: unknown
[CACHE MISS] 47.34, 58.7 - calling API...
[SAVED] 47.34, 58.7 → country: Қазақстан
[CACHE MISS] -21.9, 148.62 - calling API...
[SAVED] -21.9, 148.62 → country: Australia
[CACHE MISS] -73.74, -103.93 - calling API...
[SAVED] -73.74, -103.93 → unknown: unknown
[CACHE MISS] -10.21, -152.11 - calling API...
[SAVED] -10.21, -152.11 → unknown: unknown
[CACHE MISS] -0.6, 103.3 - calling API...
[SAVED] -0.6, 103.3 → country: Indonesia
[CACHE MISS] 29.9, -114.26 - calling API...
[SAVED] 29.9, -114.26 → country: México
[CACHE MISS] -2.43, 10.03 - calling API...
[SAVED] -2.43, 10.03 → country: Gabon
[CACHE MISS] 32.56, 128.8 - calling API...
[SAVED] 32.56, 128.8 → country: 日本
[CACHE MISS] 25.86, 163.08 - calling API...
[SAVED] 25.86, 163.08 → unknown: unknown
[CACHE MISS] -11.71, 177.3 - calling API...
[SAVED] -11.71, 177.3 → unknown: unknown
[CACHE MISS] 18.7, 136.5 - calling API...
[SAVED] 18.7, 136.5 → unknown: unknown
[CACHE MISS] -17.74, -93.13 - calling API...
[SAVED] -17.74, -93.13 → unknown: unknown
[CACHE MISS] -42.62, -92.42 - calling API...
[SAVED] -42.62, -92.42 → unknown: unknown
[CACHE MISS] 0.48, -143.35 - calling API...
[SAVED] 0.48, -143.35 → unknown: unknown
[CACHE MISS] -52.1, 167.48 - calling API...
[SAVED] -52.1, 167.48 → unknown: unknown
[CACHE MISS] 17.7, 39.6 - calling API...
[SAVED] 17.7, 39.6 → unknown: unknown
[CACHE MISS] 47.71, 65.86 - calling API...
[SAVED] 47.71, 65.86 → country: Қазақстан
[CACHE MISS] -75.61, -156.98 - calling API...
[SAVED] -75.61, -156.98 → unknown: unknown
[CACHE MISS] 72.87, -87.02 - calling API...
[SAVED] 72.87, -87.02 → country: Canada
[CACHE MISS] 42.21, -149.74 - calling API...
[SAVED] 42.21, -149.74 → unknown: unknown
[CACHE MISS] 5.96, -70.44 - calling API...
[SAVED] 5.96, -70.44 → country: Colombia
[CACHE MISS] 27.86, 134.33 - calling API...
[SAVED] 27.86, 134.33 → unknown: unknown
[CACHE MISS] 6.24, 29.15 - calling API...
[SAVED] 6.24, 29.15 → country: South Sudan جنوب السودان
[CACHE MISS] -10.88, -166.43 - calling API...
[SAVED] -10.88, -166.43 → unknown: unknown
[CACHE MISS] 28.54, -106.95 - calling API...
[SAVED] 28.54, -106.95 → country: México
[CACHE MISS] 23.37, -52.55 - calling API...
[SAVED] 23.37, -52.55 → unknown: unknown
[CACHE MISS] 5.63, -134.21 - calling API...
[SAVED] 5.63, -134.21 → unknown: unknown
[CACHE MISS] -44.34, -69.58 - calling API...
[SAVED] -44.34, -69.58 → country: Argentina
[CACHE MISS] -17.27, -64.37 - calling API...
[SAVED] -17.27, -64.37 → country: Bolivia
[CACHE MISS] -6.02, -127.71 - calling API...
[SAVED] -6.02, -127.71 → unknown: unknown
[CACHE MISS] 25.02, -50.49 - calling API...
[SAVED] 25.02, -50.49 → unknown: unknown
[CACHE MISS] -72.13, 29.45 - calling API...
[SAVED] -72.13, 29.45 → unknown: unknown
[CACHE MISS] 84.44, 10.77 - calling API...
[SAVED] 84.44, 10.77 → unknown: unknown
[CACHE MISS] 7.31, -159.21 - calling API...
[SAVED] 7.31, -159.21 → unknown: unknown
[CACHE MISS] 53.18, -47.88 - calling API...
[SAVED] 53.18, -47.88 → unknown: unknown
[CACHE MISS] 78.35, -130.64 - calling API...
[SAVED] 78.35, -130.64 → unknown: unknown
[CACHE MISS] -2.51, -167.55 - calling API...
[SAVED] -2.51, -167.55 → unknown: unknown
[CACHE MISS] -38.65, 4.38 - calling API...
[SAVED] -38.65, 4.38 → unknown: unknown
[CACHE MISS] 23.98, 18.6 - calling API...
[SAVED] 23.98, 18.6 → country: ليبيا
[CACHE MISS] 24.53, -24.83 - calling API...
[SAVED] 24.53, -24.83 → unknown: unknown
[CACHE MISS] 85.18, -110.21 - calling API...
[SAVED] 85.18, -110.21 → unknown: unknown
[CACHE MISS] 78.8, -58.89 - calling API...
[SAVED] 78.8, -58.89 → country: Kalaallit Nunaat
[CACHE MISS] 19.87, -16.05 - calling API...
[SAVED] 19.87, -16.05 → country: Mauritanie موريتانيا
[CACHE MISS] -22.6, 30.05 - calling API...
[SAVED] -22.6, 30.05 → country: South Africa
[CACHE MISS] -43.4, 54.83 - calling API...
[SAVED] -43.4, 54.83 → unknown: unknown
[CACHE MISS] -64.34, 65.73 - calling API...
[SAVED] -64.34, 65.73 → unknown: unknown
[CACHE MISS] 46.23, 97.19 - calling API...
[SAVED] 46.23, 97.19 → country: Монгол улс ᠮᠤᠩᠭᠤᠯ ᠤᠯᠤᠰ
[CACHE MISS] 23.04, 170.64 - calling API...
[SAVED] 23.04, 170.64 → unknown: unknown
[CACHE MISS] -34.24, 28.94 - calling API...
[SAVED] -34.24, 28.94 → unknown: unknown
[CACHE MISS] -43.57, 19.57 - calling API...
[SAVED] -43.57, 19.57 → unknown: unknown
[CACHE MISS] 70.75, -7.38 - calling API...
[SAVED] 70.75, -7.38 → unknown: unknown
[CACHE MISS] -47.52, -80.75 - calling API...
[SAVED] -47.52, -80.75 → unknown: unknown
[CACHE MISS] 20.57, 126.73 - calling API...
[SAVED] 20.57, 126.73 → unknown: unknown
[CACHE MISS] -0.04, -49.14 - calling API...
[SAVED] -0.04, -49.14 → country: Brasil
[CACHE MISS] 54.5, -92.39 - calling API...
[SAVED] 54.5, -92.39 → country: Canada
[CACHE MISS] -66.06, -163.21 - calling API...
[SAVED] -66.06, -163.21 → unknown: unknown
[CACHE MISS] 20.46, 67.9 - calling API...
[SAVED] 20.46, 67.9 → unknown: unknown
[CACHE MISS] -65.74, 95.73 - calling API...
[SAVED] -65.74, 95.73 → unknown: unknown
[CACHE MISS] -20.02, -123.56 - calling API...
[SAVED] -20.02, -123.56 → unknown: unknown
[CACHE MISS] 66.13, -28.66 - calling API...
[SAVED] 66.13, -28.66 → unknown: unknown
[CACHE MISS] 5.81, -77.89 - calling API...
[SAVED] 5.81, -77.89 → unknown: unknown
[CACHE MISS] 41.45, 15.98 - calling API...
[SAVED] 41.45, 15.98 → country: Italia
[CACHE MISS] -52.09, -114.83 - calling API...
[SAVED] -52.09, -114.83 → unknown: unknown
[CACHE MISS] 49.37, 87.28 - calling API...
[SAVED] 49.37, 87.28 → country: Россия
[CACHE MISS] -80.75, 179.71 - calling API...
[SAVED] -80.75, 179.71 → unknown: unknown
[CACHE MISS] 58.46, 104.23 - calling API...
[SAVED] 58.46, 104.23 → country: Россия
[CACHE MISS] 24.03, 0.14 - calling API...
[SAVED] 24.03, 0.14 → country: Algérie ⵍⵣⵣⴰⵢⴻⵔ الجزائر
[CACHE MISS] 61.35, 4.85 - calling API...
[SAVED] 61.35, 4.85 → country: Norge
[CACHE MISS] -31.18, 45.13 - calling API...
[SAVED] -31.18, 45.13 → unknown: unknown
[CACHE MISS] 72.4, -104.49 - calling API...
[SAVED] 72.4, -104.49 → country: Canada
[CACHE MISS] 17.31, 133.04 - calling API...
[SAVED] 17.31, 133.04 → unknown: unknown
[CACHE MISS] -76.85, 41.56 - calling API...
[SAVED] -76.85, 41.56 → unknown: unknown
[CACHE MISS] 54.42, 131.26 - calling API...
[SAVED] 54.42, 131.26 → country: Россия
[CACHE MISS] -1.48, -86.14 - calling API...
[SAVED] -1.48, -86.14 → unknown: unknown
[CACHE MISS] 41.86, 51.51 - calling API...
[SAVED] 41.86, 51.51 → unknown: unknown
[CACHE MISS] -48.2, -83.56 - calling API...
[SAVED] -48.2, -83.56 → unknown: unknown
[CACHE MISS] -2.07, -144.97 - calling API...
[SAVED] -2.07, -144.97 → unknown: unknown
[CACHE MISS] 0.57, 78.22 - calling API...
[SAVED] 0.57, 78.22 → unknown: unknown
[CACHE MISS] -55.17, 172.82 - calling API...
[SAVED] -55.17, 172.82 → unknown: unknown
[CACHE MISS] 7.44, 167.78 - calling API...
[SAVED] 7.44, 167.78 → unknown: unknown
[CACHE MISS] 54.83, -73.58 - calling API...
[SAVED] 54.83, -73.58 → country: Canada
[CACHE MISS] 62.17, -102.74 - calling API...
[SAVED] 62.17, -102.74 → country: Canada
[CACHE MISS] -51.29, 75.83 - calling API...
[SAVED] -51.29, 75.83 → unknown: unknown
[CACHE MISS] -18.4, -60.64 - calling API...
[SAVED] -18.4, -60.64 → country: Bolivia
[CACHE MISS] -11.24, 163.16 - calling API...
[SAVED] -11.24, 163.16 → unknown: unknown
[CACHE MISS] 56.17, -15.28 - calling API...
[SAVED] 56.17, -15.28 → unknown: unknown
[CACHE MISS] -60.66, -149.81 - calling API...
[SAVED] -60.66, -149.81 → unknown: unknown
[CACHE MISS] -42.41, 41.63 - calling API...
[SAVED] -42.41, 41.63 → unknown: unknown
[CACHE MISS] 37.48, 159.53 - calling API...
[SAVED] 37.48, 159.53 → unknown: unknown
[CACHE MISS] -43.64, 81.16 - calling API...
[SAVED] -43.64, 81.16 → unknown: unknown
[CACHE MISS] 16.98, 65.35 - calling API...
[SAVED] 16.98, 65.35 → unknown: unknown
[CACHE MISS] 75.63, -62.02 - calling API...
[SAVED] 75.63, -62.02 → country: Kalaallit Nunaat
[CACHE MISS] 26.58, 50.3 - calling API...
[SAVED] 26.58, 50.3 → country: السعودية
[CACHE MISS] 14.93, 100.24 - calling API...
[SAVED] 14.93, 100.24 → country: ประเทศไทย
[CACHE MISS] 36.52, 17.05 - calling API...
[SAVED] 36.52, 17.05 → unknown: unknown
[CACHE MISS] 12.91, 165.14 - calling API...
[SAVED] 12.91, 165.14 → unknown: unknown
[CACHE MISS] -22.08, -160.71 - calling API...
[SAVED] -22.08, -160.71 → unknown: unknown
[CACHE MISS] 28.2, 171.38 - calling API...
[SAVED] 28.2, 171.38 → unknown: unknown
[CACHE MISS] -39.01, 161.58 - calling API...
[SAVED] -39.01, 161.58 → unknown: unknown
[CACHE MISS] -54.85, -161.24 - calling API...
[SAVED] -54.85, -161.24 → unknown: unknown
[CACHE MISS] -14.85, 162.57 - calling API...
[SAVED] -14.85, 162.57 → unknown: unknown
[CACHE MISS] 52.51, -102.85 - calling API...
[SAVED] 52.51, -102.85 → country: Canada
[CACHE MISS] -13.37, 10.27 - calling API...
[SAVED] -13.37, 10.27 → unknown: unknown
[CACHE MISS] -33.87, 123.63 - calling API...
[SAVED] -33.87, 123.63 → country: Australia
[CACHE MISS] -15.58, -52.09 - calling API...
[SAVED] -15.58, -52.09 → country: Brasil
[CACHE MISS] -59.3, 133.32 - calling API...
[SAVED] -59.3, 133.32 → unknown: unknown
[CACHE MISS] 83.98, -100.55 - calling API...
[SAVED] 83.98, -100.55 → unknown: unknown
[CACHE MISS] -61.05, 18.5 - calling API...
[SAVED] -61.05, 18.5 → unknown: unknown
[CACHE MISS] 10.11, -133.47 - calling API...
[SAVED] 10.11, -133.47 → unknown: unknown
[CACHE MISS] 30.27, -46.79 - calling API...
[SAVED] 30.27, -46.79 → unknown: unknown
[CACHE MISS] -56.08, -28.38 - calling API...
[SAVED] -56.08, -28.38 → unknown: unknown
[CACHE MISS] 80.65, 153.15 - calling API...
[SAVED] 80.65, 153.15 → unknown: unknown
[CACHE MISS] -32.57, -155.12 - calling API...
[SAVED] -32.57, -155.12 → unknown: unknown
[CACHE MISS] -22.58, 144.03 - calling API...
[SAVED] -22.58, 144.03 → country: Australia
[CACHE MISS] 7.62, -94.89 - calling API...
[SAVED] 7.62, -94.89 → unknown: unknown
[CACHE MISS] 58.39, 49.01 - calling API...
[SAVED] 58.39, 49.01 → country: Россия
[CACHE MISS] -17.77, 8.38 - calling API...
[SAVED] -17.77, 8.38 → unknown: unknown
[CACHE MISS] 22.41, -29.07 - calling API...
[SAVED] 22.41, -29.07 → unknown: unknown
[CACHE MISS] 50.82, 53.66 - calling API...
[SAVED] 50.82, 53.66 → country: Қазақстан
[CACHE MISS] 65.65, 89.47 - calling API...
[SAVED] 65.65, 89.47 → country: Россия
[CACHE MISS] 35.36, 12.9 - calling API...
[SAVED] 35.36, 12.9 → unknown: unknown
[CACHE MISS] -33.37, 48.7 - calling API...
[SAVED] -33.37, 48.7 → unknown: unknown
[CACHE MISS] 29.16, 52.18 - calling API...
[SAVED] 29.16, 52.18 → country: ایران
[CACHE MISS] 60.61, -111.61 - calling API...
[SAVED] 60.61, -111.61 → country: Canada
[CACHE MISS] -32.54, -154.34 - calling API...
[SAVED] -32.54, -154.34 → unknown: unknown
[CACHE MISS] -10.23, 150.6 - calling API...
[SAVED] -10.23, 150.6 → country: Papua Niugini
[CACHE MISS] -44.94, 135.08 - calling API...
[SAVED] -44.94, 135.08 → unknown: unknown
[CACHE MISS] -54.13, -39.92 - calling API...
[SAVED] -54.13, -39.92 → unknown: unknown
[CACHE MISS] 11.66, -22.86 - calling API...
[SAVED] 11.66, -22.86 → unknown: unknown
[CACHE MISS] 41.88, -68.31 - calling API...
[SAVED] 41.88, -68.31 → unknown: unknown
[CACHE MISS] -50.55, -70.34 - calling API...
[SAVED] -50.55, -70.34 → country: Argentina
[CACHE MISS] -56.52, 75.88 - calling API...
[SAVED] -56.52, 75.88 → unknown: unknown
[CACHE MISS] 45.91, -82.04 - calling API...
[SAVED] 45.91, -82.04 → country: Canada
[CACHE MISS] 48.75, -23.4 - calling API...
[SAVED] 48.75, -23.4 → unknown: unknown
[CACHE MISS] -56.49, -174.02 - calling API...
[SAVED] -56.49, -174.02 → unknown: unknown
[CACHE MISS] -23.91, 85.26 - calling API...
[SAVED] -23.91, 85.26 → unknown: unknown
[CACHE MISS] -64.22, -58.89 - calling API...
[SAVED] -64.22, -58.89 → unknown: unknown
[CACHE MISS] -13.51, 20.39 - calling API...
[SAVED] -13.51, 20.39 → country: Angola
[CACHE MISS] 60.27, 101.94 - calling API...
[SAVED] 60.27, 101.94 → country: Россия
[CACHE MISS] 22.23, 32.66 - calling API...
[SAVED] 22.23, 32.66 → country: مصر
[CACHE MISS] 7.59, -133.29 - calling API...
[SAVED] 7.59, -133.29 → unknown: unknown
[CACHE MISS] 5.49, 31.33 - calling API...
[SAVED] 5.49, 31.33 → country: South Sudan جنوب السودان
[CACHE MISS] -67.53, -161.45 - calling API...
[SAVED] -67.53, -161.45 → unknown: unknown
[CACHE MISS] -20.24, 54.4 - calling API...
[SAVED] -20.24, 54.4 → unknown: unknown
[CACHE MISS] 23.95, 31.19 - calling API...
[SAVED] 23.95, 31.19 → country: مصر
[CACHE MISS] 23, -59.39 - calling API...
[SAVED] 23, -59.39 → unknown: unknown
[CACHE MISS] -32.35, 169.89 - calling API...
[SAVED] -32.35, 169.89 → unknown: unknown
[CACHE MISS] -48.16, -85.75 - calling API...
[SAVED] -48.16, -85.75 → unknown: unknown
[CACHE MISS] -6.01, -29.64 - calling API...
[SAVED] -6.01, -29.64 → unknown: unknown
[CACHE MISS] -51.5, 110.2 - calling API...
[SAVED] -51.5, 110.2 → unknown: unknown
[CACHE MISS] 57.09, -161.59 - calling API...
[SAVED] 57.09, -161.59 → unknown: unknown
[CACHE MISS] -62.01, -166.12 - calling API...
[SAVED] -62.01, -166.12 → unknown: unknown
[CACHE MISS] -59.9, 115.1 - calling API...
[SAVED] -59.9, 115.1 → unknown: unknown
[CACHE MISS] -27.19, 153.78 - calling API...
[SAVED] -27.19, 153.78 → unknown: unknown
[CACHE MISS] 43.92, 49.55 - calling API...
[SAVED] 43.92, 49.55 → unknown: unknown
[CACHE MISS] 10.56, -129.53 - calling API...
[SAVED] 10.56, -129.53 → unknown: unknown
[CACHE MISS] -53.78, 59.6 - calling API...
[SAVED] -53.78, 59.6 → unknown: unknown
[CACHE MISS] -48.9, 58.32 - calling API...
[SAVED] -48.9, 58.32 → unknown: unknown
[CACHE MISS] -51.49, -110.54 - calling API...
[SAVED] -51.49, -110.54 → unknown: unknown
[CACHE MISS] 16.63, 0.5 - calling API...
[SAVED] 16.63, 0.5 → country: Mali
[CACHE MISS] -64.96, 174.76 - calling API...
[SAVED] -64.96, 174.76 → unknown: unknown
[CACHE MISS] 1.19, 89.28 - calling API...
[SAVED] 1.19, 89.28 → unknown: unknown
[CACHE MISS] -63.33, 164.96 - calling API...
[SAVED] -63.33, 164.96 → unknown: unknown
[CACHE MISS] -2.1, 149.04 - calling API...
[SAVED] -2.1, 149.04 → country: Papua Niugini
[CACHE MISS] -37.22, -14.63 - calling API...
[SAVED] -37.22, -14.63 → unknown: unknown
[CACHE MISS] -4.74, 78.19 - calling API...
[SAVED] -4.74, 78.19 → unknown: unknown
[CACHE MISS] 58.32, -23.34 - calling API...
[SAVED] 58.32, -23.34 → unknown: unknown
[CACHE MISS] 82.87, 100.05 - calling API...
[SAVED] 82.87, 100.05 → unknown: unknown
[CACHE MISS] -33.02, 47.66 - calling API...
[SAVED] -33.02, 47.66 → unknown: unknown
[CACHE MISS] 26.38, 133.25 - calling API...
[SAVED] 26.38, 133.25 → unknown: unknown
[CACHE MISS] 74.63, 48.55 - calling API...
[SAVED] 74.63, 48.55 → unknown: unknown
[CACHE MISS] 39.04, 54.49 - calling API...
[SAVED] 39.04, 54.49 → country: Türkmenistan
[CACHE MISS] 40.1, -139.66 - calling API...
[SAVED] 40.1, -139.66 → unknown: unknown
[CACHE MISS] -68.14, 128.84 - calling API...
[SAVED] -68.14, 128.84 → unknown: unknown
[CACHE MISS] -67.06, -162.86 - calling API...
[SAVED] -67.06, -162.86 → unknown: unknown
[CACHE MISS] 53.37, -100.69 - calling API...
[SAVED] 53.37, -100.69 → country: Canada
[CACHE MISS] 50.75, 26.88 - calling API...
[SAVED] 50.75, 26.88 → country: Україна
[CACHE MISS] -66.75, -1.72 - calling API...
[SAVED] -66.75, -1.72 → unknown: unknown
[CACHE MISS] 8.8, 136.75 - calling API...
[SAVED] 8.8, 136.75 → unknown: unknown
[CACHE MISS] -34.26, -155.4 - calling API...
[SAVED] -34.26, -155.4 → unknown: unknown
[CACHE MISS] 11.97, 14.12 - calling API...
[SAVED] 11.97, 14.12 → country: Nigeria
[CACHE MISS] -37.71, 116.5 - calling API...
[SAVED] -37.71, 116.5 → unknown: unknown
[CACHE MISS] 39.84, -144.16 - calling API...
[SAVED] 39.84, -144.16 → unknown: unknown
[CACHE MISS] -7.46, -12.87 - calling API...
[SAVED] -7.46, -12.87 → unknown: unknown
[CACHE MISS] 30.93, 55.54 - calling API...
[SAVED] 30.93, 55.54 → country: ایران
[CACHE MISS] 8.15, -123.44 - calling API...
[SAVED] 8.15, -123.44 → unknown: unknown
[CACHE MISS] -21.62, -17.23 - calling API...
[SAVED] -21.62, -17.23 → unknown: unknown
[CACHE MISS] 1, 130.28 - calling API...
[SAVED] 1, 130.28 → unknown: unknown
[CACHE MISS] 48.77, -107.22 - calling API...
[SAVED] 48.77, -107.22 → country: United States
[CACHE MISS] 25.26, -167.42 - calling API...
[SAVED] 25.26, -167.42 → unknown: unknown
[CACHE MISS] -83.52, -2.03 - calling API...
[SAVED] -83.52, -2.03 → unknown: unknown
[CACHE MISS] 52.48, 98.05 - calling API...
[SAVED] 52.48, 98.05 → country: Россия
[CACHE MISS] 18.25, -110.92 - calling API...
[SAVED] 18.25, -110.92 → unknown: unknown
[CACHE MISS] -69.09, -40.42 - calling API...
[SAVED] -69.09, -40.42 → unknown: unknown
[CACHE MISS] 8.3, -75.74 - calling API...
[SAVED] 8.3, -75.74 → country: Colombia
[CACHE MISS] 29.66, -140.29 - calling API...
[SAVED] 29.66, -140.29 → unknown: unknown
[CACHE MISS] -13.66, 59.75 - calling API...
[SAVED] -13.66, 59.75 → unknown: unknown
[CACHE MISS] -30.77, -25.57 - calling API...
[SAVED] -30.77, -25.57 → unknown: unknown
[CACHE MISS] 27.3, 123.91 - calling API...
[SAVED] 27.3, 123.91 → unknown: unknown
[CACHE MISS] -16.96, -94.48 - calling API...
[SAVED] -16.96, -94.48 → unknown: unknown
[CACHE MISS] -6.38, 13.86 - calling API...
[SAVED] -6.38, 13.86 → country: Angola
[CACHE MISS] 76.99, 31.62 - calling API...
[SAVED] 76.99, 31.62 → unknown: unknown
[CACHE MISS] 29.94, 18.47 - calling API...
[SAVED] 29.94, 18.47 → country: ليبيا
[CACHE MISS] -13.86, -158.18 - calling API...
[SAVED] -13.86, -158.18 → unknown: unknown
[CACHE MISS] -40.38, 130.42 - calling API...
[SAVED] -40.38, 130.42 → unknown: unknown
[CACHE MISS] -72.14, -123.06 - calling API...
[SAVED] -72.14, -123.06 → unknown: unknown
[CACHE MISS] -30.01, 142.23 - calling API...
[SAVED] -30.01, 142.23 → country: Australia
[CACHE MISS] -28.29, -44.34 - calling API...
[SAVED] -28.29, -44.34 → unknown: unknown
[CACHE MISS] -9.72, 21.57 - calling API...
[SAVED] -9.72, 21.57 → country: Angola
[CACHE MISS] 46.23, -118.97 - calling API...
[SAVED] 46.23, -118.97 → country: United States
[CACHE MISS] 12.35, -151.07 - calling API...
[SAVED] 12.35, -151.07 → unknown: unknown
[CACHE MISS] -29.38, -123.06 - calling API...
[SAVED] -29.38, -123.06 → unknown: unknown
[CACHE MISS] 15.63, -100.61 - calling API...
[SAVED] 15.63, -100.61 → unknown: unknown
[CACHE MISS] -65.41, -119.3 - calling API...
[SAVED] -65.41, -119.3 → unknown: unknown
[CACHE MISS] 13.78, -105.43 - calling API...
[SAVED] 13.78, -105.43 → unknown: unknown
[CACHE MISS] 67.12, -170.22 - calling API...
[SAVED] 67.12, -170.22 → unknown: unknown
[CACHE MISS] 5.06, 84.64 - calling API...
[SAVED] 5.06, 84.64 → unknown: unknown
[CACHE MISS] 49.34, 95.53 - calling API...
[SAVED] 49.34, 95.53 → country: Монгол улс ᠮᠤᠩᠭᠤᠯ ᠤᠯᠤᠰ
[CACHE MISS] -12.76, -103.61 - calling API...
[SAVED] -12.76, -103.61 → unknown: unknown
[CACHE MISS] 29.6, 90.08 - calling API...
[SAVED] 29.6, 90.08 → country: 中国
[CACHE MISS] -3.88, -88.42 - calling API...
[SAVED] -3.88, -88.42 → unknown: unknown
[CACHE MISS] 11.45, 140.41 - calling API...
[SAVED] 11.45, 140.41 → unknown: unknown
[CACHE MISS] 40.54, 160.18 - calling API...
[SAVED] 40.54, 160.18 → unknown: unknown
[CACHE MISS] 36.38, 79.38 - calling API...
[SAVED] 36.38, 79.38 → country: 中国
[CACHE MISS] 7.57, 121.82 - calling API...
[SAVED] 7.57, 121.82 → country: Philippines
[CACHE MISS] 32.5, 121.31 - calling API...
[SAVED] 32.5, 121.31 → country: 中国
[CACHE MISS] -55.13, -10.47 - calling API...
[SAVED] -55.13, -10.47 → unknown: unknown
[CACHE MISS] 60.35, -5.37 - calling API...
[SAVED] 60.35, -5.37 → unknown: unknown
[CACHE MISS] -39.58, 58.53 - calling API...
[SAVED] -39.58, 58.53 → unknown: unknown
[CACHE MISS] 20.93, 174.33 - calling API...
[SAVED] 20.93, 174.33 → unknown: unknown
[CACHE MISS] 2.54, -81.96 - calling API...
[SAVED] 2.54, -81.96 → unknown: unknown
[CACHE MISS] -12.52, 137.59 - calling API...
[SAVED] -12.52, 137.59 → unknown: unknown
[CACHE MISS] -15.26, -151.74 - calling API...
[SAVED] -15.26, -151.74 → unknown: unknown
[CACHE MISS] -42.96, -159.34 - calling API...
[SAVED] -42.96, -159.34 → unknown: unknown
[CACHE MISS] 17.19, -153.55 - calling API...
[SAVED] 17.19, -153.55 → unknown: unknown
[CACHE MISS] -36.66, -45.95 - calling API...
[SAVED] -36.66, -45.95 → unknown: unknown
[CACHE MISS] 78.43, 69.18 - calling API...
[SAVED] 78.43, 69.18 → unknown: unknown
[CACHE MISS] 35.07, -161.8 - calling API...
[SAVED] 35.07, -161.8 → unknown: unknown
[CACHE MISS] -24.66, 154.59 - calling API...
[SAVED] -24.66, 154.59 → unknown: unknown
[CACHE MISS] -39.3, 84.1 - calling API...
[SAVED] -39.3, 84.1 → unknown: unknown
[CACHE MISS] 20.05, -105.98 - calling API...
[SAVED] 20.05, -105.98 → unknown: unknown
[CACHE MISS] 44.3, 8.44 - calling API...
[SAVED] 44.3, 8.44 → country: Italia
[CACHE MISS] -0.18, 31.44 - calling API...
[SAVED] -0.18, 31.44 → country: Uganda
[CACHE MISS] -41.25, 21.98 - calling API...
[SAVED] -41.25, 21.98 → unknown: unknown
[CACHE MISS] 26.2, -88.75 - calling API...
[SAVED] 26.2, -88.75 → unknown: unknown
[CACHE MISS] 47.8, 34.14 - calling API...
[SAVED] 47.8, 34.14 → country: Україна
[CACHE MISS] 10.92, -2 - calling API...
[SAVED] 10.92, -2 → country: Ghana
[CACHE MISS] -67.7, -64.44 - calling API...
[SAVED] -67.7, -64.44 → unknown: unknown
[CACHE MISS] -28.55, -142.85 - calling API...
[SAVED] -28.55, -142.85 → unknown: unknown
[CACHE MISS] 28.29, -5.65 - calling API...
[SAVED] 28.29, -5.65 → country: Algérie ⵍⵣⵣⴰⵢⴻⵔ الجزائر
[CACHE MISS] -46.65, -143.07 - calling API...
[SAVED] -46.65, -143.07 → unknown: unknown
[CACHE MISS] -42.71, -7.21 - calling API...
[SAVED] -42.71, -7.21 → unknown: unknown
[CACHE MISS] -76.04, -139.26 - calling API...
[SAVED] -76.04, -139.26 → unknown: unknown
[CACHE MISS] -4.29, 91.02 - calling API...
[SAVED] -4.29, 91.02 → unknown: unknown
[CACHE MISS] -42.12, 70.01 - calling API...
[SAVED] -42.12, 70.01 → unknown: unknown
[CACHE MISS] 15.88, -108.95 - calling API...
[SAVED] 15.88, -108.95 → unknown: unknown
[CACHE MISS] -58.93, 17.87 - calling API...
[SAVED] -58.93, 17.87 → unknown: unknown
[CACHE MISS] 39.85, -55.68 - calling API...
[SAVED] 39.85, -55.68 → unknown: unknown
[CACHE MISS] -62.76, 63.83 - calling API...
[SAVED] -62.76, 63.83 → unknown: unknown
[CACHE MISS] -39.63, 165.83 - calling API...
[SAVED] -39.63, 165.83 → unknown: unknown
[CACHE MISS] 85.68, -86.58 - calling API...
[SAVED] 85.68, -86.58 → unknown: unknown
[CACHE MISS] -32.47, -6.62 - calling API...
[SAVED] -32.47, -6.62 → unknown: unknown
[CACHE MISS] 8.71, -49.73 - calling API...
[SAVED] 8.71, -49.73 → unknown: unknown
[CACHE MISS] -43.3, 13 - calling API...
[SAVED] -43.3, 13 → unknown: unknown
[CACHE MISS] 38, -37.59 - calling API...
[SAVED] 38, -37.59 → unknown: unknown
[CACHE MISS] -56.94, -123.58 - calling API...
[SAVED] -56.94, -123.58 → unknown: unknown
[CACHE MISS] 64.64, 93.85 - calling API...
[SAVED] 64.64, 93.85 → country: Россия
[CACHE MISS] 57.23, -151.26 - calling API...
[SAVED] 57.23, -151.26 → unknown: unknown
[CACHE MISS] 29.69, -96.66 - calling API...
[SAVED] 29.69, -96.66 → country: United States
[CACHE MISS] 37.02, 173.83 - calling API...
[SAVED] 37.02, 173.83 → unknown: unknown
[CACHE MISS] -40.98, -149.75 - calling API...
[SAVED] -40.98, -149.75 → unknown: unknown
[CACHE MISS] -7.3, 94.41 - calling API...
[SAVED] -7.3, 94.41 → unknown: unknown
[CACHE MISS] -8.57, 51.95 - calling API...
[SAVED] -8.57, 51.95 → unknown: unknown
[CACHE MISS] 39.36, -95.96 - calling API...
[SAVED] 39.36, -95.96 → country: United States
[CACHE MISS] 85.26, -64.23 - calling API...
[SAVED] 85.26, -64.23 → unknown: unknown
[CACHE MISS] -7.47, 19.3 - calling API...
[SAVED] -7.47, 19.3 → country: République démocratique du Congo
[CACHE MISS] -8.6, 109.32 - calling API...
[SAVED] -8.6, 109.32 → unknown: unknown
[CACHE MISS] -62.8, -163.77 - calling API...
[SAVED] -62.8, -163.77 → unknown: unknown
[CACHE MISS] -63.35, 8.3 - calling API...
[SAVED] -63.35, 8.3 → unknown: unknown
[CACHE MISS] 12.54, -143.58 - calling API...
[SAVED] 12.54, -143.58 → unknown: unknown
[CACHE MISS] -36.25, -42.48 - calling API...
[SAVED] -36.25, -42.48 → unknown: unknown
[CACHE MISS] -67.01, -87.89 - calling API...
[SAVED] -67.01, -87.89 → unknown: unknown
[CACHE MISS] 27.09, -107.17 - calling API...
[SAVED] 27.09, -107.17 → country: México
[CACHE MISS] -77.93, 93.58 - calling API...
[SAVED] -77.93, 93.58 → unknown: unknown
[CACHE MISS] 74.29, -144.51 - calling API...
[SAVED] 74.29, -144.51 → unknown: unknown
[CACHE MISS] 78.92, 35.76 - calling API...
[SAVED] 78.92, 35.76 → unknown: unknown
[CACHE MISS] 56.7, 132.9 - calling API...
[SAVED] 56.7, 132.9 → country: Россия
[CACHE MISS] 65.3, -44.7 - calling API...
[SAVED] 65.3, -44.7 → country: Kalaallit Nunaat
[CACHE MISS] 58.72, 136.44 - calling API...
[SAVED] 58.72, 136.44 → country: Россия
[CACHE MISS] -60.33, 38.49 - calling API...
[SAVED] -60.33, 38.49 → unknown: unknown
[CACHE MISS] 24.2, -137.01 - calling API...
[SAVED] 24.2, -137.01 → unknown: unknown
[CACHE MISS] 10.28, -78.27 - calling API...
[SAVED] 10.28, -78.27 → unknown: unknown
[CACHE MISS] 19.04, -57.39 - calling API...
GeoNames API error for 19.04, -57.39: fetch failed
[SAVED] 19.04, -57.39 → unknown: unknown
[CACHE MISS] 23.47, 122.77 - calling API...
[SAVED] 23.47, 122.77 → ocean: Philippine Sea
[CACHE MISS] 19.94, 9.36 - calling API...
[SAVED] 19.94, 9.36 → country: Niger
[CACHE MISS] -8.79, -102.32 - calling API...
[SAVED] -8.79, -102.32 → ocean: South Pacific Ocean
[CACHE MISS] 61.19, 121.14 - calling API...
[SAVED] 61.19, 121.14 → country: Россия
[CACHE MISS] -49.57, -79.61 - calling API...
[SAVED] -49.57, -79.61 → ocean: South Pacific Ocean
[CACHE MISS] -18.4, 13.78 - calling API...
[SAVED] -18.4, 13.78 → country: Namibia
[CACHE MISS] -67.91, -96.26 - calling API...
[SAVED] -67.91, -96.26 → ocean: South Pacific Ocean
[CACHE MISS] -65.89, -124.87 - calling API...
[SAVED] -65.89, -124.87 → ocean: South Pacific Ocean
[CACHE MISS] 51.81, 118.25 - calling API...
[SAVED] 51.81, 118.25 → country: Россия
[CACHE MISS] 13.46, 48.27 - calling API...
[SAVED] 13.46, 48.27 → ocean: Gulf of Aden
[CACHE MISS] -80.64, 66.67 - calling API...
[SAVED] -80.64, 66.67 → unknown: unknown
[CACHE MISS] 38.97, -61.95 - calling API...
[SAVED] 38.97, -61.95 → ocean: North Atlantic Ocean
[CACHE MISS] 80.71, -18.18 - calling API...
[SAVED] 80.71, -18.18 → country: Kalaallit Nunaat
[CACHE MISS] -14.72, 177.91 - calling API...
[SAVED] -14.72, 177.91 → ocean: South Pacific Ocean
[CACHE MISS] 36.06, -54.19 - calling API...
[SAVED] 36.06, -54.19 → ocean: North Atlantic Ocean
[CACHE MISS] 43.56, 101.42 - calling API...
[SAVED] 43.56, 101.42 → country: Монгол улс ᠮᠤᠩᠭᠤᠯ ᠤᠯᠤᠰ
[CACHE MISS] -8.4, 11.69 - calling API...
[SAVED] -8.4, 11.69 → ocean: South Atlantic Ocean
[CACHE MISS] -13.63, 16.65 - calling API...
[SAVED] -13.63, 16.65 → country: Angola
[CACHE MISS] -32.96, -18.41 - calling API...
[SAVED] -32.96, -18.41 → ocean: South Atlantic Ocean
[CACHE MISS] -41.8, 178.45 - calling API...
[SAVED] -41.8, 178.45 → ocean: South Pacific Ocean
[CACHE MISS] -14.62, -118.03 - calling API...
[SAVED] -14.62, -118.03 → ocean: South Pacific Ocean
[CACHE MISS] 66.38, 131.73 - calling API...
[SAVED] 66.38, 131.73 → country: Россия
[CACHE MISS] 31.68, 92.31 - calling API...
[SAVED] 31.68, 92.31 → country: 中国
[CACHE MISS] -22.28, -167.86 - calling API...
[SAVED] -22.28, -167.86 → ocean: South Pacific Ocean
[CACHE MISS] 59.25, 44.01 - calling API...
[SAVED] 59.25, 44.01 → country: Россия
[CACHE MISS] 77.8, -30.36 - calling API...
[SAVED] 77.8, -30.36 → country: Kalaallit Nunaat
[CACHE MISS] 25.93, -130.13 - calling API...
[SAVED] 25.93, -130.13 → ocean: North Pacific Ocean
[CACHE MISS] -88.7, -128.39 - calling API...
[SAVED] -88.7, -128.39 → unknown: unknown
[CACHE MISS] 50.4, -171.44 - calling API...
[SAVED] 50.4, -171.44 → ocean: North Pacific Ocean
[CACHE MISS] 26.69, 162.92 - calling API...
[SAVED] 26.69, 162.92 → ocean: North Pacific Ocean
[CACHE MISS] 7.6, 0.78 - calling API...
[SAVED] 7.6, 0.78 → country: Togo
[CACHE MISS] -16.94, 32.69 - calling API...
[SAVED] -16.94, 32.69 → country: Zimbabwe
[CACHE MISS] 60.47, 41.7 - calling API...
[SAVED] 60.47, 41.7 → country: Россия
[CACHE MISS] -18.23, 69.16 - calling API...
[SAVED] -18.23, 69.16 → ocean: Indian Ocean
[CACHE MISS] -32, -173.65 - calling API...
[SAVED] -32, -173.65 → ocean: South Pacific Ocean
[CACHE MISS] -22.43, -95.96 - calling API...
[SAVED] -22.43, -95.96 → ocean: South Pacific Ocean
[CACHE MISS] 6.89, -137.62 - calling API...
[SAVED] 6.89, -137.62 → ocean: North Pacific Ocean
[CACHE MISS] 1.32, 15.72 - calling API...
[SAVED] 1.32, 15.72 → country: Congo
[CACHE MISS] 33.24, 102.67 - calling API...
[SAVED] 33.24, 102.67 → country: 中国
[CACHE MISS] -42.69, 99.47 - calling API...
[SAVED] -42.69, 99.47 → ocean: Indian Ocean
[CACHE MISS] 3.75, 131.46 - calling API...
[SAVED] 3.75, 131.46 → country: Belau
[CACHE MISS] -51.71, -129.94 - calling API...
[SAVED] -51.71, -129.94 → ocean: South Pacific Ocean
[CACHE MISS] 56.04, -60.27 - calling API...
[SAVED] 56.04, -60.27 → country: Canada
[CACHE MISS] 31.51, 72.36 - calling API...
[SAVED] 31.51, 72.36 → country: پاکستان
[CACHE MISS] 18.63, 153.82 - calling API...
[SAVED] 18.63, 153.82 → ocean: North Pacific Ocean
[CACHE MISS] 13.78, -36.36 - calling API...
[SAVED] 13.78, -36.36 → ocean: North Atlantic Ocean
[CACHE MISS] -72.92, -53.54 - calling API...
[SAVED] -72.92, -53.54 → ocean: South Atlantic Ocean
[CACHE MISS] -30.15, 117.3 - calling API...
[SAVED] -30.15, 117.3 → country: Australia
[CACHE MISS] -42.76, 25.2 - calling API...
[SAVED] -42.76, 25.2 → ocean: Indian Ocean
[CACHE MISS] 56.96, 70.94 - calling API...
[SAVED] 56.96, 70.94 → country: Россия
[CACHE MISS] -46.07, -100.4 - calling API...
[SAVED] -46.07, -100.4 → ocean: South Pacific Ocean
[CACHE MISS] -0.79, -105.27 - calling API...
[SAVED] -0.79, -105.27 → ocean: South Pacific Ocean
[CACHE MISS] -49.82, 50.93 - calling API...
[SAVED] -49.82, 50.93 → ocean: Indian Ocean
[CACHE MISS] -83.27, 157.74 - calling API...
[SAVED] -83.27, 157.74 → unknown: unknown
[CACHE MISS] -54.37, -134.92 - calling API...
[SAVED] -54.37, -134.92 → ocean: South Pacific Ocean
[CACHE MISS] -3.58, -93.05 - calling API...
[SAVED] -3.58, -93.05 → ocean: South Pacific Ocean
[CACHE MISS] -41.52, 5.24 - calling API...
[SAVED] -41.52, 5.24 → ocean: South Atlantic Ocean
[CACHE MISS] 14.07, -11.28 - calling API...
[SAVED] 14.07, -11.28 → country: Mali
[CACHE MISS] 42.74, 168.12 - calling API...
[SAVED] 42.74, 168.12 → ocean: North Pacific Ocean
[CACHE MISS] -46.07, 31.93 - calling API...
[SAVED] -46.07, 31.93 → ocean: Indian Ocean
[CACHE MISS] 66.54, -45.2 - calling API...
[SAVED] 66.54, -45.2 → country: Kalaallit Nunaat
[CACHE MISS] 67.72, 105.49 - calling API...
[SAVED] 67.72, 105.49 → country: Россия
[CACHE MISS] -9.57, 164.14 - calling API...
[SAVED] -9.57, 164.14 → ocean: South Pacific Ocean
[CACHE MISS] -45.45, -103.83 - calling API...
[SAVED] -45.45, -103.83 → ocean: South Pacific Ocean
[CACHE MISS] -46.14, 57.69 - calling API...
[SAVED] -46.14, 57.69 → ocean: Indian Ocean
[CACHE MISS] 20.86, -143.51 - calling API...
[SAVED] 20.86, -143.51 → ocean: North Pacific Ocean
[CACHE MISS] 5.86, -67.94 - calling API...
[SAVED] 5.86, -67.94 → country: Colombia
[CACHE MISS] 24.04, -34.77 - calling API...
[SAVED] 24.04, -34.77 → ocean: Canarias Sea
[CACHE MISS] -23.33, -71.88 - calling API...
GeoNames API error for -23.33, -71.88: fetch failed
[SAVED] -23.33, -71.88 → unknown: unknown
[CACHE MISS] -15.96, -91.59 - calling API...
[SAVED] -15.96, -91.59 → unknown: unknown
[CACHE MISS] 22.54, -100.3 - calling API...
[SAVED] 22.54, -100.3 → country: México
[CACHE MISS] -75.43, -128.83 - calling API...
[SAVED] -75.43, -128.83 → unknown: unknown
[CACHE MISS] 15.25, 133.93 - calling API...
[SAVED] 15.25, 133.93 → unknown: unknown
[CACHE MISS] -51.49, -77.73 - calling API...
[SAVED] -51.49, -77.73 → unknown: unknown
[CACHE MISS] -57.08, 60.52 - calling API...
[SAVED] -57.08, 60.52 → unknown: unknown
[CACHE MISS] 18.71, -151.35 - calling API...
[SAVED] 18.71, -151.35 → unknown: unknown
[CACHE MISS] 43.7, 96.49 - calling API...
[SAVED] 43.7, 96.49 → country: Монгол улс ᠮᠤᠩᠭᠤᠯ ᠤᠯᠤᠰ
[CACHE MISS] 82.62, -143.11 - calling API...
[SAVED] 82.62, -143.11 → unknown: unknown
[CACHE MISS] 43.27, 173.99 - calling API...
[SAVED] 43.27, 173.99 → unknown: unknown
[CACHE MISS] -66.25, 66.69 - calling API...
[SAVED] -66.25, 66.69 → unknown: unknown
[CACHE MISS] -60.85, -87.03 - calling API...
[SAVED] -60.85, -87.03 → unknown: unknown
[CACHE MISS] -34.64, -62.49 - calling API...
[SAVED] -34.64, -62.49 → country: Argentina
[CACHE MISS] -79.95, 139.82 - calling API...
[SAVED] -79.95, 139.82 → unknown: unknown
[CACHE MISS] -26.25, -45.72 - calling API...
[SAVED] -26.25, -45.72 → unknown: unknown
[CACHE MISS] 35.54, -124.94 - calling API...
[SAVED] 35.54, -124.94 → unknown: unknown
[CACHE MISS] 29.62, 85.64 - calling API...
[SAVED] 29.62, 85.64 → country: 中国
[CACHE MISS] 60.79, 88.46 - calling API...
[SAVED] 60.79, 88.46 → country: Россия
[CACHE MISS] 18.38, 137.93 - calling API...
[SAVED] 18.38, 137.93 → unknown: unknown
[CACHE MISS] -42.53, -7.49 - calling API...
[SAVED] -42.53, -7.49 → unknown: unknown
[CACHE MISS] 50.49, -65.68 - calling API...
[SAVED] 50.49, -65.68 → country: Canada
[CACHE MISS] -6.57, -39.43 - calling API...
[SAVED] -6.57, -39.43 → country: Brasil
[CACHE MISS] 74.33, 119.39 - calling API...
[SAVED] 74.33, 119.39 → unknown: unknown
[CACHE MISS] 44.92, -116.89 - calling API...
[SAVED] 44.92, -116.89 → country: United States
[CACHE MISS] 48.16, -137.98 - calling API...
[SAVED] 48.16, -137.98 → unknown: unknown
[CACHE MISS] 1.97, -123.71 - calling API...
[SAVED] 1.97, -123.71 → unknown: unknown
[CACHE MISS] 27.82, -8.63 - calling API...
[SAVED] 27.82, -8.63 → country: Algérie ⵍⵣⵣⴰⵢⴻⵔ الجزائر
[CACHE MISS] 6.86, -15.08 - calling API...
[SAVED] 6.86, -15.08 → unknown: unknown
[CACHE MISS] 68.19, 134.74 - calling API...
[SAVED] 68.19, 134.74 → country: Россия
[CACHE MISS] -83.74, -115.88 - calling API...
[SAVED] -83.74, -115.88 → unknown: unknown
[CACHE MISS] -21.22, 79.81 - calling API...
[SAVED] -21.22, 79.81 → unknown: unknown
[CACHE MISS] -64.59, -88.31 - calling API...
[SAVED] -64.59, -88.31 → unknown: unknown
[CACHE MISS] 37.31, -149.26 - calling API...
[SAVED] 37.31, -149.26 → unknown: unknown
[CACHE MISS] 40.75, 93.41 - calling API...
[SAVED] 40.75, 93.41 → country: 中国
[CACHE MISS] -40.74, 144.99 - calling API...
[SAVED] -40.74, 144.99 → country: Australia
[CACHE MISS] -16.61, 19.75 - calling API...
[SAVED] -16.61, 19.75 → country: Angola
[CACHE MISS] -26.87, -81.41 - calling API...
[SAVED] -26.87, -81.41 → unknown: unknown
[CACHE MISS] -49.76, -128.8 - calling API...
[SAVED] -49.76, -128.8 → unknown: unknown
[CACHE MISS] -25.68, -161.18 - calling API...
[SAVED] -25.68, -161.18 → unknown: unknown
[CACHE MISS] 81.74, 160.97 - calling API...
[SAVED] 81.74, 160.97 → unknown: unknown
[CACHE MISS] 43.54, -168.36 - calling API...
[SAVED] 43.54, -168.36 → unknown: unknown
[CACHE MISS] -31.42, -43.4 - calling API...
[SAVED] -31.42, -43.4 → unknown: unknown
[CACHE MISS] -21.94, -77.92 - calling API...
[SAVED] -21.94, -77.92 → unknown: unknown
[CACHE MISS] -66.43, 148.86 - calling API...
[SAVED] -66.43, 148.86 → unknown: unknown
[CACHE MISS] 9.05, -172.22 - calling API...
[SAVED] 9.05, -172.22 → unknown: unknown
[CACHE MISS] -16.45, 114.68 - calling API...
[SAVED] -16.45, 114.68 → unknown: unknown
[CACHE MISS] -44.87, 122.63 - calling API...
[SAVED] -44.87, 122.63 → unknown: unknown
[CACHE MISS] -48.41, -113.23 - calling API...
[SAVED] -48.41, -113.23 → unknown: unknown
[CACHE MISS] -27.33, -151.73 - calling API...
[SAVED] -27.33, -151.73 → unknown: unknown
[CACHE MISS] -1.64, -82.04 - calling API...
[SAVED] -1.64, -82.04 → unknown: unknown
[CACHE MISS] 16.24, 3.26 - calling API...
[SAVED] 16.24, 3.26 → country: Mali
[CACHE MISS] 32.17, 145.67 - calling API...
[SAVED] 32.17, 145.67 → unknown: unknown
[CACHE MISS] -73.73, -22.05 - calling API...
[SAVED] -73.73, -22.05 → unknown: unknown
[CACHE MISS] 46.59, -83.2 - calling API...
[SAVED] 46.59, -83.2 → country: Canada
[CACHE MISS] 70.58, 5.95 - calling API...
[SAVED] 70.58, 5.95 → unknown: unknown
[CACHE MISS] 78.16, -11.53 - calling API...
[SAVED] 78.16, -11.53 → unknown: unknown
[CACHE MISS] 14.65, -111.37 - calling API...
[SAVED] 14.65, -111.37 → unknown: unknown
[CACHE MISS] -44.73, 88.12 - calling API...
[SAVED] -44.73, 88.12 → unknown: unknown
[CACHE MISS] 5.47, 79.24 - calling API...
[SAVED] 5.47, 79.24 → unknown: unknown
[CACHE MISS] -19.9, 99.11 - calling API...
[SAVED] -19.9, 99.11 → unknown: unknown
[CACHE MISS] -21.21, 56.69 - calling API...
[SAVED] -21.21, 56.69 → unknown: unknown
[CACHE MISS] 84.32, -76.83 - calling API...
[SAVED] 84.32, -76.83 → unknown: unknown
[CACHE MISS] -8.88, 133.88 - calling API...
[SAVED] -8.88, 133.88 → unknown: unknown
[CACHE MISS] 16.1, -44.16 - calling API...
[SAVED] 16.1, -44.16 → unknown: unknown
[CACHE MISS] -79.45, 41.08 - calling API...
[SAVED] -79.45, 41.08 → unknown: unknown
[CACHE MISS] -44.16, 113.1 - calling API...
[SAVED] -44.16, 113.1 → unknown: unknown
[CACHE MISS] -7.03, 14.47 - calling API...
[SAVED] -7.03, 14.47 → country: Angola
[CACHE MISS] 51.84, -152.08 - calling API...
[SAVED] 51.84, -152.08 → unknown: unknown
[CACHE MISS] 78.05, -155.45 - calling API...
[SAVED] 78.05, -155.45 → unknown: unknown
[CACHE MISS] 45.36, 178.61 - calling API...
[SAVED] 45.36, 178.61 → unknown: unknown
[CACHE MISS] -66.95, -33.17 - calling API...
[SAVED] -66.95, -33.17 → unknown: unknown
[CACHE MISS] 0.79, 111.21 - calling API...
[SAVED] 0.79, 111.21 → country: Indonesia
[CACHE MISS] -35.64, 145.01 - calling API...
[SAVED] -35.64, 145.01 → country: Australia
[CACHE MISS] -23.63, 94.61 - calling API...
[SAVED] -23.63, 94.61 → unknown: unknown
[CACHE MISS] -15.25, -59.52 - calling API...
[SAVED] -15.25, -59.52 → country: Brasil
[CACHE MISS] -52.01, 132.69 - calling API...
[SAVED] -52.01, 132.69 → unknown: unknown
[CACHE MISS] -23.14, -95 - calling API...
[SAVED] -23.14, -95 → unknown: unknown
[CACHE MISS] -16.45, 64.25 - calling API...
[SAVED] -16.45, 64.25 → unknown: unknown
[CACHE MISS] 23.97, 46.06 - calling API...
[SAVED] 23.97, 46.06 → country: السعودية
[CACHE MISS] 30.64, -25.48 - calling API...
[SAVED] 30.64, -25.48 → unknown: unknown
[CACHE MISS] 32.05, -115.62 - calling API...
[SAVED] 32.05, -115.62 → country: México
[CACHE MISS] -18.56, 6.97 - calling API...
[SAVED] -18.56, 6.97 → unknown: unknown
[CACHE MISS] 24.3, -31.09 - calling API...
[SAVED] 24.3, -31.09 → unknown: unknown
[CACHE MISS] -71.87, -88.46 - calling API...
[SAVED] -71.87, -88.46 → unknown: unknown
[CACHE MISS] -26.54, 98.48 - calling API...
[SAVED] -26.54, 98.48 → unknown: unknown
[CACHE MISS] -35.6, -3.71 - calling API...
[SAVED] -35.6, -3.71 → unknown: unknown
[CACHE MISS] -43.5, -44.94 - calling API...
[SAVED] -43.5, -44.94 → unknown: unknown
[CACHE MISS] 6.26, 40.26 - calling API...
[SAVED] 6.26, 40.26 → country: ኢትዮጵያ إثيوبيا
[CACHE MISS] 50.44, -62.15 - calling API...
[SAVED] 50.44, -62.15 → country: Canada
[CACHE MISS] 23.19, 72.59 - calling API...
[SAVED] 23.19, 72.59 → country: India
[CACHE MISS] -48.94, 19.39 - calling API...
[SAVED] -48.94, 19.39 → unknown: unknown
[CACHE MISS] -62.52, 28.89 - calling API...
[SAVED] -62.52, 28.89 → unknown: unknown
[CACHE MISS] -54.37, -4.82 - calling API...
[SAVED] -54.37, -4.82 → unknown: unknown
[CACHE MISS] -41.2, 97.29 - calling API...
[SAVED] -41.2, 97.29 → unknown: unknown
[CACHE MISS] 54.99, -94.99 - calling API...
[SAVED] 54.99, -94.99 → country: Canada
[CACHE MISS] -53.89, -103.28 - calling API...
[SAVED] -53.89, -103.28 → unknown: unknown
[CACHE MISS] 43.1, 144.16 - calling API...
[SAVED] 43.1, 144.16 → country: 日本
[CACHE MISS] -50.6, -73.54 - calling API...
[SAVED] -50.6, -73.54 → country: Chile
[CACHE MISS] -1.98, 15.66 - calling API...
[SAVED] -1.98, 15.66 → country: Congo
[CACHE MISS] 61.72, -120.89 - calling API...
[SAVED] 61.72, -120.89 → country: Canada
[CACHE MISS] 41.75, -153.15 - calling API...
[SAVED] 41.75, -153.15 → ocean: North Pacific Ocean
[CACHE MISS] -74.33, -28.13 - calling API...
[SAVED] -74.33, -28.13 → ocean: South Atlantic Ocean
[CACHE MISS] -24.35, -26.05 - calling API...
[SAVED] -24.35, -26.05 → ocean: South Atlantic Ocean
[CACHE MISS] -31.54, -161.88 - calling API...
[SAVED] -31.54, -161.88 → ocean: South Pacific Ocean
[CACHE MISS] 45.92, 11.66 - calling API...
[SAVED] 45.92, 11.66 → country: Italia
[CACHE MISS] 86.44, 16.57 - calling API...
[SAVED] 86.44, 16.57 → ocean: Arctic Ocean
[CACHE MISS] 50.8, 34.48 - calling API...
[SAVED] 50.8, 34.48 → country: Україна
[CACHE MISS] 48.09, -172.32 - calling API...
[SAVED] 48.09, -172.32 → ocean: North Pacific Ocean
[CACHE MISS] -39.29, -32.09 - calling API...
[SAVED] -39.29, -32.09 → ocean: South Atlantic Ocean
[CACHE MISS] 81.17, -141.03 - calling API...
[SAVED] 81.17, -141.03 → ocean: Arctic Ocean
[CACHE MISS] -8.54, -65.29 - calling API...
[SAVED] -8.54, -65.29 → country: Brasil
[CACHE MISS] 54.31, -57.28 - calling API...
[SAVED] 54.31, -57.28 → country: Canada
[CACHE MISS] -62.37, 52.82 - calling API...
[SAVED] -62.37, 52.82 → ocean: Indian Ocean
[CACHE MISS] -60.95, -126.92 - calling API...
[SAVED] -60.95, -126.92 → ocean: South Pacific Ocean
[CACHE MISS] -72.9, -104.04 - calling API...
[SAVED] -72.9, -104.04 → ocean: South Pacific Ocean
[CACHE MISS] 21.38, -31.5 - calling API...
[SAVED] 21.38, -31.5 → ocean: Canarias Sea
[CACHE MISS] 50.53, -31.07 - calling API...
[SAVED] 50.53, -31.07 → ocean: North Atlantic Ocean
[CACHE MISS] -41.2, 114.19 - calling API...
[SAVED] -41.2, 114.19 → ocean: Indian Ocean
[CACHE MISS] 22.22, 64.58 - calling API...
[SAVED] 22.22, 64.58 → ocean: Arabian Sea
[CACHE MISS] 11.83, 117.72 - calling API...
[SAVED] 11.83, 117.72 → ocean: South China Sea
[CACHE MISS] -9.56, -21.31 - calling API...
[SAVED] -9.56, -21.31 → ocean: South Atlantic Ocean
[CACHE MISS] 50.87, 148.11 - calling API...
[SAVED] 50.87, 148.11 → ocean: Sea Of Okhotsk
[CACHE MISS] -21.62, 84.39 - calling API...
[SAVED] -21.62, 84.39 → ocean: Indian Ocean
[CACHE MISS] 51.77, -32.84 - calling API...
[SAVED] 51.77, -32.84 → ocean: North Atlantic Ocean
[CACHE MISS] 4.6, -58.52 - calling API...
[SAVED] 4.6, -58.52 → country: Guyana
[CACHE MISS] -37.1, -137.52 - calling API...
[SAVED] -37.1, -137.52 → ocean: South Pacific Ocean
[CACHE MISS] -39.27, -151.85 - calling API...
[SAVED] -39.27, -151.85 → ocean: South Pacific Ocean
[CACHE MISS] 11.56, -160.99 - calling API...
[SAVED] 11.56, -160.99 → ocean: North Pacific Ocean
[CACHE MISS] 11.24, 19.27 - calling API...
[SAVED] 11.24, 19.27 → country: Tchad تشاد
[CACHE MISS] -54.62, 72.3 - calling API...
[SAVED] -54.62, 72.3 → ocean: Indian Ocean
[CACHE MISS] 56.59, -177.24 - calling API...
[SAVED] 56.59, -177.24 → ocean: Bering Sea
[CACHE MISS] -69.85, 159.91 - calling API...
[SAVED] -69.85, 159.91 → unknown: unknown
[CACHE MISS] 14.13, -85.93 - calling API...
[SAVED] 14.13, -85.93 → country: Honduras
[CACHE MISS] 43.63, 98.46 - calling API...
[SAVED] 43.63, 98.46 → country: Монгол улс ᠮᠤᠩᠭᠤᠯ ᠤᠯᠤᠰ
[CACHE MISS] -3.19, -62.47 - calling API...
[SAVED] -3.19, -62.47 → country: Brasil
[CACHE MISS] -14.25, -9.24 - calling API...
[SAVED] -14.25, -9.24 → unknown: unknown
[CACHE MISS] -49.54, 96.99 - calling API...
[SAVED] -49.54, 96.99 → unknown: unknown
[CACHE MISS] -9.87, -20.39 - calling API...
[SAVED] -9.87, -20.39 → unknown: unknown
[CACHE MISS] 13.35, 154.88 - calling API...
[SAVED] 13.35, 154.88 → unknown: unknown
[CACHE MISS] 13.75, 153.16 - calling API...
[SAVED] 13.75, 153.16 → unknown: unknown
[CACHE MISS] 20.31, -135.4 - calling API...
[SAVED] 20.31, -135.4 → unknown: unknown
[CACHE MISS] 13.34, -17.67 - calling API...
[SAVED] 13.34, -17.67 → unknown: unknown
[CACHE MISS] 33.23, -153.49 - calling API...
[SAVED] 33.23, -153.49 → unknown: unknown
[CACHE MISS] -1.1, -91.84 - calling API...
[SAVED] -1.1, -91.84 → unknown: unknown
[CACHE MISS] -48.07, -138.75 - calling API...
[SAVED] -48.07, -138.75 → unknown: unknown
[CACHE MISS] -76.19, -111.03 - calling API...
[SAVED] -76.19, -111.03 → unknown: unknown
[CACHE MISS] -58.45, 19.09 - calling API...
[SAVED] -58.45, 19.09 → unknown: unknown
[CACHE MISS] 6.52, -88.99 - calling API...
[SAVED] 6.52, -88.99 → unknown: unknown
[CACHE MISS] -3.7, 166.65 - calling API...
[SAVED] -3.7, 166.65 → unknown: unknown
[CACHE MISS] -58.25, -74.89 - calling API...
[SAVED] -58.25, -74.89 → unknown: unknown
[CACHE MISS] -74.82, -150.31 - calling API...
[SAVED] -74.82, -150.31 → unknown: unknown
[CACHE MISS] -2.86, -70.29 - calling API...
[SAVED] -2.86, -70.29 → country: Perú
[CACHE MISS] 0.51, -147.29 - calling API...
[SAVED] 0.51, -147.29 → unknown: unknown
[CACHE MISS] 33.38, 140.68 - calling API...
[SAVED] 33.38, 140.68 → unknown: unknown
[CACHE MISS] 43.46, -114.31 - calling API...
[SAVED] 43.46, -114.31 → country: United States
[CACHE MISS] 58.93, -34.49 - calling API...
[SAVED] 58.93, -34.49 → unknown: unknown
[CACHE MISS] 11.72, -119.85 - calling API...
[SAVED] 11.72, -119.85 → unknown: unknown
[CACHE MISS] -38.92, -69.7 - calling API...
[SAVED] -38.92, -69.7 → country: Argentina
[CACHE MISS] -42.4, -150.09 - calling API...
[SAVED] -42.4, -150.09 → unknown: unknown
[CACHE MISS] -12.46, -138.57 - calling API...
[SAVED] -12.46, -138.57 → unknown: unknown
[CACHE MISS] 23.92, -60.71 - calling API...
[SAVED] 23.92, -60.71 → unknown: unknown
[CACHE MISS] -21.55, -137.38 - calling API...
[SAVED] -21.55, -137.38 → unknown: unknown
[CACHE MISS] 41.15, -43.64 - calling API...
[SAVED] 41.15, -43.64 → ocean: North Atlantic Ocean
[CACHE MISS] -22.44, -58.92 - calling API...
[SAVED] -22.44, -58.92 → country: Paraguay / Paraguái
[CACHE MISS] -2.67, 104.45 - calling API...
[SAVED] -2.67, 104.45 → country: Indonesia
[CACHE MISS] 50.68, 67.28 - calling API...
[SAVED] 50.68, 67.28 → country: Қазақстан
[CACHE MISS] -5.45, 151.11 - calling API...
[SAVED] -5.45, 151.11 → country: Papua Niugini
[CACHE MISS] -40.26, 175.49 - calling API...
[SAVED] -40.26, 175.49 → country: New Zealand / Aotearoa
[CACHE MISS] -54.09, -18.81 - calling API...
[SAVED] -54.09, -18.81 → unknown: unknown
[CACHE MISS] -37.02, -109.98 - calling API...
[SAVED] -37.02, -109.98 → unknown: unknown
[CACHE MISS] -20.94, 110.49 - calling API...
[SAVED] -20.94, 110.49 → unknown: unknown
[CACHE MISS] -0.6, 110.38 - calling API...
[SAVED] -0.6, 110.38 → country: Indonesia
[CACHE MISS] 45.88, 14.38 - calling API...
[SAVED] 45.88, 14.38 → country: Slovenija
[CACHE MISS] 48.37, -75.34 - calling API...
[SAVED] 48.37, -75.34 → country: Canada
[CACHE MISS] 58.1, -163.42 - calling API...
[SAVED] 58.1, -163.42 → unknown: unknown
[CACHE MISS] -20.54, -114.57 - calling API...
[SAVED] -20.54, -114.57 → unknown: unknown
[CACHE MISS] 73.19, -44.63 - calling API...
[SAVED] 73.19, -44.63 → country: Kalaallit Nunaat
[CACHE MISS] 78.59, 49.44 - calling API...
[SAVED] 78.59, 49.44 → unknown: unknown
[CACHE MISS] 54.19, 22.63 - calling API...
[SAVED] 54.19, 22.63 → country: Polska
[CACHE MISS] 3.33, 43.12 - calling API...
[SAVED] 3.33, 43.12 → country: Soomaaliya الصومال
[CACHE MISS] -47.71, -114.4 - calling API...
[SAVED] -47.71, -114.4 → unknown: unknown
[CACHE MISS] 9.72, -33.69 - calling API...
[SAVED] 9.72, -33.69 → unknown: unknown
[CACHE HIT] 54.02, 111.03 → country: Russia
[CACHE MISS] 2.33, 15.9 - calling API...
[SAVED] 2.33, 15.9 → country: Cameroun
[CACHE MISS] -33.12, -179.25 - calling API...
[SAVED] -33.12, -179.25 → unknown: unknown
[CACHE MISS] -5.53, -120.75 - calling API...
[SAVED] -5.53, -120.75 → unknown: unknown
[CACHE MISS] -38.59, -57.34 - calling API...
[SAVED] -38.59, -57.34 → unknown: unknown
[CACHE MISS] 0.03, -56.61 - calling API...
[SAVED] 0.03, -56.61 → country: Brasil
[CACHE MISS] 60.92, 124.82 - calling API...
[SAVED] 60.92, 124.82 → country: Россия
[CACHE MISS] -73.33, 158.36 - calling API...
[SAVED] -73.33, 158.36 → unknown: unknown
[CACHE MISS] 27.23, -41.15 - calling API...
[SAVED] 27.23, -41.15 → unknown: unknown
[CACHE MISS] 15.34, -85.63 - calling API...
[SAVED] 15.34, -85.63 → country: Honduras
[CACHE MISS] 18.55, -4.98 - calling API...
[SAVED] 18.55, -4.98 → country: Mali
[CACHE MISS] -39.48, -127.83 - calling API...
[SAVED] -39.48, -127.83 → unknown: unknown
[CACHE MISS] 25.8, -104.34 - calling API...
[SAVED] 25.8, -104.34 → country: México
[CACHE MISS] 44.75, -13.17 - calling API...
[SAVED] 44.75, -13.17 → unknown: unknown
[CACHE MISS] 59.11, -8.14 - calling API...
[SAVED] 59.11, -8.14 → unknown: unknown
[CACHE MISS] 46.42, 129.99 - calling API...
[SAVED] 46.42, 129.99 → country: 中国
[CACHE MISS] -65.49, -89.85 - calling API...
[SAVED] -65.49, -89.85 → unknown: unknown
[CACHE MISS] 6.47, 90.12 - calling API...
[SAVED] 6.47, 90.12 → unknown: unknown
[CACHE MISS] 56.57, -2.21 - calling API...
[SAVED] 56.57, -2.21 → country: United Kingdom
[CACHE MISS] 4.68, 147.4 - calling API...
[SAVED] 4.68, 147.4 → unknown: unknown
[CACHE MISS] 36.28, 75.1 - calling API...
[SAVED] 36.28, 75.1 → country: پاکستان
[CACHE MISS] -28.02, 65.09 - calling API...
[SAVED] -28.02, 65.09 → unknown: unknown
[CACHE MISS] -9.3, -152.01 - calling API...
[SAVED] -9.3, -152.01 → unknown: unknown
[CACHE MISS] -3.44, -29.53 - calling API...
[SAVED] -3.44, -29.53 → unknown: unknown
[CACHE MISS] -72.96, 10.37 - calling API...
[SAVED] -72.96, 10.37 → unknown: unknown
[CACHE MISS] 11.78, 58.12 - calling API...
[SAVED] 11.78, 58.12 → unknown: unknown
[CACHE MISS] 76.11, 57.87 - calling API...
[SAVED] 76.11, 57.87 → unknown: unknown
[CACHE MISS] -43.3, 145.99 - calling API...
[SAVED] -43.3, 145.99 → country: Australia
[CACHE MISS] 1.68, 12.79 - calling API...
[SAVED] 1.68, 12.79 → country: Gabon
[CACHE MISS] 22.23, -17.09 - calling API...
[SAVED] 22.23, -17.09 → unknown: unknown
[CACHE MISS] -19.15, 13.93 - calling API...
[SAVED] -19.15, 13.93 → country: Namibia
[CACHE MISS] -65.6, 154.45 - calling API...
[SAVED] -65.6, 154.45 → unknown: unknown
[CACHE MISS] 83.56, -80.21 - calling API...
[SAVED] 83.56, -80.21 → unknown: unknown
[CACHE MISS] 43.77, -48.98 - calling API...
[SAVED] 43.77, -48.98 → unknown: unknown
[CACHE MISS] -7.72, -113.47 - calling API...
[SAVED] -7.72, -113.47 → unknown: unknown
[CACHE MISS] 30.99, 71.77 - calling API...
[SAVED] 30.99, 71.77 → country: پاکستان
[CACHE MISS] 1.6, 108.48 - calling API...
[SAVED] 1.6, 108.48 → country: Indonesia
[CACHE MISS] -36.73, -41.53 - calling API...
[SAVED] -36.73, -41.53 → unknown: unknown
[CACHE MISS] -34.37, -101.86 - calling API...
[SAVED] -34.37, -101.86 → unknown: unknown
[CACHE MISS] -51.67, -49.61 - calling API...
[SAVED] -51.67, -49.61 → unknown: unknown
[CACHE MISS] -16.24, 170.73 - calling API...
[SAVED] -16.24, 170.73 → unknown: unknown
[CACHE MISS] 54.57, 111.63 - calling API...
[SAVED] 54.57, 111.63 → country: Россия
[CACHE MISS] 1, 44.86 - calling API...
[SAVED] 1, 44.86 → unknown: unknown
[CACHE MISS] 34.08, 124.21 - calling API...
[SAVED] 34.08, 124.21 → unknown: unknown
[CACHE MISS] 68.74, 138.4 - calling API...
[SAVED] 68.74, 138.4 → country: Россия
[CACHE MISS] -65.05, 98.08 - calling API...
[SAVED] -65.05, 98.08 → unknown: unknown
[CACHE MISS] -59.51, 158.12 - calling API...
[SAVED] -59.51, 158.12 → unknown: unknown
[CACHE MISS] 44.86, -133.21 - calling API...
[SAVED] 44.86, -133.21 → unknown: unknown
[CACHE MISS] -4.28, -93.53 - calling API...
[SAVED] -4.28, -93.53 → unknown: unknown
[CACHE MISS] -33.22, 0.1 - calling API...
[SAVED] -33.22, 0.1 → unknown: unknown
[CACHE MISS] -2.9, -10.45 - calling API...
[SAVED] -2.9, -10.45 → unknown: unknown
[CACHE MISS] 29.48, -80.29 - calling API...
[SAVED] 29.48, -80.29 → unknown: unknown
[CACHE MISS] -23.98, -107.67 - calling API...
[SAVED] -23.98, -107.67 → unknown: unknown
[CACHE MISS] 6.58, -45.43 - calling API...
[SAVED] 6.58, -45.43 → unknown: unknown
[CACHE MISS] 9.45, 2.12 - calling API...
[SAVED] 9.45, 2.12 → country: Bénin
[CACHE MISS] -53.08, 91.93 - calling API...
[SAVED] -53.08, 91.93 → unknown: unknown
[CACHE MISS] -71.19, 21.52 - calling API...
[SAVED] -71.19, 21.52 → unknown: unknown
[CACHE MISS] -67.14, 39.03 - calling API...
[SAVED] -67.14, 39.03 → unknown: unknown
[CACHE MISS] 28, -104.35 - calling API...
[SAVED] 28, -104.35 → country: México
[CACHE MISS] -51.7, -168.06 - calling API...
[SAVED] -51.7, -168.06 → unknown: unknown
[CACHE MISS] -66.02, 153.79 - calling API...
[SAVED] -66.02, 153.79 → unknown: unknown
[CACHE MISS] 11.24, 75.59 - calling API...
[SAVED] 11.24, 75.59 → country: India
[CACHE MISS] -54.56, -33.01 - calling API...
[SAVED] -54.56, -33.01 → unknown: unknown
[CACHE MISS] -74.46, 151.03 - calling API...
[SAVED] -74.46, 151.03 → unknown: unknown
[CACHE MISS] 47.11, 79.2 - calling API...
[SAVED] 47.11, 79.2 → country: Қазақстан
[CACHE MISS] 29.59, 88.13 - calling API...
[SAVED] 29.59, 88.13 → country: 中国
[CACHE MISS] -55.07, -34.48 - calling API...
[SAVED] -55.07, -34.48 → country: South Georgia and the South Sandwich Islands
[CACHE MISS] 4.41, -144.51 - calling API...
[SAVED] 4.41, -144.51 → unknown: unknown
[CACHE MISS] -82.79, -26.85 - calling API...
[SAVED] -82.79, -26.85 → unknown: unknown
[CACHE MISS] -23.7, -24.48 - calling API...
[SAVED] -23.7, -24.48 → unknown: unknown
[CACHE MISS] 2.58, -154.45 - calling API...
[SAVED] 2.58, -154.45 → unknown: unknown
[CACHE MISS] -9.28, -131.95 - calling API...
[SAVED] -9.28, -131.95 → unknown: unknown
[CACHE MISS] 26.97, 29.48 - calling API...
[SAVED] 26.97, 29.48 → country: مصر
[CACHE MISS] 58.76, 128.83 - calling API...
[SAVED] 58.76, 128.83 → country: Россия
[CACHE MISS] -32.76, 122.87 - calling API...
[SAVED] -32.76, 122.87 → country: Australia
[CACHE MISS] 16.84, 56.71 - calling API...
[SAVED] 16.84, 56.71 → ocean: Arabian Sea
[CACHE MISS] 4.88, 25.42 - calling API...
[SAVED] 4.88, 25.42 → country: République démocratique du Congo
[CACHE MISS] -77.12, 4.64 - calling API...
[SAVED] -77.12, 4.64 → unknown: unknown
[CACHE MISS] -81.14, -99.17 - calling API...
[SAVED] -81.14, -99.17 → unknown: unknown
[CACHE MISS] 50.64, -10.86 - calling API...
[SAVED] 50.64, -10.86 → ocean: Celtic Sea
[CACHE MISS] -11.6, 163.7 - calling API...
[SAVED] -11.6, 163.7 → ocean: Coral Sea
[CACHE MISS] -26.59, 54.59 - calling API...
[SAVED] -26.59, 54.59 → ocean: Indian Ocean
[CACHE MISS] -39.32, 73.63 - calling API...
[SAVED] -39.32, 73.63 → ocean: Indian Ocean
[CACHE MISS] -24.56, 44.74 - calling API...
[SAVED] -24.56, 44.74 → country: Madagasikara / Madagascar
[CACHE MISS] -38.16, -43.81 - calling API...
[SAVED] -38.16, -43.81 → ocean: South Atlantic Ocean
[CACHE MISS] -73.41, -103.51 - calling API...
[SAVED] -73.41, -103.51 → ocean: South Pacific Ocean
[CACHE MISS] 5.16, 151.32 - calling API...
[SAVED] 5.16, 151.32 → ocean: North Pacific Ocean
[CACHE MISS] -26.72, -146.99 - calling API...
[SAVED] -26.72, -146.99 → ocean: South Pacific Ocean
[CACHE MISS] 56.22, 152.76 - calling API...
[SAVED] 56.22, 152.76 → ocean: Sea Of Okhotsk
[CACHE MISS] 32.91, -112.93 - calling API...
[SAVED] 32.91, -112.93 → country: United States
[CACHE MISS] -40.23, 98.72 - calling API...
[SAVED] -40.23, 98.72 → ocean: Indian Ocean
[CACHE MISS] 78.56, -73.97 - calling API...
[SAVED] 78.56, -73.97 → country: Canada
[CACHE MISS] 7.31, -174.69 - calling API...
[SAVED] 7.31, -174.69 → ocean: North Pacific Ocean
[CACHE MISS] 57.07, -169.47 - calling API...
[SAVED] 57.07, -169.47 → ocean: Bering Sea
[CACHE MISS] 11.74, 54.17 - calling API...
[SAVED] 11.74, 54.17 → ocean: Arabian Sea
[CACHE MISS] -40.98, 135.07 - calling API...
[SAVED] -40.98, 135.07 → ocean: Indian Ocean
[CACHE MISS] 17.04, -82.17 - calling API...
[SAVED] 17.04, -82.17 → unknown: unknown
[CACHE MISS] -45.06, 159.74 - calling API...
[SAVED] -45.06, 159.74 → unknown: unknown
[CACHE MISS] 85.42, -77.49 - calling API...
[SAVED] 85.42, -77.49 → unknown: unknown
[CACHE MISS] 53.36, 159.23 - calling API...
[SAVED] 53.36, 159.23 → country: Россия
[CACHE MISS] 69.14, -151.02 - calling API...
[SAVED] 69.14, -151.02 → country: United States
[CACHE MISS] -17.78, -47.7 - calling API...
[SAVED] -17.78, -47.7 → country: Brasil
[CACHE MISS] 47.52, 145.05 - calling API...
[SAVED] 47.52, 145.05 → unknown: unknown
[CACHE MISS] -33.83, 113.19 - calling API...
[SAVED] -33.83, 113.19 → unknown: unknown
[CACHE MISS] 38.07, -38.21 - calling API...
[SAVED] 38.07, -38.21 → unknown: unknown
[CACHE MISS] 9.27, -162.7 - calling API...
[SAVED] 9.27, -162.7 → unknown: unknown
[CACHE MISS] -50.54, 53.39 - calling API...
[SAVED] -50.54, 53.39 → unknown: unknown
[CACHE MISS] 70.7, -94.39 - calling API...
[SAVED] 70.7, -94.39 → country: Canada
[CACHE MISS] -6.82, -158.86 - calling API...
[SAVED] -6.82, -158.86 → unknown: unknown
[CACHE MISS] 37.95, 56.04 - calling API...
[SAVED] 37.95, 56.04 → country: ایران
[CACHE MISS] -2.76, -22.28 - calling API...
[SAVED] -2.76, -22.28 → unknown: unknown
[CACHE MISS] 26.17, -77.1 - calling API...
[SAVED] 26.17, -77.1 → country: The Bahamas
[CACHE MISS] 5.18, 25.71 - calling API...
[SAVED] 5.18, 25.71 → country: République démocratique du Congo
[CACHE MISS] -58.22, -89.62 - calling API...
[SAVED] -58.22, -89.62 → unknown: unknown
[CACHE MISS] -20.28, -59.48 - calling API...
[SAVED] -20.28, -59.48 → country: Paraguay / Paraguái
[CACHE MISS] -8.76, 90.78 - calling API...
[SAVED] -8.76, 90.78 → unknown: unknown
[CACHE MISS] 25.43, -86.81 - calling API...
[SAVED] 25.43, -86.81 → unknown: unknown
[CACHE MISS] 46.14, -133.09 - calling API...
[SAVED] 46.14, -133.09 → unknown: unknown
[CACHE MISS] -20.96, 60.87 - calling API...
[SAVED] -20.96, 60.87 → unknown: unknown
[CACHE MISS] -12.2, -117.91 - calling API...
[SAVED] -12.2, -117.91 → unknown: unknown
[CACHE MISS] 3.36, -126.84 - calling API...
[SAVED] 3.36, -126.84 → unknown: unknown
[CACHE MISS] 12.33, -132.88 - calling API...
[SAVED] 12.33, -132.88 → unknown: unknown
[CACHE MISS] -67.25, -148.2 - calling API...
[SAVED] -67.25, -148.2 → unknown: unknown
[CACHE MISS] 43.99, 43.3 - calling API...
[SAVED] 43.99, 43.3 → country: Россия
[CACHE MISS] -2.82, -54.02 - calling API...
[SAVED] -2.82, -54.02 → country: Brasil
[CACHE MISS] -12.36, 0.18 - calling API...
[SAVED] -12.36, 0.18 → unknown: unknown
[CACHE MISS] 31.69, 138.82 - calling API...
[SAVED] 31.69, 138.82 → unknown: unknown
[CACHE MISS] -23.01, 29.51 - calling API...
[SAVED] -23.01, 29.51 → country: South Africa
[CACHE MISS] -27.41, -103.37 - calling API...
[SAVED] -27.41, -103.37 → unknown: unknown
[CACHE MISS] 33.02, -93.9 - calling API...
[SAVED] 33.02, -93.9 → country: United States
[CACHE MISS] -10.6, 52.58 - calling API...
[SAVED] -10.6, 52.58 → unknown: unknown
[CACHE MISS] -1.27, -155.54 - calling API...
[SAVED] -1.27, -155.54 → unknown: unknown
[CACHE MISS] -8.54, -17.64 - calling API...
[SAVED] -8.54, -17.64 → unknown: unknown
[CACHE MISS] 13.85, 79.14 - calling API...
[SAVED] 13.85, 79.14 → country: India
[CACHE MISS] 26.04, -163.64 - calling API...
[SAVED] 26.04, -163.64 → unknown: unknown
[CACHE MISS] 1.92, -61.57 - calling API...
[SAVED] 1.92, -61.57 → country: Brasil
[CACHE MISS] -62.85, -94.18 - calling API...
[SAVED] -62.85, -94.18 → unknown: unknown
[CACHE MISS] -69.27, -171.19 - calling API...
[SAVED] -69.27, -171.19 → unknown: unknown
[CACHE MISS] -9.92, 74.33 - calling API...
[SAVED] -9.92, 74.33 → unknown: unknown
[CACHE MISS] -15.06, 43.26 - calling API...
[SAVED] -15.06, 43.26 → unknown: unknown
[CACHE MISS] -56.57, 0.57 - calling API...
[SAVED] -56.57, 0.57 → unknown: unknown
[CACHE MISS] -14.24, -26.68 - calling API...
[SAVED] -14.24, -26.68 → unknown: unknown
[CACHE MISS] 40.22, -66.7 - calling API...
[SAVED] 40.22, -66.7 → unknown: unknown
[CACHE MISS] 37.97, -107.39 - calling API...
[SAVED] 37.97, -107.39 → country: United States
[CACHE MISS] 34.64, 150.17 - calling API...
[SAVED] 34.64, 150.17 → unknown: unknown
[CACHE MISS] 58.04, -131.4 - calling API...
[SAVED] 58.04, -131.4 → country: Canada
[CACHE MISS] -6.72, -72.44 - calling API...
[SAVED] -6.72, -72.44 → country: Brasil
[CACHE MISS] 63.19, 40.63 - calling API...
[SAVED] 63.19, 40.63 → country: Россия
[CACHE MISS] 75.78, -175.76 - calling API...
[SAVED] 75.78, -175.76 → unknown: unknown
[CACHE MISS] -42.46, 8.05 - calling API...
[SAVED] -42.46, 8.05 → unknown: unknown
[CACHE MISS] 39.72, 34.52 - calling API...
[SAVED] 39.72, 34.52 → country: Türkiye
[CACHE MISS] -56.6, 55.65 - calling API...
[SAVED] -56.6, 55.65 → unknown: unknown
[CACHE MISS] 5.49, -139.77 - calling API...
[SAVED] 5.49, -139.77 → unknown: unknown
[CACHE MISS] 24.82, -99.72 - calling API...
[SAVED] 24.82, -99.72 → country: México
[CACHE MISS] -0.79, 116.15 - calling API...
[SAVED] -0.79, 116.15 → country: Indonesia
[CACHE MISS] -39.9, 118.26 - calling API...
[SAVED] -39.9, 118.26 → unknown: unknown
[CACHE MISS] -1.53, 28.6 - calling API...
[SAVED] -1.53, 28.6 → country: République démocratique du Congo
[CACHE MISS] -8.86, -103 - calling API...
[SAVED] -8.86, -103 → unknown: unknown
[CACHE MISS] 29.73, -154.06 - calling API...
[SAVED] 29.73, -154.06 → unknown: unknown
[CACHE MISS] 18.09, 115 - calling API...
[SAVED] 18.09, 115 → unknown: unknown
[CACHE MISS] -5.61, -6.82 - calling API...
[SAVED] -5.61, -6.82 → unknown: unknown
[CACHE MISS] 27.24, 29.24 - calling API...
[SAVED] 27.24, 29.24 → country: مصر
[CACHE MISS] 1.21, -112.13 - calling API...
[SAVED] 1.21, -112.13 → unknown: unknown
[CACHE MISS] -4.55, 171.91 - calling API...
[SAVED] -4.55, 171.91 → unknown: unknown
[CACHE MISS] 17.93, -95.34 - calling API...
[SAVED] 17.93, -95.34 → country: México
[CACHE MISS] 51.52, -116.85 - calling API...
[SAVED] 51.52, -116.85 → country: Canada
[CACHE MISS] -0.95, -21.3 - calling API...
[SAVED] -0.95, -21.3 → unknown: unknown
[CACHE MISS] 16.68, -102.76 - calling API...
[SAVED] 16.68, -102.76 → unknown: unknown
[CACHE MISS] -49.12, -93.25 - calling API...
[SAVED] -49.12, -93.25 → unknown: unknown
[CACHE MISS] 27.03, 26.78 - calling API...
[SAVED] 27.03, 26.78 → country: مصر
[CACHE MISS] -59.4, 144.38 - calling API...
[SAVED] -59.4, 144.38 → unknown: unknown
[CACHE MISS] 38.7, -28.66 - calling API...
[SAVED] 38.7, -28.66 → country: Portugal
[CACHE MISS] -45.18, 116.74 - calling API...
[SAVED] -45.18, 116.74 → unknown: unknown
[CACHE MISS] 53.28, -144.42 - calling API...
[SAVED] 53.28, -144.42 → unknown: unknown
[CACHE MISS] -43.52, 87.87 - calling API...
[SAVED] -43.52, 87.87 → unknown: unknown
[CACHE MISS] 43.53, -158.59 - calling API...
[SAVED] 43.53, -158.59 → unknown: unknown
[CACHE MISS] -23.67, -104.49 - calling API...
[SAVED] -23.67, -104.49 → unknown: unknown
[CACHE MISS] 71.32, 67.34 - calling API...
[SAVED] 71.32, 67.34 → country: Россия
[CACHE MISS] 31.73, 101.1 - calling API...
[SAVED] 31.73, 101.1 → country: 中国
[CACHE MISS] 15.34, 111.37 - calling API...
[SAVED] 15.34, 111.37 → unknown: unknown
[CACHE MISS] 40.56, 134.23 - calling API...
[SAVED] 40.56, 134.23 → unknown: unknown
[CACHE MISS] 39.05, 154.73 - calling API...
[SAVED] 39.05, 154.73 → unknown: unknown
[CACHE MISS] -45.08, 22.2 - calling API...
[SAVED] -45.08, 22.2 → unknown: unknown
[CACHE MISS] 23.26, -34.88 - calling API...
[SAVED] 23.26, -34.88 → unknown: unknown
[CACHE MISS] -66.81, 116.35 - calling API...
[SAVED] -66.81, 116.35 → unknown: unknown
[CACHE MISS] 68.87, -14.38 - calling API...
[SAVED] 68.87, -14.38 → unknown: unknown
[CACHE MISS] -45.48, 74 - calling API...
[SAVED] -45.48, 74 → unknown: unknown
[CACHE MISS] -11.94, -116.1 - calling API...
[SAVED] -11.94, -116.1 → unknown: unknown
[CACHE MISS] -1.38, -22.31 - calling API...
[SAVED] -1.38, -22.31 → unknown: unknown
[CACHE MISS] -13.07, 141.45 - calling API...
[SAVED] -13.07, 141.45 → country: Australia
[CACHE MISS] -19.79, -25.56 - calling API...
[SAVED] -19.79, -25.56 → unknown: unknown
[CACHE MISS] 24.82, -48.01 - calling API...
[SAVED] 24.82, -48.01 → unknown: unknown
[CACHE MISS] 30.74, -83.21 - calling API...
[SAVED] 30.74, -83.21 → country: United States
[CACHE MISS] -10.04, 126.05 - calling API...
[SAVED] -10.04, 126.05 → unknown: unknown
[CACHE MISS] -44.84, -14.92 - calling API...
[SAVED] -44.84, -14.92 → unknown: unknown
[CACHE MISS] 72.46, 152.49 - calling API...
[SAVED] 72.46, 152.49 → unknown: unknown
[CACHE MISS] 67.29, 90.09 - calling API...
[SAVED] 67.29, 90.09 → country: Россия
[CACHE MISS] -78.89, 104.32 - calling API...
[SAVED] -78.89, 104.32 → unknown: unknown
[CACHE MISS] 65.18, 61.33 - calling API...
[SAVED] 65.18, 61.33 → country: Россия
[CACHE MISS] 20.85, 160.37 - calling API...
[SAVED] 20.85, 160.37 → unknown: unknown
[CACHE MISS] -44.95, 61.15 - calling API...
[SAVED] -44.95, 61.15 → unknown: unknown
[CACHE MISS] 28.45, 60.33 - calling API...
[SAVED] 28.45, 60.33 → country: ایران
[CACHE MISS] -78.02, 82.9 - calling API...
[SAVED] -78.02, 82.9 → unknown: unknown
[CACHE MISS] -27.99, -105.46 - calling API...
[SAVED] -27.99, -105.46 → unknown: unknown
[CACHE MISS] -26.07, -14.57 - calling API...
[SAVED] -26.07, -14.57 → unknown: unknown
[CACHE MISS] -13.62, 142.58 - calling API...
[SAVED] -13.62, 142.58 → country: Australia
[CACHE MISS] 37.65, -121.06 - calling API...
[SAVED] 37.65, -121.06 → country: United States
[CACHE MISS] -49.72, -140.25 - calling API...
[SAVED] -49.72, -140.25 → unknown: unknown
[CACHE MISS] 5.25, -100.67 - calling API...
[SAVED] 5.25, -100.67 → unknown: unknown
[CACHE MISS] 17.4, 40.9 - calling API...
[SAVED] 17.4, 40.9 → unknown: unknown
[CACHE MISS] 31.54, -132.66 - calling API...
[SAVED] 31.54, -132.66 → unknown: unknown
[CACHE MISS] 81.78, 47.43 - calling API...
[SAVED] 81.78, 47.43 → unknown: unknown
[CACHE MISS] 46.85, 139.98 - calling API...
[SAVED] 46.85, 139.98 → unknown: unknown
[CACHE MISS] 57.79, -112.39 - calling API...
[SAVED] 57.79, -112.39 → country: Canada
[CACHE MISS] 71.93, -29.35 - calling API...
[SAVED] 71.93, -29.35 → country: Kalaallit Nunaat
[CACHE MISS] 69.2, -3.57 - calling API...
[SAVED] 69.2, -3.57 → unknown: unknown
[CACHE MISS] -70, -4.12 - calling API...
[SAVED] -70, -4.12 → unknown: unknown
[CACHE MISS] 42.48, -137.94 - calling API...
[SAVED] 42.48, -137.94 → unknown: unknown
[CACHE MISS] -78.76, -110.38 - calling API...
[SAVED] -78.76, -110.38 → unknown: unknown
[CACHE MISS] 76.84, -94.03 - calling API...
[SAVED] 76.84, -94.03 → country: Canada
[CACHE MISS] -51.95, 14.24 - calling API...
[SAVED] -51.95, 14.24 → unknown: unknown
[CACHE MISS] 33.8, 11.21 - calling API...
[SAVED] 33.8, 11.21 → country: تونس
[CACHE MISS] 66.94, -51.08 - calling API...
[SAVED] 66.94, -51.08 → country: Kalaallit Nunaat
[CACHE MISS] -37.53, -140.73 - calling API...
[SAVED] -37.53, -140.73 → unknown: unknown
[CACHE MISS] -10.1, 74.64 - calling API...
[SAVED] -10.1, 74.64 → unknown: unknown
[CACHE MISS] 65.72, 54.53 - calling API...
[SAVED] 65.72, 54.53 → country: Россия
[CACHE MISS] -22.25, 74.52 - calling API...
[SAVED] -22.25, 74.52 → unknown: unknown
[CACHE MISS] 44.38, 38.52 - calling API...
[SAVED] 44.38, 38.52 → country: Россия
[CACHE MISS] -44.99, 27.79 - calling API...
[SAVED] -44.99, 27.79 → unknown: unknown
[CACHE MISS] -21.5, 48.34 - calling API...
[SAVED] -21.5, 48.34 → country: Madagasikara / Madagascar
[CACHE MISS] 25.84, 179.1 - calling API...
[SAVED] 25.84, 179.1 → unknown: unknown
[CACHE MISS] -56.33, 67.46 - calling API...
[SAVED] -56.33, 67.46 → unknown: unknown
[CACHE MISS] 0.87, 178.95 - calling API...
[SAVED] 0.87, 178.95 → unknown: unknown
[CACHE MISS] -2.9, -4.91 - calling API...
[SAVED] -2.9, -4.91 → unknown: unknown
[CACHE MISS] 5.03, -130.25 - calling API...
[SAVED] 5.03, -130.25 → unknown: unknown
[CACHE MISS] 1.59, -56.44 - calling API...
[SAVED] 1.59, -56.44 → country: Brasil
[CACHE MISS] 28.85, -26.83 - calling API...
[SAVED] 28.85, -26.83 → unknown: unknown
[CACHE MISS] -43.42, -127.81 - calling API...
[SAVED] -43.42, -127.81 → unknown: unknown
[CACHE MISS] -5.62, -137.19 - calling API...
[SAVED] -5.62, -137.19 → unknown: unknown
[CACHE MISS] 31.39, -0.01 - calling API...
[SAVED] 31.39, -0.01 → country: Algérie ⵍⵣⵣⴰⵢⴻⵔ الجزائر
[CACHE MISS] 12.52, 105.31 - calling API...
[SAVED] 12.52, 105.31 → country: ព្រះរាជាណាចក្រ​កម្ពុជា
[CACHE MISS] 37.49, -113.74 - calling API...
[SAVED] 37.49, -113.74 → country: United States
[CACHE MISS] 28.21, -68.7 - calling API...
[SAVED] 28.21, -68.7 → unknown: unknown
[CACHE MISS] -1.93, -171.65 - calling API...
[SAVED] -1.93, -171.65 → unknown: unknown
[CACHE MISS] -49.67, 68.08 - calling API...
[SAVED] -49.67, 68.08 → unknown: unknown
[CACHE MISS] 0.53, 103.54 - calling API...
[SAVED] 0.53, 103.54 → country: Indonesia
[CACHE MISS] -53.71, -41.59 - calling API...
[SAVED] -53.71, -41.59 → unknown: unknown
[CACHE MISS] -45.16, -172.85 - calling API...
[SAVED] -45.16, -172.85 → unknown: unknown
[CACHE MISS] -5.68, -122.84 - calling API...
[SAVED] -5.68, -122.84 → unknown: unknown
[CACHE MISS] -53.47, 138.98 - calling API...
[SAVED] -53.47, 138.98 → unknown: unknown
[CACHE MISS] 82.82, 130.78 - calling API...
[SAVED] 82.82, 130.78 → unknown: unknown
[CACHE MISS] 50.51, 110 - calling API...
[SAVED] 50.51, 110 → country: Россия
[CACHE MISS] -51.63, 88.71 - calling API...
[SAVED] -51.63, 88.71 → unknown: unknown
[CACHE MISS] 45.36, -93.15 - calling API...
[SAVED] 45.36, -93.15 → country: United States
[CACHE MISS] 7.43, -100 - calling API...
[SAVED] 7.43, -100 → unknown: unknown
[CACHE MISS] 21.79, -162.49 - calling API...
[SAVED] 21.79, -162.49 → unknown: unknown
[CACHE MISS] -47.13, 62.15 - calling API...
[SAVED] -47.13, 62.15 → unknown: unknown
[CACHE MISS] 32.33, 141.08 - calling API...
[SAVED] 32.33, 141.08 → unknown: unknown
[CACHE MISS] 31.02, 12.56 - calling API...
[SAVED] 31.02, 12.56 → country: ليبيا
[CACHE MISS] -4.78, -118.72 - calling API...
[SAVED] -4.78, -118.72 → unknown: unknown
[CACHE MISS] -28.28, -127.86 - calling API...
[SAVED] -28.28, -127.86 → unknown: unknown
[CACHE MISS] -54.88, 142.14 - calling API...
[SAVED] -54.88, 142.14 → unknown: unknown
[CACHE MISS] -29.12, -106.63 - calling API...
[SAVED] -29.12, -106.63 → unknown: unknown
[CACHE MISS] 3.04, -129.72 - calling API...
[SAVED] 3.04, -129.72 → unknown: unknown
[CACHE MISS] -18.31, 118.24 - calling API...
[SAVED] -18.31, 118.24 → unknown: unknown
[CACHE MISS] -20.14, 5.14 - calling API...
[SAVED] -20.14, 5.14 → unknown: unknown
[CACHE MISS] 50.71, -59.03 - calling API...
[SAVED] 50.71, -59.03 → country: Canada
[CACHE MISS] -57.22, 111.62 - calling API...
[SAVED] -57.22, 111.62 → unknown: unknown
[CACHE MISS] -20.99, -146.9 - calling API...
[SAVED] -20.99, -146.9 → unknown: unknown
[CACHE MISS] -54.64, 17.6 - calling API...
[SAVED] -54.64, 17.6 → unknown: unknown
[CACHE MISS] 40.62, -83.05 - calling API...
[SAVED] 40.62, -83.05 → country: United States
[CACHE MISS] -78, -36.84 - calling API...
[SAVED] -78, -36.84 → unknown: unknown
[CACHE MISS] 37.7, -42.38 - calling API...
[SAVED] 37.7, -42.38 → unknown: unknown
[CACHE MISS] 52.69, 159.45 - calling API...
[SAVED] 52.69, 159.45 → country: Россия
[CACHE MISS] 68.99, -73.94 - calling API...
[SAVED] 68.99, -73.94 → country: Canada
[CACHE MISS] -42.41, 52.07 - calling API...
[SAVED] -42.41, 52.07 → unknown: unknown
[CACHE MISS] -72.33, 152.5 - calling API...
[SAVED] -72.33, 152.5 → unknown: unknown
[CACHE MISS] 33.03, 147.15 - calling API...
[SAVED] 33.03, 147.15 → unknown: unknown
[CACHE MISS] 68.69, -98.92 - calling API...
[SAVED] 68.69, -98.92 → country: Canada
[CACHE MISS] 47.02, 38.23 - calling API...
[SAVED] 47.02, 38.23 → country: Україна
[CACHE MISS] 12.92, -164.02 - calling API...
[SAVED] 12.92, -164.02 → unknown: unknown
[CACHE MISS] 11.42, -43.92 - calling API...
[SAVED] 11.42, -43.92 → unknown: unknown
[CACHE MISS] 44.91, -14.38 - calling API...
[SAVED] 44.91, -14.38 → unknown: unknown
[CACHE MISS] 56.12, 130.2 - calling API...
[SAVED] 56.12, 130.2 → country: Россия
[CACHE MISS] 55.44, -74.61 - calling API...
[SAVED] 55.44, -74.61 → country: Canada
[CACHE MISS] -7.46, 161.36 - calling API...
[SAVED] -7.46, 161.36 → unknown: unknown
[CACHE MISS] 22.6, 34.96 - calling API...
[SAVED] 22.6, 34.96 → country: مصر
[CACHE MISS] 31.48, -174.65 - calling API...
[SAVED] 31.48, -174.65 → unknown: unknown
[CACHE MISS] 9.06, -83.01 - calling API...
[SAVED] 9.06, -83.01 → country: Costa Rica
[CACHE MISS] -4.7, -31.36 - calling API...
[SAVED] -4.7, -31.36 → unknown: unknown
[CACHE MISS] -67.8, -126.55 - calling API...
[SAVED] -67.8, -126.55 → unknown: unknown
[CACHE MISS] -5.92, -174.72 - calling API...
[SAVED] -5.92, -174.72 → unknown: unknown
[CACHE MISS] -55.46, 104.44 - calling API...
[SAVED] -55.46, 104.44 → unknown: unknown
[CACHE MISS] -58.25, 64.73 - calling API...
[SAVED] -58.25, 64.73 → unknown: unknown
[CACHE MISS] -47.3, 24.08 - calling API...
[SAVED] -47.3, 24.08 → unknown: unknown
[CACHE MISS] 69.75, -142.66 - calling API...
[SAVED] 69.75, -142.66 → country: United States
[CACHE MISS] -5.71, 50.85 - calling API...
[SAVED] -5.71, 50.85 → unknown: unknown
[CACHE MISS] -73.71, 105.47 - calling API...
[SAVED] -73.71, 105.47 → unknown: unknown
[CACHE MISS] -18.04, 165 - calling API...
[SAVED] -18.04, 165 → unknown: unknown
[CACHE MISS] 35.33, 150.8 - calling API...
[SAVED] 35.33, 150.8 → unknown: unknown
[CACHE MISS] 51.78, -38.73 - calling API...
[SAVED] 51.78, -38.73 → unknown: unknown
[CACHE MISS] 67.58, -76.4 - calling API...
[SAVED] 67.58, -76.4 → country: Canada
[CACHE MISS] 1.5, 81.82 - calling API...
[SAVED] 1.5, 81.82 → unknown: unknown
[CACHE MISS] -7.33, -156.79 - calling API...
[SAVED] -7.33, -156.79 → unknown: unknown
[CACHE MISS] -7.05, -11.47 - calling API...
[SAVED] -7.05, -11.47 → unknown: unknown
[CACHE MISS] -9.49, -112.82 - calling API...
[SAVED] -9.49, -112.82 → unknown: unknown
[CACHE MISS] -44.19, 130.7 - calling API...
[SAVED] -44.19, 130.7 → unknown: unknown
[CACHE MISS] 38.61, 159.51 - calling API...
[SAVED] 38.61, 159.51 → unknown: unknown
[CACHE MISS] -72.78, 80.13 - calling API...
[SAVED] -72.78, 80.13 → unknown: unknown
[CACHE MISS] 27.99, 31.83 - calling API...
[SAVED] 27.99, 31.83 → country: مصر
[CACHE MISS] -53.81, -153.86 - calling API...
[SAVED] -53.81, -153.86 → unknown: unknown
[CACHE MISS] -73.27, 17.16 - calling API...
[SAVED] -73.27, 17.16 → unknown: unknown
[CACHE MISS] -29.08, -88.43 - calling API...
[SAVED] -29.08, -88.43 → unknown: unknown
[CACHE MISS] 18.94, 153.1 - calling API...
[SAVED] 18.94, 153.1 → unknown: unknown
[CACHE MISS] -45.02, -112.34 - calling API...
[SAVED] -45.02, -112.34 → unknown: unknown
[CACHE MISS] 70.55, 167.62 - calling API...
[SAVED] 70.55, 167.62 → unknown: unknown
[CACHE MISS] -40.57, 50.82 - calling API...
[SAVED] -40.57, 50.82 → unknown: unknown
[CACHE MISS] -34.61, 129.67 - calling API...
[SAVED] -34.61, 129.67 → unknown: unknown
[CACHE MISS] 13.97, 99.35 - calling API...
[SAVED] 13.97, 99.35 → country: ประเทศไทย
[CACHE MISS] -33.83, -120.53 - calling API...
[SAVED] -33.83, -120.53 → unknown: unknown
[CACHE MISS] 25.52, -116.43 - calling API...
[SAVED] 25.52, -116.43 → unknown: unknown
[CACHE MISS] -22.23, 142.31 - calling API...
[SAVED] -22.23, 142.31 → country: Australia
[CACHE MISS] 60.69, -59.59 - calling API...
[SAVED] 60.69, -59.59 → unknown: unknown
[CACHE MISS] 27.55, -135.69 - calling API...
[SAVED] 27.55, -135.69 → unknown: unknown
[CACHE MISS] -1.57, 104.09 - calling API...
[SAVED] -1.57, 104.09 → country: Indonesia
[CACHE MISS] 29.86, -8.65 - calling API...
[SAVED] 29.86, -8.65 → country: Maroc ⵍⵎⵖⵔⵉⴱ المغرب
[CACHE MISS] -50.56, 139.08 - calling API...
[SAVED] -50.56, 139.08 → unknown: unknown
[CACHE MISS] 81.77, -37.24 - calling API...
[SAVED] 81.77, -37.24 → country: Kalaallit Nunaat
[CACHE MISS] 49.07, 68.58 - calling API...
[SAVED] 49.07, 68.58 → country: Қазақстан
[CACHE MISS] 4.6, -139.7 - calling API...
[SAVED] 4.6, -139.7 → unknown: unknown
[CACHE MISS] -11.17, 124.48 - calling API...
[SAVED] -11.17, 124.48 → unknown: unknown
[CACHE MISS] -0.47, -169.72 - calling API...
[SAVED] -0.47, -169.72 → unknown: unknown
[CACHE MISS] 5.43, -137.84 - calling API...
[SAVED] 5.43, -137.84 → unknown: unknown
[CACHE MISS] -80.36, 41.65 - calling API...
[SAVED] -80.36, 41.65 → unknown: unknown
[CACHE MISS] -65.66, 83.47 - calling API...
[SAVED] -65.66, 83.47 → unknown: unknown
[CACHE MISS] 31.13, -89.55 - calling API...
[SAVED] 31.13, -89.55 → country: United States
[CACHE MISS] 18.06, -116.83 - calling API...
[SAVED] 18.06, -116.83 → unknown: unknown
[CACHE MISS] 55.01, -139.85 - calling API...
[SAVED] 55.01, -139.85 → unknown: unknown
[CACHE MISS] -70.49, 103.03 - calling API...
[SAVED] -70.49, 103.03 → unknown: unknown
[CACHE MISS] -66.22, -157.98 - calling API...
[SAVED] -66.22, -157.98 → unknown: unknown
[CACHE MISS] 78.93, -19.39 - calling API...
[SAVED] 78.93, -19.39 → country: Kalaallit Nunaat
[CACHE MISS] 20.69, 25.25 - calling API...
[SAVED] 20.69, 25.25 → country: السودان
[CACHE MISS] 11.83, -82.52 - calling API...
[SAVED] 11.83, -82.52 → unknown: unknown
[CACHE MISS] 17.58, 80.88 - calling API...
[SAVED] 17.58, 80.88 → country: India
[CACHE MISS] -43.68, -18.26 - calling API...
[SAVED] -43.68, -18.26 → unknown: unknown
[CACHE MISS] 5.26, -35.52 - calling API...
[SAVED] 5.26, -35.52 → unknown: unknown
[CACHE MISS] -6.96, 131.6 - calling API...
[SAVED] -6.96, 131.6 → country: Indonesia
[CACHE MISS] -32.64, 9.73 - calling API...
[SAVED] -32.64, 9.73 → unknown: unknown
[CACHE MISS] 25.28, -108.75 - calling API...
[SAVED] 25.28, -108.75 → country: México
[CACHE MISS] -40.89, 33.78 - calling API...
[SAVED] -40.89, 33.78 → unknown: unknown
[CACHE MISS] -20.72, -156.3 - calling API...
[SAVED] -20.72, -156.3 → unknown: unknown
[CACHE MISS] 81.09, -20.54 - calling API...
[SAVED] 81.09, -20.54 → country: Kalaallit Nunaat
[CACHE MISS] -7.63, -145.59 - calling API...
[SAVED] -7.63, -145.59 → unknown: unknown
[CACHE MISS] 64.39, -136.5 - calling API...
[SAVED] 64.39, -136.5 → country: Canada
[CACHE MISS] -37.43, -104.7 - calling API...
[SAVED] -37.43, -104.7 → unknown: unknown
[CACHE MISS] 21.01, -123.77 - calling API...
[SAVED] 21.01, -123.77 → unknown: unknown
[CACHE MISS] 25.14, -124.59 - calling API...
[SAVED] 25.14, -124.59 → unknown: unknown
[CACHE MISS] 15.45, -27.3 - calling API...
[SAVED] 15.45, -27.3 → unknown: unknown
[CACHE MISS] 10.2, -172.38 - calling API...
[SAVED] 10.2, -172.38 → unknown: unknown
[CACHE MISS] 18.23, -157.28 - calling API...
[SAVED] 18.23, -157.28 → unknown: unknown
[CACHE MISS] -27.03, -103.78 - calling API...
[SAVED] -27.03, -103.78 → unknown: unknown
[CACHE MISS] 40.35, 159.05 - calling API...
[SAVED] 40.35, 159.05 → unknown: unknown
[CACHE MISS] -46.52, -145.1 - calling API...
[SAVED] -46.52, -145.1 → unknown: unknown
[CACHE MISS] 2.33, 78.78 - calling API...
[SAVED] 2.33, 78.78 → unknown: unknown
[CACHE MISS] -57.89, -43.2 - calling API...
[SAVED] -57.89, -43.2 → unknown: unknown
[CACHE MISS] -48.18, 79.09 - calling API...
[SAVED] -48.18, 79.09 → unknown: unknown
[CACHE MISS] 50.6, -22.16 - calling API...
[SAVED] 50.6, -22.16 → unknown: unknown
[CACHE MISS] 40.12, 144.79 - calling API...
[SAVED] 40.12, 144.79 → unknown: unknown
[CACHE MISS] 25.68, -42 - calling API...
[SAVED] 25.68, -42 → unknown: unknown
[CACHE MISS] -27.47, 165.98 - calling API...
[SAVED] -27.47, 165.98 → unknown: unknown
[CACHE MISS] -88.07, 33.4 - calling API...
[SAVED] -88.07, 33.4 → unknown: unknown
[CACHE MISS] -6.15, -158.04 - calling API...
[SAVED] -6.15, -158.04 → unknown: unknown
[CACHE MISS] -42.97, -113.3 - calling API...
[SAVED] -42.97, -113.3 → unknown: unknown
[CACHE MISS] -24.44, 6.52 - calling API...
[SAVED] -24.44, 6.52 → unknown: unknown
[CACHE MISS] 29.48, 172.12 - calling API...
[SAVED] 29.48, 172.12 → ocean: North Pacific Ocean
[CACHE MISS] 32.1, -52.02 - calling API...
[SAVED] 32.1, -52.02 → ocean: North Atlantic Ocean
[CACHE MISS] -30.18, -57.01 - calling API...
[SAVED] -30.18, -57.01 → country: Uruguay
[CACHE MISS] -79.95, 136.85 - calling API...
[SAVED] -79.95, 136.85 → unknown: unknown
[CACHE MISS] 12.79, -117.54 - calling API...
[SAVED] 12.79, -117.54 → ocean: North Pacific Ocean
[CACHE MISS] -18.23, -0.34 - calling API...
[SAVED] -18.23, -0.34 → ocean: South Atlantic Ocean
[CACHE MISS] -50.19, 100.04 - calling API...
[SAVED] -50.19, 100.04 → ocean: Indian Ocean
[CACHE MISS] 69.96, 21.37 - calling API...
[SAVED] 69.96, 21.37 → country: Norge
[CACHE MISS] 46.94, 56.24 - calling API...
[SAVED] 46.94, 56.24 → country: Қазақстан
[CACHE MISS] 18.09, -86.35 - calling API...
[SAVED] 18.09, -86.35 → ocean: Caribbean Sea
[CACHE MISS] -6.22, 30.01 - calling API...
[SAVED] -6.22, 30.01 → country: Tanzania
[CACHE MISS] 32.72, -85.53 - calling API...
[SAVED] 32.72, -85.53 → country: United States
[CACHE MISS] -60.5, 47.69 - calling API...
[SAVED] -60.5, 47.69 → ocean: Indian Ocean
[CACHE MISS] 41.35, 173.89 - calling API...
[SAVED] 41.35, 173.89 → ocean: North Pacific Ocean
[CACHE MISS] -24.97, -154.95 - calling API...
[SAVED] -24.97, -154.95 → ocean: South Pacific Ocean
[CACHE MISS] -44.05, -31.15 - calling API...
[SAVED] -44.05, -31.15 → ocean: South Atlantic Ocean
[CACHE MISS] 31.11, -33.55 - calling API...
[SAVED] 31.11, -33.55 → ocean: North Atlantic Ocean
[CACHE MISS] -39.08, -159.72 - calling API...
[SAVED] -39.08, -159.72 → ocean: South Pacific Ocean
[CACHE MISS] 75.1, -58.75 - calling API...
[SAVED] 75.1, -58.75 → country: Kalaallit Nunaat
[CACHE MISS] -54.95, -159 - calling API...
[SAVED] -54.95, -159 → ocean: South Pacific Ocean
[CACHE MISS] -53.89, 164.99 - calling API...
[SAVED] -53.89, 164.99 → ocean: South Pacific Ocean
[CACHE MISS] 80.6, -55.38 - calling API...
[SAVED] 80.6, -55.38 → country: Kalaallit Nunaat
[CACHE MISS] -48.12, 151.55 - calling API...
[SAVED] -48.12, 151.55 → ocean: South Pacific Ocean
[CACHE MISS] -23.95, 109.31 - calling API...
[SAVED] -23.95, 109.31 → ocean: Indian Ocean
[CACHE MISS] -13.76, 60.41 - calling API...
[SAVED] -13.76, 60.41 → ocean: Indian Ocean
[CACHE MISS] 51.61, -149.94 - calling API...
[SAVED] 51.61, -149.94 → ocean: North Pacific Ocean
[CACHE MISS] 53.02, -42.96 - calling API...
[SAVED] 53.02, -42.96 → ocean: North Atlantic Ocean
[CACHE MISS] 54.39, 132.59 - calling API...
[SAVED] 54.39, 132.59 → country: Россия
[CACHE MISS] -51.4, 113.81 - calling API...
[SAVED] -51.4, 113.81 → ocean: Indian Ocean
[CACHE MISS] -36.45, -85.08 - calling API...
[SAVED] -36.45, -85.08 → ocean: South Pacific Ocean
[CACHE MISS] 12.37, 39.67 - calling API...
[SAVED] 12.37, 39.67 → country: ኢትዮጵያ إثيوبيا
[CACHE MISS] 13.03, 132.15 - calling API...
[SAVED] 13.03, 132.15 → ocean: Philippine Sea
[CACHE MISS] -37.86, -156.06 - calling API...
[SAVED] -37.86, -156.06 → ocean: South Pacific Ocean
[CACHE MISS] -71.23, -110.98 - calling API...
[SAVED] -71.23, -110.98 → ocean: South Pacific Ocean
[CACHE MISS] 78.3, -89.42 - calling API...
[SAVED] 78.3, -89.42 → country: Canada
[CACHE MISS] 23.68, -142.59 - calling API...
[SAVED] 23.68, -142.59 → ocean: North Pacific Ocean
[CACHE MISS] 5.04, 84.8 - calling API...
[SAVED] 5.04, 84.8 → ocean: Indian Ocean
[CACHE MISS] -42.42, 96.56 - calling API...
[SAVED] -42.42, 96.56 → ocean: Indian Ocean
[CACHE MISS] 23.33, 43.85 - calling API...
[SAVED] 23.33, 43.85 → country: السعودية
[CACHE MISS] -11.71, -99.5 - calling API...
[SAVED] -11.71, -99.5 → ocean: South Pacific Ocean
[CACHE MISS] -41.07, 32.04 - calling API...
[SAVED] -41.07, 32.04 → ocean: Indian Ocean
[CACHE MISS] -39.05, 11.93 - calling API...
[SAVED] -39.05, 11.93 → ocean: South Atlantic Ocean
[CACHE MISS] -49.62, -141.44 - calling API...
[SAVED] -49.62, -141.44 → ocean: South Pacific Ocean
[CACHE MISS] 22.04, 27.27 - calling API...
[SAVED] 22.04, 27.27 → country: مصر
[CACHE MISS] -43.64, -120.74 - calling API...
[SAVED] -43.64, -120.74 → ocean: South Pacific Ocean
[CACHE MISS] -11.14, 18.05 - calling API...
[SAVED] -11.14, 18.05 → country: Angola
[CACHE MISS] 68.18, 35.91 - calling API...
[SAVED] 68.18, 35.91 → country: Россия
[CACHE MISS] 8.04, -40.08 - calling API...
[SAVED] 8.04, -40.08 → ocean: North Atlantic Ocean
[CACHE MISS] -38.97, -93.01 - calling API...
[SAVED] -38.97, -93.01 → ocean: South Pacific Ocean
[CACHE MISS] 25.19, -158.02 - calling API...
[SAVED] 25.19, -158.02 → ocean: North Pacific Ocean
[CACHE MISS] 47.39, 75.32 - calling API...
[SAVED] 47.39, 75.32 → country: Қазақстан
[CACHE MISS] 32.44, 87.27 - calling API...
[SAVED] 32.44, 87.27 → country: 中国
[CACHE MISS] 2.03, 68.58 - calling API...
[SAVED] 2.03, 68.58 → ocean: Arabian Sea
[CACHE MISS] 16.98, -26.76 - calling API...
[SAVED] 16.98, -26.76 → ocean: North Atlantic Ocean
[CACHE MISS] -69.66, 103.07 - calling API...
[SAVED] -69.66, 103.07 → unknown: unknown
[CACHE MISS] 42.84, 131.94 - calling API...
[SAVED] 42.84, 131.94 → country: Россия
[CACHE MISS] -49.19, 147.23 - calling API...
[SAVED] -49.19, 147.23 → ocean: South Pacific Ocean
[CACHE MISS] -20.5, -117.88 - calling API...
[SAVED] -20.5, -117.88 → ocean: South Pacific Ocean
[CACHE MISS] -46.52, 83.93 - calling API...
[SAVED] -46.52, 83.93 → ocean: Indian Ocean
[CACHE MISS] -21.09, 176.03 - calling API...
[SAVED] -21.09, 176.03 → ocean: South Pacific Ocean
[CACHE MISS] -64.83, 17.11 - calling API...
[SAVED] -64.83, 17.11 → ocean: South Atlantic Ocean
[CACHE MISS] 22.19, 116.89 - calling API...
[SAVED] 22.19, 116.89 → ocean: South China Sea
[CACHE MISS] 62.19, -177.18 - calling API...
[SAVED] 62.19, -177.18 → ocean: Bering Sea
[CACHE MISS] -71.02, -23.25 - calling API...
[SAVED] -71.02, -23.25 → ocean: South Atlantic Ocean
[CACHE MISS] 79.53, 104.11 - calling API...
[SAVED] 79.53, 104.11 → ocean: Laptev Sea
[CACHE MISS] 46.08, 137.85 - calling API...
[SAVED] 46.08, 137.85 → country: Россия
[CACHE MISS] -3.65, 17.71 - calling API...
[SAVED] -3.65, 17.71 → country: République démocratique du Congo
[CACHE MISS] 75.34, -64.87 - calling API...
[SAVED] 75.34, -64.87 → ocean: Baffin Bay
[CACHE MISS] -45.52, 49.12 - calling API...
[SAVED] -45.52, 49.12 → ocean: Indian Ocean
[CACHE MISS] -53.95, 30.44 - calling API...
[SAVED] -53.95, 30.44 → ocean: Indian Ocean
[CACHE MISS] 5.22, 157.04 - calling API...
[SAVED] 5.22, 157.04 → ocean: North Pacific Ocean
[CACHE MISS] -64.39, -4.56 - calling API...
[SAVED] -64.39, -4.56 → ocean: South Atlantic Ocean
[CACHE MISS] 11.72, 51.48 - calling API...
[SAVED] 11.72, 51.48 → ocean: Arabian Sea
[CACHE MISS] 72.44, -55.5 - calling API...
[SAVED] 72.44, -55.5 → country: Kalaallit Nunaat
[CACHE MISS] -5.97, -83.93 - calling API...
[SAVED] -5.97, -83.93 → country: Perú
[CACHE MISS] -26.55, 148.1 - calling API...
[SAVED] -26.55, 148.1 → country: Australia
[CACHE MISS] -18.42, 91.34 - calling API...
[SAVED] -18.42, 91.34 → ocean: Indian Ocean
[CACHE MISS] 82.93, 153.47 - calling API...
[SAVED] 82.93, 153.47 → ocean: Arctic Ocean
[CACHE MISS] -24.65, -65.87 - calling API...
[SAVED] -24.65, -65.87 → country: Argentina
[CACHE MISS] -81.19, -17.11 - calling API...
[SAVED] -81.19, -17.11 → unknown: unknown
[CACHE MISS] -8.94, 172.88 - calling API...
[SAVED] -8.94, 172.88 → ocean: South Pacific Ocean
[CACHE MISS] 25.43, 120.98 - calling API...
[SAVED] 25.43, 120.98 → ocean: East China Sea
[CACHE MISS] 40.25, 66.2 - calling API...
[SAVED] 40.25, 66.2 → country: Oʻzbekiston
[CACHE MISS] -60.5, 103.34 - calling API...
[SAVED] -60.5, 103.34 → ocean: Indian Ocean
[CACHE MISS] -88.06, -45.74 - calling API...
[SAVED] -88.06, -45.74 → unknown: unknown
[CACHE MISS] 5.99, -141.91 - calling API...
[SAVED] 5.99, -141.91 → ocean: North Pacific Ocean
[CACHE MISS] -8.96, 112.08 - calling API...
[SAVED] -8.96, 112.08 → ocean: Indian Ocean
[CACHE MISS] 1.07, 139.09 - calling API...
[SAVED] 1.07, 139.09 → ocean: North Pacific Ocean
[CACHE MISS] -8.44, 10.51 - calling API...
[SAVED] -8.44, 10.51 → ocean: South Atlantic Ocean
[CACHE MISS] 21.58, 131.45 - calling API...
[SAVED] 21.58, 131.45 → ocean: Philippine Sea
[CACHE MISS] -5.59, 136.69 - calling API...
[SAVED] -5.59, 136.69 → ocean: Aru Sea
[CACHE MISS] -18.3, 153.51 - calling API...
[SAVED] -18.3, 153.51 → ocean: Coral Sea
[CACHE MISS] -0.19, -179.34 - calling API...
[SAVED] -0.19, -179.34 → ocean: South Pacific Ocean
[CACHE MISS] 10.64, -146.99 - calling API...
[SAVED] 10.64, -146.99 → ocean: North Pacific Ocean
[CACHE MISS] -40.04, -93.11 - calling API...
[SAVED] -40.04, -93.11 → ocean: South Pacific Ocean
[CACHE MISS] 16.41, -145.93 - calling API...
[SAVED] 16.41, -145.93 → ocean: North Pacific Ocean
[CACHE MISS] -41.69, -154.32 - calling API...
[SAVED] -41.69, -154.32 → ocean: South Pacific Ocean
[CACHE MISS] 12.48, 37.63 - calling API...
[SAVED] 12.48, 37.63 → country: ኢትዮጵያ إثيوبيا
[CACHE MISS] 53.39, 69.17 - calling API...
[SAVED] 53.39, 69.17 → country: Қазақстан
[CACHE MISS] -61.42, -105.16 - calling API...
[SAVED] -61.42, -105.16 → ocean: South Pacific Ocean
[CACHE MISS] 29.7, -163.05 - calling API...
[SAVED] 29.7, -163.05 → ocean: North Pacific Ocean
[CACHE MISS] 41.1, -172.98 - calling API...
[SAVED] 41.1, -172.98 → ocean: North Pacific Ocean
[CACHE MISS] 32.18, -52.23 - calling API...
[SAVED] 32.18, -52.23 → ocean: North Atlantic Ocean
[CACHE MISS] 41.75, 106.81 - calling API...
[SAVED] 41.75, 106.81 → country: 中国
[CACHE MISS] 8.07, 39.51 - calling API...
[SAVED] 8.07, 39.51 → country: ኢትዮጵያ إثيوبيا
[CACHE MISS] -9.43, 152.15 - calling API...
[SAVED] -9.43, 152.15 → country: Papua Niugini
[CACHE MISS] 29.24, -72.02 - calling API...
[SAVED] 29.24, -72.02 → unknown: unknown
[CACHE MISS] 13.33, -52.58 - calling API...
[SAVED] 13.33, -52.58 → unknown: unknown
[CACHE MISS] 8.34, -148.4 - calling API...
[SAVED] 8.34, -148.4 → unknown: unknown
[CACHE MISS] -16.41, -79.81 - calling API...
[SAVED] -16.41, -79.81 → unknown: unknown
[CACHE MISS] -41.96, -75.29 - calling API...
[SAVED] -41.96, -75.29 → unknown: unknown
[CACHE MISS] -21.39, -142.5 - calling API...
[SAVED] -21.39, -142.5 → unknown: unknown
[CACHE MISS] 12.89, -88.48 - calling API...
[SAVED] 12.89, -88.48 → unknown: unknown
[CACHE MISS] -53.23, 29.22 - calling API...
[SAVED] -53.23, 29.22 → unknown: unknown
[CACHE MISS] 79.07, -3.28 - calling API...
[SAVED] 79.07, -3.28 → unknown: unknown
[CACHE MISS] 32.56, -132.46 - calling API...
[SAVED] 32.56, -132.46 → unknown: unknown
[CACHE MISS] 65.09, 12.82 - calling API...
[SAVED] 65.09, 12.82 → country: Norge
[CACHE MISS] 59.14, -135.82 - calling API...
[SAVED] 59.14, -135.82 → country: United States
[CACHE MISS] 13.9, -156.88 - calling API...
[SAVED] 13.9, -156.88 → unknown: unknown
[CACHE MISS] -24.34, 13.08 - calling API...
[SAVED] -24.34, 13.08 → unknown: unknown
[CACHE MISS] 43.02, 11.44 - calling API...
[SAVED] 43.02, 11.44 → country: Italia
[CACHE MISS] -9.36, -63.72 - calling API...
[SAVED] -9.36, -63.72 → country: Brasil
[CACHE MISS] 72.08, 145.8 - calling API...
[SAVED] 72.08, 145.8 → country: Россия
[CACHE MISS] 81.62, 98.49 - calling API...
[SAVED] 81.62, 98.49 → unknown: unknown
[CACHE MISS] -14.66, 15.76 - calling API...
[SAVED] -14.66, 15.76 → country: Angola
[CACHE MISS] -18.32, 16.49 - calling API...
[SAVED] -18.32, 16.49 → country: Namibia
[CACHE MISS] -49.45, 58.5 - calling API...
[SAVED] -49.45, 58.5 → unknown: unknown
[CACHE MISS] -27.53, 169.09 - calling API...
[SAVED] -27.53, 169.09 → unknown: unknown
[CACHE MISS] 55.5, 102.45 - calling API...
[SAVED] 55.5, 102.45 → country: Россия
[CACHE MISS] 30.77, 177.94 - calling API...
[SAVED] 30.77, 177.94 → unknown: unknown
[CACHE MISS] -58.26, 41.47 - calling API...
[SAVED] -58.26, 41.47 → unknown: unknown
[CACHE MISS] -39.29, 19 - calling API...
[SAVED] -39.29, 19 → unknown: unknown
[CACHE MISS] 60.5, -40.63 - calling API...
[SAVED] 60.5, -40.63 → unknown: unknown
[CACHE MISS] -53.07, -58.42 - calling API...
[SAVED] -53.07, -58.42 → unknown: unknown
[CACHE MISS] 15.65, 142.71 - calling API...
[SAVED] 15.65, 142.71 → unknown: unknown
[CACHE MISS] -17.92, -55.59 - calling API...
[SAVED] -17.92, -55.59 → country: Brasil
[CACHE MISS] 69.19, -64.65 - calling API...
[SAVED] 69.19, -64.65 → unknown: unknown
[CACHE MISS] -44.87, 79.8 - calling API...
[SAVED] -44.87, 79.8 → unknown: unknown
[CACHE MISS] 18.02, 41.05 - calling API...
[SAVED] 18.02, 41.05 → country: السعودية
[CACHE MISS] -61.99, 118.23 - calling API...
[SAVED] -61.99, 118.23 → unknown: unknown
[CACHE MISS] -3.96, -138.58 - calling API...
GeoNames API error for -3.96, -138.58: fetch failed
[SAVED] -3.96, -138.58 → unknown: unknown
[CACHE MISS] 27.96, 14.41 - calling API...
[SAVED] 27.96, 14.41 → country: ليبيا
[CACHE MISS] -2.56, -68.85 - calling API...
[SAVED] -2.56, -68.85 → country: Brasil
[CACHE MISS] 57.54, 158.28 - calling API...
[SAVED] 57.54, 158.28 → country: Россия
[CACHE MISS] -48.75, -122.97 - calling API...
[SAVED] -48.75, -122.97 → unknown: unknown
[CACHE MISS] 60.37, 87.56 - calling API...
[SAVED] 60.37, 87.56 → country: Россия
[CACHE MISS] -83.56, 11.08 - calling API...
[SAVED] -83.56, 11.08 → unknown: unknown
[CACHE MISS] 73.72, -133.1 - calling API...
[SAVED] 73.72, -133.1 → unknown: unknown
[CACHE MISS] 14.57, 6.28 - calling API...
[SAVED] 14.57, 6.28 → country: Niger
[CACHE MISS] 80.76, 147.94 - calling API...
[SAVED] 80.76, 147.94 → unknown: unknown
[CACHE MISS] -8.03, 40.55 - calling API...
[SAVED] -8.03, 40.55 → unknown: unknown
[CACHE MISS] 65.91, -57.54 - calling API...
[SAVED] 65.91, -57.54 → unknown: unknown
[CACHE MISS] 24.05, 141.09 - calling API...
[SAVED] 24.05, 141.09 → unknown: unknown
[CACHE MISS] -77.13, -24.01 - calling API...
[SAVED] -77.13, -24.01 → unknown: unknown
[CACHE MISS] 47.13, 134.1 - calling API...
[SAVED] 47.13, 134.1 → country: 中国
[CACHE MISS] -16.31, -142.73 - calling API...
[SAVED] -16.31, -142.73 → unknown: unknown
[CACHE MISS] 30.05, 25.4 - calling API...
[SAVED] 30.05, 25.4 → country: مصر
[CACHE MISS] -29.97, -70.13 - calling API...
[SAVED] -29.97, -70.13 → country: Chile
[CACHE MISS] -17.07, -151.15 - calling API...
[SAVED] -17.07, -151.15 → unknown: unknown
[CACHE MISS] -15.45, -22.48 - calling API...
[SAVED] -15.45, -22.48 → unknown: unknown
[CACHE MISS] -46.93, 172.9 - calling API...
[SAVED] -46.93, 172.9 → unknown: unknown
[CACHE MISS] -3.83, 179.86 - calling API...
[SAVED] -3.83, 179.86 → unknown: unknown
[CACHE MISS] 49.02, -73.99 - calling API...
[SAVED] 49.02, -73.99 → country: Canada
[CACHE MISS] 46.21, -105.54 - calling API...
[SAVED] 46.21, -105.54 → country: United States
[CACHE MISS] -60.98, 106.6 - calling API...
[SAVED] -60.98, 106.6 → unknown: unknown
[CACHE MISS] 23.51, -97.89 - calling API...
[SAVED] 23.51, -97.89 → country: México
[CACHE MISS] -39.22, -118.32 - calling API...
[SAVED] -39.22, -118.32 → unknown: unknown
[CACHE MISS] 51.9, -41.54 - calling API...
[SAVED] 51.9, -41.54 → unknown: unknown
[CACHE MISS] -41.16, -83.89 - calling API...
[SAVED] -41.16, -83.89 → unknown: unknown
[CACHE MISS] -78.19, -76.04 - calling API...
[SAVED] -78.19, -76.04 → unknown: unknown
[CACHE MISS] 34.97, -179.4 - calling API...
[SAVED] 34.97, -179.4 → unknown: unknown
[CACHE MISS] -22.36, 57.52 - calling API...
[SAVED] -22.36, 57.52 → unknown: unknown
[CACHE MISS] 11.81, 135.86 - calling API...
[SAVED] 11.81, 135.86 → unknown: unknown
[CACHE MISS] 65.6, -52.36 - calling API...
[SAVED] 65.6, -52.36 → country: Kalaallit Nunaat
[CACHE MISS] 42.59, 47.34 - calling API...
[SAVED] 42.59, 47.34 → country: Россия
[CACHE MISS] -69.55, 73.75 - calling API...
[SAVED] -69.55, 73.75 → unknown: unknown
[CACHE MISS] 36.14, 25.31 - calling API...
[SAVED] 36.14, 25.31 → country: Ελλάς
[CACHE MISS] -5.42, 155.77 - calling API...
[SAVED] -5.42, 155.77 → unknown: unknown
[CACHE MISS] 2.97, 166.71 - calling API...
[SAVED] 2.97, 166.71 → unknown: unknown
[CACHE MISS] 36.3, -170.11 - calling API...
[SAVED] 36.3, -170.11 → unknown: unknown
[CACHE MISS] -14.02, -174.86 - calling API...
[SAVED] -14.02, -174.86 → unknown: unknown
[CACHE MISS] -73.38, -122.23 - calling API...
[SAVED] -73.38, -122.23 → unknown: unknown
[CACHE MISS] 25.09, 164 - calling API...
[SAVED] 25.09, 164 → unknown: unknown
[CACHE MISS] 65.03, -72.13 - calling API...
[SAVED] 65.03, -72.13 → country: Canada
[CACHE MISS] -2.98, 59.66 - calling API...
[SAVED] -2.98, 59.66 → unknown: unknown
[CACHE MISS] -14.04, -156.75 - calling API...
[SAVED] -14.04, -156.75 → unknown: unknown
[CACHE MISS] -29.57, -69.07 - calling API...
[SAVED] -29.57, -69.07 → country: Argentina
[CACHE MISS] 32.35, 173.97 - calling API...
[SAVED] 32.35, 173.97 → unknown: unknown
[CACHE MISS] 65.56, -155.55 - calling API...
[SAVED] 65.56, -155.55 → country: United States
[CACHE MISS] -63.96, 59.8 - calling API...
[SAVED] -63.96, 59.8 → unknown: unknown
[CACHE MISS] 36.42, -104.04 - calling API...
[SAVED] 36.42, -104.04 → country: United States
[CACHE MISS] -5.88, -63.77 - calling API...
[SAVED] -5.88, -63.77 → country: Brasil
[CACHE MISS] -67.06, -53.4 - calling API...
[SAVED] -67.06, -53.4 → unknown: unknown
[CACHE MISS] 58.55, 105.88 - calling API...
[SAVED] 58.55, 105.88 → country: Россия
[CACHE MISS] 15.05, 108.49 - calling API...
[SAVED] 15.05, 108.49 → country: Việt Nam
[CACHE MISS] -16.61, 134.32 - calling API...
[SAVED] -16.61, 134.32 → country: Australia
[CACHE MISS] 27.45, -59.73 - calling API...
[SAVED] 27.45, -59.73 → unknown: unknown
[CACHE MISS] 62.31, 70.33 - calling API...
[SAVED] 62.31, 70.33 → country: Россия
[CACHE MISS] -9.49, -30.09 - calling API...
[SAVED] -9.49, -30.09 → unknown: unknown
[CACHE MISS] 45.04, -8.29 - calling API...
[SAVED] 45.04, -8.29 → unknown: unknown
[CACHE MISS] 44.65, 17.42 - calling API...
[SAVED] 44.65, 17.42 → country: Bosna i Hercegovina / Босна и Херцеговина
[CACHE MISS] 54.77, 83.97 - calling API...
[SAVED] 54.77, 83.97 → country: Россия
[CACHE MISS] -12.62, 34.12 - calling API...
[SAVED] -12.62, 34.12 → country: Malawi
[CACHE MISS] -33.92, 36.45 - calling API...
[SAVED] -33.92, 36.45 → unknown: unknown
[CACHE MISS] 26.22, 34.29 - calling API...
[SAVED] 26.22, 34.29 → country: مصر
[CACHE MISS] 70.44, 168.1 - calling API...
[SAVED] 70.44, 168.1 → unknown: unknown
[CACHE MISS] 9.06, -138.2 - calling API...
[SAVED] 9.06, -138.2 → unknown: unknown
[CACHE MISS] -26.09, 161.92 - calling API...
[SAVED] -26.09, 161.92 → unknown: unknown
[CACHE MISS] -57.88, 149.14 - calling API...
[SAVED] -57.88, 149.14 → unknown: unknown
[CACHE MISS] -70.41, -49.36 - calling API...
[SAVED] -70.41, -49.36 → unknown: unknown
[CACHE MISS] 18.14, -13.18 - calling API...
[SAVED] 18.14, -13.18 → country: Mauritanie موريتانيا
[CACHE MISS] 43.6, -51.1 - calling API...
[SAVED] 43.6, -51.1 → unknown: unknown
[CACHE MISS] -58.51, -79.54 - calling API...
[SAVED] -58.51, -79.54 → unknown: unknown
[CACHE MISS] -66.29, 32.88 - calling API...
[SAVED] -66.29, 32.88 → unknown: unknown
[CACHE MISS] 56.41, -92.7 - calling API...
[SAVED] 56.41, -92.7 → country: Canada
[CACHE MISS] 63.77, 31.76 - calling API...
[SAVED] 63.77, 31.76 → country: Россия
[CACHE MISS] -22.2, 126.59 - calling API...
[SAVED] -22.2, 126.59 → country: Australia
[CACHE MISS] -21.71, 99.31 - calling API...
[SAVED] -21.71, 99.31 → ocean: Indian Ocean
[CACHE MISS] -67.1, -42.27 - calling API...
[SAVED] -67.1, -42.27 → ocean: South Atlantic Ocean
[CACHE MISS] -22.32, 38.14 - calling API...
[SAVED] -22.32, 38.14 → ocean: Mozambique Channel
[CACHE MISS] 58.5, 108.48 - calling API...
[SAVED] 58.5, 108.48 → country: Россия
[CACHE MISS] -0.28, 14.45 - calling API...
[SAVED] -0.28, 14.45 → country: Congo
[CACHE MISS] 10.28, 154.7 - calling API...
[SAVED] 10.28, 154.7 → ocean: North Pacific Ocean
[CACHE MISS] -10.92, -10.48 - calling API...
[SAVED] -10.92, -10.48 → ocean: South Atlantic Ocean
[CACHE MISS] -50.47, 173.83 - calling API...
[SAVED] -50.47, 173.83 → ocean: South Pacific Ocean
[CACHE MISS] -6.58, 21.23 - calling API...
[SAVED] -6.58, 21.23 → country: République démocratique du Congo
[CACHE MISS] 25.12, 19.12 - calling API...
[SAVED] 25.12, 19.12 → country: ليبيا
[CACHE MISS] 7.5, -35.71 - calling API...
[SAVED] 7.5, -35.71 → ocean: North Atlantic Ocean
[CACHE MISS] -39.79, -177.66 - calling API...
[SAVED] -39.79, -177.66 → unknown: unknown
[CACHE MISS] -23.15, -74.93 - calling API...
[SAVED] -23.15, -74.93 → unknown: unknown
[CACHE MISS] -11.31, -56.02 - calling API...
[SAVED] -11.31, -56.02 → country: Brasil
[CACHE MISS] -21.91, 92.7 - calling API...
[SAVED] -21.91, 92.7 → unknown: unknown
[CACHE MISS] 73.35, -27.89 - calling API...
[SAVED] 73.35, -27.89 → country: Kalaallit Nunaat
[CACHE MISS] -54.93, -169.07 - calling API...
[SAVED] -54.93, -169.07 → unknown: unknown
[CACHE MISS] -80.38, -3.63 - calling API...
[SAVED] -80.38, -3.63 → unknown: unknown
[CACHE MISS] 16.16, -129.63 - calling API...
[SAVED] 16.16, -129.63 → unknown: unknown
[CACHE MISS] 46.79, 49.62 - calling API...
[SAVED] 46.79, 49.62 → country: Қазақстан
[CACHE MISS] -14.47, -126.92 - calling API...
[SAVED] -14.47, -126.92 → unknown: unknown
[CACHE MISS] -27.97, -88.02 - calling API...
[SAVED] -27.97, -88.02 → unknown: unknown
[CACHE MISS] -54.23, 37.31 - calling API...
[SAVED] -54.23, 37.31 → unknown: unknown
[CACHE MISS] -57.66, -83.32 - calling API...
[SAVED] -57.66, -83.32 → unknown: unknown
[CACHE MISS] 13.83, 7.3 - calling API...
[SAVED] 13.83, 7.3 → country: Niger
[CACHE MISS] -56.53, -162.66 - calling API...
[SAVED] -56.53, -162.66 → unknown: unknown
[CACHE MISS] -2.02, 119.43 - calling API...
[SAVED] -2.02, 119.43 → country: Indonesia
[CACHE MISS] -71.9, -170.73 - calling API...
[SAVED] -71.9, -170.73 → unknown: unknown
[CACHE MISS] -0.18, 170.34 - calling API...
[SAVED] -0.18, 170.34 → unknown: unknown
[CACHE MISS] -9.52, 43.04 - calling API...
[SAVED] -9.52, 43.04 → unknown: unknown
[CACHE MISS] 4.4, 90.6 - calling API...
[SAVED] 4.4, 90.6 → unknown: unknown
[CACHE MISS] 20.87, -76.89 - calling API...
[SAVED] 20.87, -76.89 → country: Cuba
[CACHE MISS] 59.17, -88.24 - calling API...
[SAVED] 59.17, -88.24 → country: Canada
[CACHE MISS] -65.27, 73 - calling API...
[SAVED] -65.27, 73 → unknown: unknown
[CACHE MISS] 31.35, 144.43 - calling API...
[SAVED] 31.35, 144.43 → unknown: unknown
[CACHE MISS] 79.97, 37.88 - calling API...
[SAVED] 79.97, 37.88 → unknown: unknown
[CACHE MISS] 5.74, 40.42 - calling API...
[SAVED] 5.74, 40.42 → country: ኢትዮጵያ إثيوبيا
[CACHE MISS] 52.45, -143.62 - calling API...
[SAVED] 52.45, -143.62 → unknown: unknown
[CACHE MISS] -66.97, 117.91 - calling API...
[SAVED] -66.97, 117.91 → unknown: unknown
[CACHE MISS] -31.41, 13.85 - calling API...
[SAVED] -31.41, 13.85 → unknown: unknown
[CACHE MISS] 77.09, -110.71 - calling API...
[SAVED] 77.09, -110.71 → country: Canada
[CACHE MISS] 64.01, 11.12 - calling API...
[SAVED] 64.01, 11.12 → country: Norge
[CACHE MISS] -23.81, -8.22 - calling API...
[SAVED] -23.81, -8.22 → unknown: unknown
[CACHE MISS] 32.35, 131.69 - calling API...
[SAVED] 32.35, 131.69 → country: 日本
[CACHE MISS] -52.83, -163.48 - calling API...
[SAVED] -52.83, -163.48 → unknown: unknown
[CACHE MISS] 22.88, -12.71 - calling API...
[SAVED] 22.88, -12.71 → country: Mauritanie موريتانيا
[CACHE MISS] -67.29, 41.75 - calling API...
[SAVED] -67.29, 41.75 → unknown: unknown
[CACHE MISS] 21.19, -114.88 - calling API...
[SAVED] 21.19, -114.88 → unknown: unknown
[CACHE MISS] 3.17, -17.67 - calling API...
[SAVED] 3.17, -17.67 → unknown: unknown
[CACHE MISS] 41.88, 80.48 - calling API...
[SAVED] 41.88, 80.48 → country: 中国
[CACHE MISS] -13.08, -98.24 - calling API...
[SAVED] -13.08, -98.24 → unknown: unknown
[CACHE MISS] 7.57, -3.68 - calling API...
[SAVED] 7.57, -3.68 → country: Côte d’Ivoire
[CACHE MISS] 7.93, 154.78 - calling API...
[SAVED] 7.93, 154.78 → unknown: unknown
[CACHE MISS] 55.38, -130.95 - calling API...
[SAVED] 55.38, -130.95 → country: United States
[CACHE MISS] 28.75, 152.79 - calling API...
[SAVED] 28.75, 152.79 → unknown: unknown
[CACHE MISS] 26.71, 25.41 - calling API...
[SAVED] 26.71, 25.41 → country: مصر
[CACHE MISS] 28.75, 23.65 - calling API...
[SAVED] 28.75, 23.65 → country: ليبيا
[CACHE MISS] 13.34, -106.76 - calling API...
[SAVED] 13.34, -106.76 → unknown: unknown
[CACHE MISS] -42.85, -2.29 - calling API...
[SAVED] -42.85, -2.29 → unknown: unknown
[CACHE MISS] 6.8, -65.23 - calling API...
[SAVED] 6.8, -65.23 → country: Venezuela
[CACHE MISS] 24.65, -140.18 - calling API...
[SAVED] 24.65, -140.18 → unknown: unknown
[CACHE MISS] 41.73, 8.09 - calling API...
[SAVED] 41.73, 8.09 → unknown: unknown
[CACHE MISS] -46.79, -41.24 - calling API...
[SAVED] -46.79, -41.24 → unknown: unknown
[CACHE MISS] 12.06, 120.69 - calling API...
[SAVED] 12.06, 120.69 → country: Philippines
[CACHE MISS] -23.29, -107.13 - calling API...
[SAVED] -23.29, -107.13 → unknown: unknown
[CACHE MISS] -47.27, -68.92 - calling API...
[SAVED] -47.27, -68.92 → country: Argentina
[CACHE MISS] 59.65, 34.19 - calling API...
[SAVED] 59.65, 34.19 → country: Россия
[CACHE MISS] 33.92, 25.19 - calling API...
[SAVED] 33.92, 25.19 → unknown: unknown
[CACHE MISS] -10.57, -178.6 - calling API...
[SAVED] -10.57, -178.6 → unknown: unknown
[CACHE MISS] -57.02, 129.89 - calling API...
[SAVED] -57.02, 129.89 → unknown: unknown
[CACHE MISS] -72.38, -102.83 - calling API...
[SAVED] -72.38, -102.83 → unknown: unknown
[CACHE MISS] -47.71, 91.32 - calling API...
[SAVED] -47.71, 91.32 → unknown: unknown
[CACHE MISS] -10.22, -35.48 - calling API...
[SAVED] -10.22, -35.48 → unknown: unknown
[CACHE MISS] -1.52, -19.45 - calling API...
[SAVED] -1.52, -19.45 → unknown: unknown
[CACHE MISS] 15.49, 22.7 - calling API...
[SAVED] 15.49, 22.7 → country: Tchad تشاد
[CACHE MISS] 5.65, -157.55 - calling API...
[SAVED] 5.65, -157.55 → unknown: unknown
[CACHE MISS] -19.65, -135.06 - calling API...
[SAVED] -19.65, -135.06 → unknown: unknown
[CACHE MISS] -45.9, -110.31 - calling API...
[SAVED] -45.9, -110.31 → unknown: unknown
[CACHE MISS] -42.18, -157.95 - calling API...
[SAVED] -42.18, -157.95 → unknown: unknown
[CACHE MISS] 32.81, -109.4 - calling API...
[SAVED] 32.81, -109.4 → country: United States
[CACHE MISS] 13.27, -107 - calling API...
[SAVED] 13.27, -107 → unknown: unknown
[CACHE MISS] 15.14, 95.84 - calling API...
[SAVED] 15.14, 95.84 → country: မြန်မာ
[CACHE MISS] 61.92, 105.68 - calling API...
[SAVED] 61.92, 105.68 → country: Россия
[CACHE MISS] 41.89, -76.86 - calling API...
[SAVED] 41.89, -76.86 → country: United States
[CACHE MISS] 39.09, 68.7 - calling API...
[SAVED] 39.09, 68.7 → country: Тоҷикистон
[CACHE MISS] 16.05, -89.89 - calling API...
[SAVED] 16.05, -89.89 → country: Guatemala
[CACHE MISS] -11.6, 125.52 - calling API...
[SAVED] -11.6, 125.52 → unknown: unknown
[CACHE MISS] 46.62, 165.66 - calling API...
[SAVED] 46.62, 165.66 → unknown: unknown
[CACHE MISS] 43.27, 77.87 - calling API...
[SAVED] 43.27, 77.87 → country: Қазақстан
[CACHE MISS] -6.42, 161.95 - calling API...
[SAVED] -6.42, 161.95 → unknown: unknown
[CACHE MISS] 36.54, 145.26 - calling API...
[SAVED] 36.54, 145.26 → unknown: unknown
[CACHE MISS] -62.49, 12.45 - calling API...
[SAVED] -62.49, 12.45 → unknown: unknown
[CACHE MISS] 51.08, -32.76 - calling API...
[SAVED] 51.08, -32.76 → unknown: unknown
[CACHE MISS] -53.05, -18.07 - calling API...
[SAVED] -53.05, -18.07 → unknown: unknown
[CACHE MISS] 27.56, -167.11 - calling API...
[SAVED] 27.56, -167.11 → unknown: unknown
[CACHE MISS] 12.27, -102.85 - calling API...
[SAVED] 12.27, -102.85 → unknown: unknown
[CACHE MISS] -10.67, 143.99 - calling API...
[SAVED] -10.67, 143.99 → unknown: unknown
[CACHE MISS] -9.22, -146.15 - calling API...
[SAVED] -9.22, -146.15 → unknown: unknown
[CACHE MISS] 5.9, -164.77 - calling API...
[SAVED] 5.9, -164.77 → unknown: unknown
[CACHE MISS] 24.69, -163.74 - calling API...
[SAVED] 24.69, -163.74 → unknown: unknown
[CACHE MISS] -17.78, 23.1 - calling API...
[SAVED] -17.78, 23.1 → country: Namibia
[CACHE MISS] 62.71, 141.02 - calling API...
[SAVED] 62.71, 141.02 → country: Россия
[CACHE MISS] 44.95, -45.69 - calling API...
[SAVED] 44.95, -45.69 → unknown: unknown
[CACHE MISS] -39.02, 49.91 - calling API...
[SAVED] -39.02, 49.91 → unknown: unknown
[CACHE MISS] -21.31, 87.9 - calling API...
[SAVED] -21.31, 87.9 → unknown: unknown
[CACHE MISS] 51.74, 0.7 - calling API...
[SAVED] 51.74, 0.7 → country: United Kingdom
[CACHE MISS] 49.79, 35.45 - calling API...
[SAVED] 49.79, 35.45 → country: Україна
[CACHE MISS] -10.6, 36.08 - calling API...
[SAVED] -10.6, 36.08 → country: Tanzania
[CACHE MISS] -35.51, 128.23 - calling API...
[SAVED] -35.51, 128.23 → unknown: unknown
[CACHE MISS] 21.45, -73.37 - calling API...
[SAVED] 21.45, -73.37 → country: The Bahamas
[CACHE MISS] 51.74, 23.23 - calling API...
[SAVED] 51.74, 23.23 → country: Polska
[CACHE MISS] 28.52, 0.07 - calling API...
[SAVED] 28.52, 0.07 → country: Algérie ⵍⵣⵣⴰⵢⴻⵔ الجزائر
[CACHE MISS] -0.87, 131.89 - calling API...
[SAVED] -0.87, 131.89 → country: Indonesia
[CACHE MISS] -26.42, -172.06 - calling API...
[SAVED] -26.42, -172.06 → unknown: unknown
[CACHE MISS] 4.19, -33.56 - calling API...
[SAVED] 4.19, -33.56 → unknown: unknown
[CACHE MISS] -58.62, -161.52 - calling API...
[SAVED] -58.62, -161.52 → unknown: unknown
[CACHE MISS] -32.2, -9.97 - calling API...
[SAVED] -32.2, -9.97 → unknown: unknown
[CACHE MISS] -78.72, -115.62 - calling API...
[SAVED] -78.72, -115.62 → unknown: unknown
[CACHE MISS] 30.14, 54.74 - calling API...
[SAVED] 30.14, 54.74 → country: ایران
[CACHE MISS] -49.24, 41.04 - calling API...
[SAVED] -49.24, 41.04 → unknown: unknown
[CACHE MISS] 5.7, -84.87 - calling API...
[SAVED] 5.7, -84.87 → unknown: unknown
[CACHE MISS] -25.68, 74.76 - calling API...
[SAVED] -25.68, 74.76 → unknown: unknown
[CACHE MISS] 31.35, -67.02 - calling API...
[SAVED] 31.35, -67.02 → unknown: unknown

✅ Batch complete: 1 API calls made, 1999 from cache


🔨 Step 4: Building trajectory data structure...
   ✓ Created 1000 trajectory records

💾 Step 5: Writing processed data to disk...
   ✓ Saved to: /home/nina/automated-data-ops/fetchedDataFiles/processed.json

📊 Processing Statistics:
   - Balloons processed: 1000
   - Unique coordinates: 2000
   - Output file size: 196.55 KB

============================================================
✅ Balloon data processing complete!

[01:40:23.480] INFO (450448): 
============================================================
[01:40:23.480] INFO (450448): 
📤 Pushing to GitHub...

